<?xml version="1.0" encoding="UTF-8"?>
<Entities
 build="b222"
 majorVersion="8"
 minorVersion="5"
 modelPersistenceProviderPackage="PostgresPersistenceProviderPackage"
 revision="4"
 schemaVersion="1053"
 universal="">
    <StyleDefinitions>
        <StyleDefinition
         description=""
         documentationContent=""
         homeMashup=""
         lastModifiedDate="2020-04-14T07:50:41.275Z"
         name="BayerProductPlanGridStatusCompleted"
         projectName="BayerIoT"
         tags="Applications:Bayer">
            <avatar></avatar>
            <DesignTimePermissions>
                <Create></Create>
                <Read></Read>
                <Update></Update>
                <Delete></Delete>
                <Metadata></Metadata>
            </DesignTimePermissions>
            <RunTimePermissions></RunTimePermissions>
            <VisibilityPermissions>
                <Visibility>
                    <Principal
                     isPermitted="true"
                     name="Bayer:PerformanceDashboard"
                     type="OrganizationalUnit"></Principal>
                </Visibility>
            </VisibilityPermissions>
            <ConfigurationTableDefinitions></ConfigurationTableDefinitions>
            <ConfigurationTables></ConfigurationTables>
            <content>
            <![CDATA[
            {
              "backgroundColor" : "rgba(193,211,156,1)",
              "displayString" : "",
              "fontEmphasisBold" : true,
              "fontEmphasisItalic" : false,
              "fontEmphasisUnderline" : false,
              "foregroundColor" : "rgba(18,18,18,1)",
              "image" : "",
              "lineColor" : "rgba(192,192,192,1)",
              "lineStyle" : "solid",
              "lineThickness" : "1",
              "secondaryBackgroundColor" : "rgba(182,211,122,1)",
              "textSize" : "normal"
            }
            ]]>
            </content>
        </StyleDefinition>
    </StyleDefinitions>
</Entities>
