<?xml version="1.0" encoding="UTF-8"?>
<Entities
 build="b222"
 majorVersion="8"
 minorVersion="5"
 modelPersistenceProviderPackage="PostgresPersistenceProviderPackage"
 revision="4"
 schemaVersion="1053"
 universal="">
    <Mashups>
        <Mashup
         aspect.isFlex="true"
         aspect.isResponsive="true"
         aspect.mashupType="mashup"
         columns="0.0"
         description="showing in popup BayerShiftTrackingMashup, triggered by clicking &quot;Near Misses/Accidents&quot; container"
         documentationContent=""
         homeMashup=""
         lastModifiedDate="2021-02-23T04:55:01.286Z"
         name="BayerSafetyAddIssueMashup"
         projectName="BayerIoT"
         rows="0.0"
         tags="Applications:Bayer">
            <avatar></avatar>
            <DesignTimePermissions>
                <Create></Create>
                <Read>
                    <Principal
                     isPermitted="true"
                     name="App.BayerPerformanceDashboard"
                     type="Group"></Principal>
                </Read>
                <Update></Update>
                <Delete></Delete>
                <Metadata></Metadata>
            </DesignTimePermissions>
            <RunTimePermissions></RunTimePermissions>
            <VisibilityPermissions>
                <Visibility>
                    <Principal
                     isPermitted="true"
                     name="Bayer:PerformanceDashboard"
                     type="OrganizationalUnit"></Principal>
                </Visibility>
            </VisibilityPermissions>
            <ConfigurationTableDefinitions></ConfigurationTableDefinitions>
            <ConfigurationTables></ConfigurationTables>
            <ParameterDefinitions>
                <FieldDefinition
                 aspect.bindingDirection="IN"
                 aspect.isMandatory="false"
                 aspect.ordinal="0"
                 baseType="THINGNAME"
                 description=""
                 name="productionLine"
                 ordinal="0"></FieldDefinition>
            </ParameterDefinitions>
            <Things>
                <Thing>BayerUtilities</Thing>
                <Thing>BayerSafetyAddIssuePage</Thing>
            </Things>
            <ThingShapes></ThingShapes>
            <ThingTemplates>
                <ThingTemplate>BayerProductionLine</ThingTemplate>
            </ThingTemplates>
            <mashupContent>
            <![CDATA[
            {
              "CustomMashupCss" : ".widget-textarea {\n    margin:5px;\n}\n\n.input-invalid {\n    border-color: red;\n}",
              "Data" : {
                "DynamicThingTemplates_BayerProductionLine" : {
                  "DataName" : "DynamicThingTemplates_BayerProductionLine",
                  "EntityName" : "BayerProductionLine",
                  "EntityType" : "DynamicThingTemplates",
                  "Id" : "217deb5a-0446-43ca-8745-73366122f720",
                  "Services" : [ {
                    "APIMethod" : "post",
                    "Characteristic" : "Services",
                    "Id" : "b9b50999-0b18-4271-a0d9-c7d06cd37d95",
                    "Name" : "AddSafetyIssue",
                    "Parameters" : { },
                    "RefreshInterval" : 0,
                    "Target" : "AddSafetyIssue"
                  }, {
                    "APIMethod" : "post",
                    "Characteristic" : "Services",
                    "Id" : "0153ddc9-2262-49ba-a168-2b8f64338d78",
                    "Name" : "GetSafetyIssues",
                    "Parameters" : { },
                    "RefreshInterval" : 0,
                    "Target" : "GetSafetyIssues"
                  }, {
                    "APIMethod" : "post",
                    "Characteristic" : "Services",
                    "Id" : "ad952039-0ee8-455a-9e63-ca1e1757c311",
                    "Name" : "DeleteSafetyIssue",
                    "Parameters" : { },
                    "RefreshInterval" : 0,
                    "Target" : "DeleteSafetyIssue"
                  } ]
                },
                "Session" : {
                  "DataName" : "Session",
                  "EntityName" : "",
                  "EntityType" : "Session",
                  "Id" : "session",
                  "Services" : [ {
                    "APIMethod" : "post",
                    "Characteristic" : "Services",
                    "Id" : "SessionInterface",
                    "Name" : "GetGlobalSessionValues",
                    "Parameters" : { },
                    "RefreshInterval" : 0,
                    "Target" : "GetGlobalSessionValues"
                  } ]
                },
                "Things_BayerSafetyAddIssuePage" : {
                  "DataName" : "Things_BayerSafetyAddIssuePage",
                  "EntityName" : "BayerSafetyAddIssuePage",
                  "EntityType" : "Things",
                  "Id" : "f7fae3d5-e4f4-4000-871e-19bc51b1d1bb",
                  "Services" : [ {
                    "APIMethod" : "get",
                    "Characteristic" : "Services",
                    "Id" : "e3c9297d-4add-4626-8fa1-27ad74cbde0d",
                    "Name" : "GetProperties",
                    "Parameters" : { },
                    "RefreshInterval" : 0,
                    "Target" : "GetProperties"
                  } ]
                },
                "Things_BayerUtilities" : {
                  "DataName" : "Things_BayerUtilities",
                  "EntityName" : "BayerUtilities",
                  "EntityType" : "Things",
                  "Id" : "b0d34221-5752-440e-89a9-bdd0651730ac",
                  "Services" : [ {
                    "APIMethod" : "post",
                    "Characteristic" : "Services",
                    "Id" : "918a5302-9573-4d06-ac01-824f2ba1b35a",
                    "Name" : "CheckUserInRole",
                    "Parameters" : {
                      "role" : "Role.BayerSuperUser",
                      "role2" : "Role.BayerAdminUser"
                    },
                    "RefreshInterval" : 0,
                    "Target" : "CheckUserInRole"
                  } ]
                },
                "UserExtensions" : {
                  "DataName" : "UserExtensions",
                  "EntityName" : "",
                  "EntityType" : "UserExtensions",
                  "Id" : "UserExtensions",
                  "Services" : [ {
                    "APIMethod" : "post",
                    "Characteristic" : "Services",
                    "Id" : "UserExtensionInterface",
                    "Name" : "GetCurrentUserExtensionProperties",
                    "Parameters" : { },
                    "RefreshInterval" : 0,
                    "Target" : "GetCurrentUserExtensionProperties"
                  } ]
                }
              },
              "DataBindings" : [ {
                "Id" : "97911d26-c19b-4ab9-9286-627447bd8b47",
                "PropertyMaps" : [ {
                  "SourceProperty" : "productionLine",
                  "SourcePropertyBaseType" : "THINGNAME",
                  "SourcePropertyType" : "Property",
                  "TargetProperty" : "productionLine",
                  "TargetPropertyBaseType" : "THINGNAME",
                  "TargetPropertyType" : "Parameter"
                } ],
                "SourceArea" : "Mashup",
                "SourceId" : "mashup-root",
                "SourceSection" : "",
                "TargetArea" : "Data",
                "TargetId" : "AddSafetyIssue",
                "TargetSection" : "DynamicThingTemplates_BayerProductionLine"
              }, {
                "Id" : "3100fd84-1754-4c23-9eb6-23f0d22dc52d",
                "PropertyMaps" : [ {
                  "SourceProperty" : "Text",
                  "SourcePropertyBaseType" : "STRING",
                  "TargetProperty" : "comment",
                  "TargetPropertyBaseType" : "TEXT",
                  "TargetPropertyType" : "Parameter"
                } ],
                "SourceArea" : "UI",
                "SourceId" : "textarea-27",
                "SourceSection" : "",
                "TargetArea" : "Data",
                "TargetId" : "AddSafetyIssue",
                "TargetSection" : "DynamicThingTemplates_BayerProductionLine"
              }, {
                "Id" : "0aac209d-07c6-44c6-8ead-28a98c1abf62",
                "PropertyMaps" : [ {
                  "SourceProperty" : "productionLine",
                  "SourcePropertyBaseType" : "THINGNAME",
                  "TargetProperty" : "productionLine",
                  "TargetPropertyBaseType" : "THINGNAME",
                  "TargetPropertyType" : "Parameter"
                } ],
                "SourceArea" : "Mashup",
                "SourceId" : "mashup-root",
                "SourceSection" : "",
                "TargetArea" : "Data",
                "TargetId" : "GetSafetyIssues",
                "TargetSection" : "DynamicThingTemplates_BayerProductionLine"
              }, {
                "Id" : "d0fdd899-cd07-4cbc-aecd-3d9b2e992812",
                "PropertyMaps" : [ {
                  "SourceProperty" : "productionLine",
                  "SourcePropertyBaseType" : "THINGNAME",
                  "TargetProperty" : "value",
                  "TargetPropertyBaseType" : "THINGNAME",
                  "TargetPropertyType" : "Entity"
                } ],
                "SourceArea" : "Mashup",
                "SourceId" : "mashup-root",
                "SourceSection" : "",
                "TargetArea" : "Data",
                "TargetId" : "EntityName",
                "TargetSection" : "DynamicThingTemplates_BayerProductionLine"
              }, {
                "Id" : "7e39023d-b973-4939-a910-982c2eab5b2e",
                "PropertyMaps" : [ {
                  "SourceProperty" : "issueTypes[SelectedRows].value",
                  "SourcePropertyBaseType" : "STRING",
                  "TargetProperty" : "type",
                  "TargetPropertyBaseType" : "STRING",
                  "TargetPropertyType" : "Parameter"
                } ],
                "SourceArea" : "Data",
                "SourceDetails" : "AllData",
                "SourceId" : "GetProperties",
                "SourceSection" : "Things_BayerSafetyAddIssuePage",
                "TargetArea" : "Data",
                "TargetId" : "AddSafetyIssue",
                "TargetSection" : "DynamicThingTemplates_BayerProductionLine"
              }, {
                "Id" : "3b8c0919-d898-4b4f-ab0d-f8211a7c3b8a",
                "PropertyMaps" : [ {
                  "SourceProperty" : "issueTypes",
                  "SourcePropertyBaseType" : "INFOTABLE",
                  "SourcePropertyType" : "Property",
                  "TargetProperty" : "Data",
                  "TargetPropertyBaseType" : "INFOTABLE",
                  "TargetPropertyType" : "property"
                } ],
                "SourceArea" : "Data",
                "SourceDetails" : "AllData",
                "SourceId" : "GetProperties",
                "SourceSection" : "Things_BayerSafetyAddIssuePage",
                "TargetArea" : "UI",
                "TargetId" : "dhxlist-36",
                "TargetSection" : ""
              }, {
                "Id" : "084450f5-1693-4193-be45-486a868f94e4",
                "PropertyMaps" : [ {
                  "SourceProperty" : "type",
                  "SourcePropertyBaseType" : "STRING",
                  "TargetProperty" : "type",
                  "TargetPropertyBaseType" : "STRING",
                  "TargetPropertyType" : "Parameter"
                } ],
                "SourceArea" : "Data",
                "SourceDetails" : "SelectedRows",
                "SourceId" : "GetSafetyIssues",
                "SourceSection" : "DynamicThingTemplates_BayerProductionLine",
                "TargetArea" : "Data",
                "TargetId" : "DeleteSafetyIssue",
                "TargetSection" : "DynamicThingTemplates_BayerProductionLine"
              }, {
                "Id" : "6e2672e4-2f35-4e5c-9751-c2f8e67d1d9d",
                "PropertyMaps" : [ {
                  "SourceProperty" : "ID",
                  "SourcePropertyBaseType" : "INTEGER",
                  "TargetProperty" : "ID",
                  "TargetPropertyBaseType" : "INTEGER",
                  "TargetPropertyType" : "Parameter"
                } ],
                "SourceArea" : "Data",
                "SourceDetails" : "SelectedRows",
                "SourceId" : "GetSafetyIssues",
                "SourceSection" : "DynamicThingTemplates_BayerProductionLine",
                "TargetArea" : "Data",
                "TargetId" : "DeleteSafetyIssue",
                "TargetSection" : "DynamicThingTemplates_BayerProductionLine"
              }, {
                "Id" : "8cd4c955-c4cb-464d-86f6-9039c0fee805",
                "PropertyMaps" : [ {
                  "SourceProperty" : "Output",
                  "SourcePropertyBaseType" : "BOOLEAN",
                  "SourcePropertyType" : "Property",
                  "TargetProperty" : "Disabled",
                  "TargetPropertyBaseType" : "BOOLEAN",
                  "TargetPropertyType" : "property"
                } ],
                "SourceArea" : "UI",
                "SourceId" : "expression-39",
                "SourceSection" : "",
                "TargetArea" : "UI",
                "TargetId" : "button-38",
                "TargetSection" : ""
              }, {
                "Id" : "f375eced-3f27-4549-8d76-17e860dea582",
                "PropertyMaps" : [ {
                  "SourceProperty" : "ID",
                  "SourcePropertyBaseType" : "INTEGER",
                  "SourcePropertyType" : "Field",
                  "TargetProperty" : "rowId",
                  "TargetPropertyBaseType" : "NUMBER",
                  "TargetPropertyType" : "property"
                } ],
                "SourceArea" : "Data",
                "SourceDetails" : "SelectedRows",
                "SourceId" : "GetSafetyIssues",
                "SourceSection" : "DynamicThingTemplates_BayerProductionLine",
                "TargetArea" : "UI",
                "TargetId" : "expression-39",
                "TargetSection" : ""
              }, {
                "Id" : "26ae5066-f5d2-49ee-8213-228601e35849",
                "PropertyMaps" : [ {
                  "SourceProperty" : "result",
                  "SourcePropertyBaseType" : "BOOLEAN",
                  "SourcePropertyType" : "Field",
                  "TargetProperty" : "Expanded",
                  "TargetPropertyBaseType" : "BOOLEAN",
                  "TargetPropertyType" : "property"
                } ],
                "SourceArea" : "Data",
                "SourceDetails" : "AllData",
                "SourceId" : "CheckUserInRole",
                "SourceSection" : "Things_BayerUtilities",
                "TargetArea" : "UI",
                "TargetId" : "flexcontainer-32",
                "TargetSection" : ""
              }, {
                "Id" : "903fa4b6-3046-47cd-8343-bca8d0ebb4b3",
                "PropertyMaps" : [ {
                  "SourceProperty" : "result",
                  "SourcePropertyBaseType" : "BOOLEAN",
                  "SourcePropertyType" : "Field",
                  "TargetProperty" : "Expanded",
                  "TargetPropertyBaseType" : "BOOLEAN",
                  "TargetPropertyType" : "property"
                } ],
                "SourceArea" : "Data",
                "SourceDetails" : "AllData",
                "SourceId" : "CheckUserInRole",
                "SourceSection" : "Things_BayerUtilities",
                "TargetArea" : "UI",
                "TargetId" : "flexcontainer-10",
                "TargetSection" : ""
              }, {
                "Id" : "c23a7d17-a250-43be-a5e7-482c5032259f",
                "PropertyMaps" : [ {
                  "SourceProperty" : "result",
                  "SourcePropertyBaseType" : "BOOLEAN",
                  "SourcePropertyType" : "Field",
                  "TargetProperty" : "Expanded",
                  "TargetPropertyBaseType" : "BOOLEAN",
                  "TargetPropertyType" : "property"
                } ],
                "SourceArea" : "Data",
                "SourceDetails" : "AllData",
                "SourceId" : "CheckUserInRole",
                "SourceSection" : "Things_BayerUtilities",
                "TargetArea" : "UI",
                "TargetId" : "flexcontainer-3",
                "TargetSection" : ""
              }, {
                "Id" : "fd195930-42eb-4ad7-ad7d-6ede73e133cb",
                "PropertyMaps" : [ {
                  "SourceProperty" : "",
                  "SourcePropertyBaseType" : "INFOTABLE",
                  "SourcePropertyType" : "InfoTable",
                  "TargetProperty" : "Data",
                  "TargetPropertyBaseType" : "INFOTABLE",
                  "TargetPropertyType" : "property"
                } ],
                "SourceArea" : "Data",
                "SourceDetails" : "AllData",
                "SourceId" : "GetSafetyIssues",
                "SourceSection" : "DynamicThingTemplates_BayerProductionLine",
                "TargetArea" : "UI",
                "TargetId" : "dhxgrid-9",
                "TargetSection" : ""
              } ],
              "DesignTimePermissions" : {
                "Create" : [ ],
                "Delete" : [ ],
                "Metadata" : [ ],
                "Read" : [ {
                  "isPermitted" : true,
                  "name" : "App.BayerPerformanceDashboard",
                  "type" : "Group"
                } ],
                "Update" : [ ]
              },
              "Events" : [ {
                "EventHandlerArea" : "Data",
                "EventHandlerId" : "Things_BayerSafetyAddIssuePage",
                "EventHandlerService" : "GetProperties",
                "EventTriggerArea" : "Mashup",
                "EventTriggerEvent" : "Loaded",
                "EventTriggerId" : "mashup-root",
                "EventTriggerSection" : "",
                "Id" : "a11b3186-b8cd-4339-ad56-689a169960a8"
              }, {
                "EventHandlerArea" : "Data",
                "EventHandlerId" : "DynamicThingTemplates_BayerProductionLine",
                "EventHandlerService" : "GetSafetyIssues",
                "EventTriggerArea" : "Mashup",
                "EventTriggerEvent" : "productionLineChanged",
                "EventTriggerId" : "mashup-root",
                "EventTriggerSection" : "",
                "Id" : "2fcd0d4c-8c03-44a2-9009-fe13f06bac9d"
              }, {
                "EventHandlerArea" : "Data",
                "EventHandlerId" : "DynamicThingTemplates_BayerProductionLine",
                "EventHandlerService" : "AddSafetyIssue",
                "EventTriggerArea" : "UI",
                "EventTriggerEvent" : "Clicked",
                "EventTriggerId" : "button-33",
                "EventTriggerSection" : "",
                "Id" : "e0806c5d-d6df-4045-93b9-c74d8ab9b601"
              }, {
                "EventHandlerArea" : "Mashup",
                "EventHandlerId" : "mashup-root",
                "EventHandlerService" : "CloseIfPopup",
                "EventTriggerArea" : "Data",
                "EventTriggerEvent" : "ServiceInvokeCompleted",
                "EventTriggerId" : "AddSafetyIssue",
                "EventTriggerSection" : "DynamicThingTemplates_BayerProductionLine",
                "Id" : "3bb8059a-ccdb-4ee9-9ee8-57b81c5696c9"
              }, {
                "EventHandlerArea" : "Data",
                "EventHandlerId" : "DynamicThingTemplates_BayerProductionLine",
                "EventHandlerService" : "DeleteSafetyIssue",
                "EventTriggerArea" : "UI",
                "EventTriggerEvent" : "Clicked",
                "EventTriggerId" : "button-38",
                "EventTriggerSection" : "",
                "Id" : "1e08044e-e01f-49bc-952c-8e07f706c2fa"
              }, {
                "EventHandlerArea" : "Data",
                "EventHandlerId" : "DynamicThingTemplates_BayerProductionLine",
                "EventHandlerService" : "GetSafetyIssues",
                "EventTriggerArea" : "Data",
                "EventTriggerEvent" : "ServiceInvokeCompleted",
                "EventTriggerId" : "DeleteSafetyIssue",
                "EventTriggerSection" : "DynamicThingTemplates_BayerProductionLine",
                "Id" : "e969a858-575d-4acf-9cc8-2ef2435d558b"
              }, {
                "EventHandlerArea" : "UI",
                "EventHandlerId" : "expression-39",
                "EventHandlerService" : "Evaluate",
                "EventTriggerArea" : "Data",
                "EventTriggerEvent" : "SelectedRowsChanged",
                "EventTriggerId" : "GetSafetyIssues",
                "EventTriggerSection" : "DynamicThingTemplates_BayerProductionLine",
                "Id" : "e250da9e-9a79-42ad-9773-42563ccd4a0f"
              }, {
                "EventHandlerArea" : "UI",
                "EventHandlerId" : "expression-39",
                "EventHandlerService" : "Evaluate",
                "EventTriggerArea" : "Data",
                "EventTriggerEvent" : "ServiceInvokeCompleted",
                "EventTriggerId" : "GetSafetyIssues",
                "EventTriggerSection" : "DynamicThingTemplates_BayerProductionLine",
                "Id" : "15f3dbef-b4df-4161-9553-1047040add9c"
              }, {
                "EventHandlerArea" : "Data",
                "EventHandlerId" : "Things_BayerUtilities",
                "EventHandlerService" : "CheckUserInRole",
                "EventTriggerArea" : "Mashup",
                "EventTriggerEvent" : "Loaded",
                "EventTriggerId" : "mashup-root",
                "EventTriggerSection" : "",
                "Id" : "41412ec2-23e1-41d7-b8a0-bbf8d7fff298"
              } ],
              "RunTimePermissions" : {
                "permissions" : [ ]
              },
              "UI" : {
                "Properties" : {
                  "AddToDashboardButton" : "SimplePlus",
                  "AddToDashboardButtonStyle" : "DefaultAddToDashboardButtonStyle",
                  "Area" : "Mashup",
                  "BGImage" : "",
                  "BGImageRepeat" : "no-repeat",
                  "BGImageSize" : "auto",
                  "Columns" : 0,
                  "ConfigureGadgetButton" : "SimpleGear",
                  "ConfigureGadgetButtonStyle" : "DefaultConfigureGadgetButtonStyle",
                  "DisplayName" : "Mashup",
                  "EnableParameterEditing" : false,
                  "Height" : 618,
                  "Id" : "mashup-root",
                  "IgnoreWarningsInViewMashup" : false,
                  "IsPrintLayout" : false,
                  "Left" : 0,
                  "MashupToEditGadget" : "DefaultMashupToEditGadget",
                  "MinHeight" : 0,
                  "MinWidth" : 0,
                  "ResponsiveLayout" : true,
                  "Rows" : 0,
                  "ShowDataLoading" : true,
                  "Style" : "DefaultMashupStyle",
                  "StyleTheme" : "Base Theme",
                  "Title" : "",
                  "TitleBar" : false,
                  "TitleBarStyle" : "DefaultTitleBarStyle",
                  "TitleBarText" : "Gadget Title Here",
                  "Top" : 0,
                  "Type" : "mashup",
                  "UseMasterTheme" : false,
                  "UseTheme" : false,
                  "UseThemeForHybrids" : false,
                  "Visible" : true,
                  "Width" : 1024,
                  "Z-index" : 10,
                  "__TypeDisplayName" : "Mashup",
                  "_currentParameterDefs" : [ {
                    "Aspects" : {
                      "bindingDirection" : "IN",
                      "isMandatory" : false
                    },
                    "BaseType" : "THINGNAME",
                    "Description" : "",
                    "ParameterName" : "productionLine"
                  } ],
                  "flex-grow" : 0,
                  "id_index" : 43,
                  "supportsAutoResize" : true
                },
                "Widgets" : [ {
                  "Properties" : {
                    "Area" : "UI",
                    "DisplayName" : "flexcontainer-2",
                    "EnableExpandCollapse" : false,
                    "Expanded" : true,
                    "Id" : "flexcontainer-2",
                    "LastContainer" : true,
                    "ResponsiveLayout" : true,
                    "ShowDataLoading" : true,
                    "ShowExpandCollapseTab" : false,
                    "SourceURL" : "",
                    "Style" : "DefaultContainerStyle",
                    "StyleProperties" : { },
                    "Type" : "flexcontainer",
                    "UseTheme" : false,
                    "Visible" : true,
                    "Z-index" : 10,
                    "__TypeDisplayName" : "Flex Container",
                    "align-content" : "flex-start",
                    "align-items" : "flex-start",
                    "flex-basis" : "auto",
                    "flex-direction" : "column",
                    "flex-grow" : "1",
                    "flex-height" : 0,
                    "flex-max-height" : "",
                    "flex-max-width" : "",
                    "flex-min-height" : "",
                    "flex-min-width" : "",
                    "flex-shrink" : "0",
                    "flex-size" : "default",
                    "flex-width" : 0,
                    "flex-wrap" : "nowrap",
                    "iconClass" : "widgets-flexcontainer",
                    "isLocked" : true,
                    "justify-content" : "flex-start",
                    "positioning" : "responsive",
                    "userCannotRemove" : true
                  },
                  "Widgets" : [ {
                    "Properties" : {
                      "Area" : "UI",
                      "DisplayName" : "Header",
                      "EnableExpandCollapse" : false,
                      "Expanded" : true,
                      "Id" : "flexcontainer-4",
                      "LastContainer" : false,
                      "ResponsiveLayout" : false,
                      "ShowDataLoading" : true,
                      "ShowExpandCollapseTab" : false,
                      "SourceURL" : "",
                      "Style" : "Bayer_Bar_Blue",
                      "StyleProperties" : { },
                      "Type" : "flexcontainer",
                      "UseTheme" : false,
                      "Visible" : true,
                      "Z-index" : 10,
                      "__TypeDisplayName" : "Flex Container",
                      "align-content" : "flex-start",
                      "align-items" : "center",
                      "flex-basis" : "auto",
                      "flex-direction" : "row",
                      "flex-grow" : "1",
                      "flex-height" : 0,
                      "flex-max-height" : "40px",
                      "flex-max-width" : "",
                      "flex-min-height" : "40px",
                      "flex-min-width" : "",
                      "flex-shrink" : "0",
                      "flex-size" : "fixed",
                      "flex-width" : 0,
                      "flex-wrap" : "nowrap",
                      "iconClass" : "widgets-flexcontainer-fixed",
                      "isLocked" : false,
                      "justify-content" : "flex-start",
                      "positioning" : "responsive",
                      "userCannotRemove" : false
                    },
                    "Widgets" : [ {
                      "Properties" : {
                        "Alignment" : "left",
                        "AllowEllipsis" : false,
                        "Area" : "UI",
                        "CustomClass" : "",
                        "DisplayName" : "label-5",
                        "Height" : 22,
                        "Id" : "label-5",
                        "LastContainer" : false,
                        "Left" : 100,
                        "Margin" : "5",
                        "ResponsiveLayout" : false,
                        "ShowDataLoading" : true,
                        "Style" : "Bayer_ButtonBlue",
                        "Text" : "[[Bayer.ADD]]",
                        "ToolTipField" : "",
                        "ToolTipStyle" : "DefaultTooltipStyle",
                        "Top" : 10,
                        "Type" : "label",
                        "Visible" : true,
                        "Width" : 180,
                        "Z-index" : 10,
                        "__TypeDisplayName" : "Label",
                        "__supportsTooltip" : true
                      },
                      "Widgets" : [ ]
                    } ]
                  }, {
                    "Properties" : {
                      "Area" : "UI",
                      "DisplayName" : "Type",
                      "EnableExpandCollapse" : true,
                      "Expanded" : false,
                      "Id" : "flexcontainer-3",
                      "LastContainer" : false,
                      "ResponsiveLayout" : false,
                      "ShowDataLoading" : true,
                      "ShowExpandCollapseTab" : false,
                      "SourceURL" : "",
                      "Style" : "DefaultContainerStyle",
                      "StyleProperties" : { },
                      "Type" : "flexcontainer",
                      "UseTheme" : false,
                      "Visible" : true,
                      "Z-index" : 10,
                      "__TypeDisplayName" : "Responsive Container",
                      "align-content" : "flex-start",
                      "align-items" : "flex-start",
                      "flex-basis" : "auto",
                      "flex-direction" : "row",
                      "flex-grow" : "1",
                      "flex-height" : 0,
                      "flex-max-height" : "50px",
                      "flex-max-width" : "",
                      "flex-min-height" : "50px",
                      "flex-min-width" : "",
                      "flex-shrink" : "1",
                      "flex-size" : "fixed",
                      "flex-width" : 0,
                      "flex-wrap" : "nowrap",
                      "iconClass" : "widgets-flexcontainer-fixed",
                      "isLocked" : false,
                      "justify-content" : "flex-start",
                      "positioning" : "responsive",
                      "userCannotRemove" : false
                    },
                    "Widgets" : [ {
                      "Properties" : {
                        "Area" : "UI",
                        "DisplayName" : "container-13",
                        "EnableExpandCollapse" : false,
                        "Expanded" : true,
                        "Id" : "flexcontainer-13",
                        "LastContainer" : false,
                        "ResponsiveLayout" : false,
                        "ShowDataLoading" : true,
                        "ShowExpandCollapseTab" : false,
                        "SourceURL" : "",
                        "Style" : "DefaultContainerStyle",
                        "StyleProperties" : { },
                        "Type" : "flexcontainer",
                        "UseTheme" : false,
                        "Visible" : true,
                        "Z-index" : 10,
                        "__TypeDisplayName" : "Responsive Container",
                        "align-content" : "flex-start",
                        "align-items" : "center",
                        "flex-basis" : "auto",
                        "flex-direction" : "row",
                        "flex-grow" : "1",
                        "flex-height" : 0,
                        "flex-max-height" : "",
                        "flex-max-width" : "100px",
                        "flex-min-height" : "",
                        "flex-min-width" : "100px",
                        "flex-shrink" : "1",
                        "flex-size" : "fixed",
                        "flex-width" : 0,
                        "flex-wrap" : "nowrap",
                        "iconClass" : "widgets-flexcontainer-fixed",
                        "isLocked" : false,
                        "justify-content" : "center",
                        "positioning" : "responsive",
                        "userCannotRemove" : false
                      },
                      "Widgets" : [ {
                        "Properties" : {
                          "Alignment" : "left",
                          "AllowEllipsis" : false,
                          "Area" : "UI",
                          "CustomClass" : "",
                          "Description" : "",
                          "DisplayName" : "label-22-type",
                          "Height" : 22,
                          "Id" : "label-22",
                          "LastContainer" : false,
                          "Left" : 20,
                          "Margin" : "5",
                          "ResponsiveLayout" : false,
                          "ShowDataLoading" : true,
                          "Style" : "DefaultLabelStyle",
                          "Text" : "[[type]]",
                          "ToolTipField" : "",
                          "ToolTipStyle" : "DefaultTooltipStyle",
                          "Top" : 10,
                          "Type" : "label",
                          "Visible" : true,
                          "Width" : 75,
                          "Z-index" : 10,
                          "__TypeDisplayName" : "Label",
                          "__supportsTooltip" : true
                        },
                        "Widgets" : [ ]
                      } ]
                    }, {
                      "Properties" : {
                        "Area" : "UI",
                        "DisplayName" : "container-14",
                        "EnableExpandCollapse" : false,
                        "Expanded" : true,
                        "Id" : "flexcontainer-14",
                        "LastContainer" : true,
                        "ResponsiveLayout" : false,
                        "ShowDataLoading" : true,
                        "ShowExpandCollapseTab" : false,
                        "SourceURL" : "",
                        "Style" : "DefaultContainerStyle",
                        "StyleProperties" : { },
                        "Type" : "flexcontainer",
                        "UseTheme" : false,
                        "Visible" : true,
                        "Z-index" : 10,
                        "__TypeDisplayName" : "Responsive Container",
                        "align-content" : "flex-start",
                        "align-items" : "flex-start",
                        "flex-basis" : "auto",
                        "flex-direction" : "row",
                        "flex-grow" : 1,
                        "flex-height" : 0,
                        "flex-max-height" : "",
                        "flex-max-width" : "",
                        "flex-min-height" : "",
                        "flex-min-width" : "",
                        "flex-shrink" : 1,
                        "flex-size" : "default",
                        "flex-width" : 0,
                        "flex-wrap" : "nowrap",
                        "iconClass" : "widgets-flexcontainer",
                        "isLocked" : true,
                        "justify-content" : "flex-start",
                        "positioning" : "responsive",
                        "userCannotRemove" : false
                      },
                      "Widgets" : [ {
                        "Properties" : {
                          "Area" : "UI",
                          "ContainerClass" : "",
                          "DisplayName" : "panel-37",
                          "Height" : 200,
                          "HideScrollbars" : false,
                          "HorizontalAnchor" : "left",
                          "Id" : "panel-37",
                          "LastContainer" : false,
                          "Left" : 100,
                          "ResponsiveLayout" : true,
                          "ShowDataLoading" : true,
                          "Style" : "DefaultContainerStyle",
                          "Top" : 20,
                          "Type" : "panel",
                          "VerticalAnchor" : "top",
                          "Visible" : true,
                          "Width" : 300,
                          "Z-index" : 10,
                          "__TypeDisplayName" : "Panel"
                        },
                        "Widgets" : [ {
                          "Properties" : {
                            "Alignment" : "left",
                            "Area" : "UI",
                            "AutoSelectFirstRow" : true,
                            "ClearIfNoSelection" : false,
                            "ComboDropdownButtonStyle" : "DefaultComboDropdownButtonStyle",
                            "ComboEnableCheckbox" : false,
                            "ComboItemHighlightedStyle" : "DefaultComboItemHighlightedStyle",
                            "ComboTextboxStyle" : "DefaultComboTextboxStyle",
                            "DisableSelectedStyle" : false,
                            "DisplayField" : "name",
                            "DisplayName" : "dhxlist-36",
                            "DropdownButtonStyle" : "DefaultDropdownButtonStyle",
                            "DropdownSelectedStyle" : "DefaultDropdownSelectedStyle",
                            "DropdownStyle" : "DefaultDropdownStyle",
                            "EnableKeyboardSelections" : true,
                            "EnableToolTips" : false,
                            "Height" : 28,
                            "HeightOfDropdownView" : 170,
                            "Id" : "dhxlist-36",
                            "Label" : "",
                            "LabelAlignment" : "left",
                            "LastContainer" : false,
                            "Left" : 5,
                            "ListBackgroundStyle" : "DefaultListBackgroundStyle",
                            "ListFocusStyle" : "DefaultFocusStyle",
                            "ListItemAlternateStyle" : "DefaultListItemAlternateStyle",
                            "ListItemHoverStyle" : "DefaultListItemHoverStyle",
                            "ListItemSelectedStyle" : "DefaultListItemSelectedStyle",
                            "ListItemStyle" : "DefaultListItemStyle",
                            "ListLabelStyle" : "DefaultWidgetLabelStyle",
                            "MultiSelect" : false,
                            "NumberOfItemsInDropdownView" : 6,
                            "NumberOfItemsPerPage" : 500,
                            "ResponsiveLayout" : false,
                            "RowHeight" : 28,
                            "ShowDataLoading" : false,
                            "SingleClickSelectOnTablets" : false,
                            "TabSequence" : -1,
                            "TextIfNoSelectionType" : "editable",
                            "TextVerticalAlignment" : 28,
                            "ToolTipStyle" : "DefaultTooltipStyle",
                            "Top" : 10,
                            "Type" : "dhxlist",
                            "ValueField" : "value",
                            "View" : "dropdown",
                            "Visible" : true,
                            "Width" : 310,
                            "WidthOfDropdownView" : 300,
                            "Z-index" : 10,
                            "__TypeDisplayName" : "List",
                            "__supportsLabel" : true,
                            "__supportsTooltip" : true
                          },
                          "Widgets" : [ ]
                        } ]
                      } ]
                    } ]
                  }, {
                    "Properties" : {
                      "Area" : "UI",
                      "DisplayName" : "Comments",
                      "EnableExpandCollapse" : true,
                      "Expanded" : false,
                      "Id" : "flexcontainer-10",
                      "LastContainer" : false,
                      "ResponsiveLayout" : false,
                      "ShowDataLoading" : true,
                      "ShowExpandCollapseTab" : false,
                      "SourceURL" : "",
                      "Style" : "DefaultContainerStyle",
                      "StyleProperties" : { },
                      "Type" : "flexcontainer",
                      "UseTheme" : false,
                      "Visible" : true,
                      "Z-index" : 10,
                      "__TypeDisplayName" : "Responsive Container",
                      "align-content" : "flex-start",
                      "align-items" : "flex-start",
                      "flex-basis" : "auto",
                      "flex-direction" : "row",
                      "flex-grow" : "1",
                      "flex-height" : 0,
                      "flex-max-height" : "150px",
                      "flex-max-width" : "",
                      "flex-min-height" : "150px",
                      "flex-min-width" : "",
                      "flex-shrink" : "1",
                      "flex-size" : "fixed",
                      "flex-width" : 0,
                      "flex-wrap" : "nowrap",
                      "iconClass" : "widgets-flexcontainer-fixed",
                      "isLocked" : false,
                      "justify-content" : "flex-start",
                      "positioning" : "responsive",
                      "userCannotRemove" : false
                    },
                    "Widgets" : [ {
                      "Properties" : {
                        "Area" : "UI",
                        "DisplayName" : "container-21",
                        "EnableExpandCollapse" : false,
                        "Expanded" : true,
                        "Id" : "flexcontainer-21",
                        "LastContainer" : false,
                        "ResponsiveLayout" : false,
                        "ShowDataLoading" : true,
                        "ShowExpandCollapseTab" : false,
                        "SourceURL" : "",
                        "Style" : "DefaultContainerStyle",
                        "StyleProperties" : { },
                        "Type" : "flexcontainer",
                        "UseTheme" : false,
                        "Visible" : true,
                        "Z-index" : 10,
                        "__TypeDisplayName" : "Responsive Container",
                        "align-content" : "flex-start",
                        "align-items" : "flex-start",
                        "flex-basis" : "auto",
                        "flex-direction" : "row",
                        "flex-grow" : "1",
                        "flex-height" : 0,
                        "flex-max-height" : "",
                        "flex-max-width" : "100px",
                        "flex-min-height" : "",
                        "flex-min-width" : "100px",
                        "flex-shrink" : "1",
                        "flex-size" : "fixed",
                        "flex-width" : 0,
                        "flex-wrap" : "nowrap",
                        "iconClass" : "widgets-flexcontainer-fixed",
                        "isLocked" : false,
                        "justify-content" : "center",
                        "positioning" : "responsive",
                        "userCannotRemove" : false
                      },
                      "Widgets" : [ {
                        "Properties" : {
                          "Alignment" : "left",
                          "AllowEllipsis" : false,
                          "Area" : "UI",
                          "DisplayName" : "label-24",
                          "Height" : 22,
                          "Id" : "label-24",
                          "LastContainer" : false,
                          "Left" : 25,
                          "Margin" : "5",
                          "ResponsiveLayout" : false,
                          "ShowDataLoading" : true,
                          "Style" : "DefaultLabelStyle",
                          "Text" : "[[Bayer.Comments]]",
                          "ToolTipField" : "",
                          "ToolTipStyle" : "DefaultTooltipStyle",
                          "Top" : 40,
                          "Type" : "label",
                          "Visible" : true,
                          "Width" : 75,
                          "Z-index" : 10,
                          "__TypeDisplayName" : "Label",
                          "__supportsTooltip" : true
                        },
                        "Widgets" : [ ]
                      } ]
                    }, {
                      "Properties" : {
                        "Area" : "UI",
                        "DisplayName" : "container-20",
                        "EnableExpandCollapse" : false,
                        "Expanded" : true,
                        "Id" : "flexcontainer-20",
                        "LastContainer" : true,
                        "ResponsiveLayout" : false,
                        "ShowDataLoading" : true,
                        "ShowExpandCollapseTab" : false,
                        "SourceURL" : "",
                        "Style" : "DefaultContainerStyle",
                        "StyleProperties" : { },
                        "Type" : "flexcontainer",
                        "UseTheme" : false,
                        "Visible" : true,
                        "Z-index" : 10,
                        "__TypeDisplayName" : "Responsive Container",
                        "align-content" : "flex-start",
                        "align-items" : "flex-start",
                        "flex-basis" : "auto",
                        "flex-direction" : "row",
                        "flex-grow" : "1",
                        "flex-height" : 0,
                        "flex-max-height" : "",
                        "flex-max-width" : "",
                        "flex-min-height" : "",
                        "flex-min-width" : "",
                        "flex-shrink" : "1",
                        "flex-size" : "default",
                        "flex-width" : 0,
                        "flex-wrap" : "nowrap",
                        "iconClass" : "widgets-flexcontainer",
                        "isLocked" : true,
                        "justify-content" : "flex-start",
                        "positioning" : "responsive",
                        "userCannotRemove" : false
                      },
                      "Widgets" : [ {
                        "Properties" : {
                          "Area" : "UI",
                          "CustomClass" : "input-margin",
                          "DisplayName" : "textarea-27-comment",
                          "Height" : 200,
                          "Id" : "textarea-27",
                          "InnerShadow" : false,
                          "Label" : "",
                          "LabelAlignment" : "left",
                          "LastContainer" : false,
                          "Left" : 20,
                          "ReadOnly" : false,
                          "ResponsiveLayout" : true,
                          "ShowDataLoading" : true,
                          "Style" : "ResponsiveTextAreaStyle",
                          "TabSequence" : 0,
                          "Text" : "",
                          "TextareaFocusStyle" : "DefaultFocusStyle",
                          "TextareaLabelStyle" : "DefaultWidgetLabelStyle",
                          "ToolTipField" : "",
                          "ToolTipStyle" : "DefaultTooltipStyle",
                          "Top" : 35,
                          "Type" : "textarea",
                          "Visible" : true,
                          "Width" : 300,
                          "Z-index" : 10,
                          "__TypeDisplayName" : "TextArea",
                          "__supportsLabel" : true,
                          "__supportsTooltip" : true
                        },
                        "Widgets" : [ ]
                      } ]
                    } ]
                  }, {
                    "Properties" : {
                      "Area" : "UI",
                      "DisplayName" : "container-32",
                      "EnableExpandCollapse" : true,
                      "Expanded" : false,
                      "Id" : "flexcontainer-32",
                      "LastContainer" : false,
                      "ResponsiveLayout" : false,
                      "ShowDataLoading" : true,
                      "ShowExpandCollapseTab" : false,
                      "SourceURL" : "",
                      "Style" : "DefaultContainerStyle",
                      "StyleProperties" : { },
                      "Type" : "flexcontainer",
                      "UseTheme" : false,
                      "Visible" : true,
                      "Z-index" : 10,
                      "__TypeDisplayName" : "Responsive Container",
                      "align-content" : "flex-start",
                      "align-items" : "center",
                      "flex-basis" : "auto",
                      "flex-direction" : "row",
                      "flex-grow" : "1",
                      "flex-height" : 0,
                      "flex-max-height" : "50px",
                      "flex-max-width" : "",
                      "flex-min-height" : "50px",
                      "flex-min-width" : "",
                      "flex-shrink" : "1",
                      "flex-size" : "fixed",
                      "flex-width" : 0,
                      "flex-wrap" : "nowrap",
                      "iconClass" : "widgets-flexcontainer-fixed",
                      "isLocked" : false,
                      "justify-content" : "flex-end",
                      "positioning" : "responsive",
                      "userCannotRemove" : false
                    },
                    "Widgets" : [ {
                      "Properties" : {
                        "ActiveStyle" : "Bayer_ButtonRed",
                        "Area" : "UI",
                        "CancelConfirmationButton" : "button2",
                        "ConfirmationButton1Label" : "Yes",
                        "ConfirmationButton2Label" : "No",
                        "ConfirmationPrompt" : "Delete all selected entries?",
                        "ConfirmationRequired" : true,
                        "ConfirmationTitle" : "Confirm delete",
                        "ContextId" : "",
                        "DefaultConfirmationButton" : "button1",
                        "Disabled" : true,
                        "DisabledStyle" : "Bayer_Bar_Grey",
                        "DisplayName" : "btnDeleteSelected",
                        "FocusStyle" : "Bayer_ButtonRed",
                        "Height" : 30,
                        "HoverStyle" : "Bayer_ButtonRed_h",
                        "IconAlignment" : "left",
                        "Id" : "button-38",
                        "Label" : "[[Bayer.DeleteSelected]]",
                        "LastContainer" : false,
                        "Left" : 10,
                        "Margin" : "5",
                        "ResponsiveLayout" : false,
                        "RoundedCorners" : true,
                        "ShowDataLoading" : true,
                        "SingleClickSelectOnTablets" : true,
                        "Style" : "Bayer_ButtonRed",
                        "TabSequence" : 0,
                        "ToolTipField" : "",
                        "ToolTipStyle" : "DefaultTooltipStyle",
                        "Top" : 300,
                        "Type" : "button",
                        "Visible" : true,
                        "Width" : 152,
                        "Z-index" : 10,
                        "__TypeDisplayName" : "Button",
                        "__supportsTooltip" : true
                      },
                      "Widgets" : [ ]
                    }, {
                      "Properties" : {
                        "ActiveStyle" : "Bayer_ButtonBlue",
                        "Area" : "UI",
                        "CancelConfirmationButton" : "button2",
                        "ConfirmationButton1Label" : "Yes",
                        "ConfirmationButton2Label" : "No",
                        "ConfirmationPrompt" : "Do Action?",
                        "ConfirmationRequired" : false,
                        "ConfirmationTitle" : "Confirm Action",
                        "ContextId" : "",
                        "DefaultConfirmationButton" : "button1",
                        "Disabled" : false,
                        "DisabledStyle" : "DefaultButtonDisabledStyle",
                        "DisplayName" : "btnAdd",
                        "FocusStyle" : "DefaultButtonFocusStyle",
                        "Height" : 30,
                        "HoverStyle" : "Bayer_ButtonGreenHover",
                        "IconAlignment" : "left",
                        "Id" : "button-33",
                        "Label" : "[[Bayer.ADD]]",
                        "LastContainer" : false,
                        "Left" : 325,
                        "Margin" : "5",
                        "ResponsiveLayout" : false,
                        "RoundedCorners" : true,
                        "ShowDataLoading" : true,
                        "SingleClickSelectOnTablets" : true,
                        "Style" : "Bayer_ButtonGreen",
                        "TabSequence" : 0,
                        "ToolTipField" : "",
                        "ToolTipStyle" : "DefaultTooltipStyle",
                        "Top" : 10,
                        "Type" : "button",
                        "Visible" : true,
                        "Width" : 120,
                        "Z-index" : 10,
                        "__TypeDisplayName" : "Button",
                        "__supportsTooltip" : true
                      },
                      "Widgets" : [ ]
                    } ]
                  }, {
                    "Properties" : {
                      "Area" : "UI",
                      "Description" : "Issues",
                      "DisplayName" : "Issues",
                      "EnableExpandCollapse" : false,
                      "Expanded" : true,
                      "Id" : "flexcontainer-42",
                      "LastContainer" : true,
                      "ResponsiveLayout" : false,
                      "ShowDataLoading" : true,
                      "ShowExpandCollapseTab" : false,
                      "SourceURL" : "",
                      "Style" : "DefaultContainerStyle",
                      "StyleProperties" : { },
                      "Type" : "flexcontainer",
                      "UseTheme" : false,
                      "Visible" : true,
                      "Z-index" : 10,
                      "__TypeDisplayName" : "Responsive Container",
                      "align-content" : "flex-start",
                      "align-items" : "flex-start",
                      "flex-basis" : "auto",
                      "flex-direction" : "row",
                      "flex-grow" : "1",
                      "flex-max-height" : "",
                      "flex-max-width" : "",
                      "flex-min-height" : "",
                      "flex-min-width" : "",
                      "flex-shrink" : "1",
                      "flex-size" : "default",
                      "flex-wrap" : "nowrap",
                      "iconClass" : "widgets-flexcontainer",
                      "isLocked" : false,
                      "justify-content" : "flex-start",
                      "positioning" : "responsive",
                      "userCannotRemove" : false
                    },
                    "Widgets" : [ {
                      "Properties" : {
                        "AlignHeader" : false,
                        "Area" : "UI",
                        "AutoSelectFirstRow" : false,
                        "CellTextWrapping" : false,
                        "ColumnFormat" : {
                          "formatInfo" : [ {
                            "Align" : "left",
                            "AllowEdit" : false,
                            "FieldName" : "typeText",
                            "FormatOptions" : {
                              "FormatString" : "full",
                              "formatInfo" : {
                                "FieldName" : "type",
                                "StateDefinition" : "BayerSafetyIssueEntryState",
                                "StateDefinitionType" : "string",
                                "StateFormats" : [ {
                                  "comparator" : "==",
                                  "state" : "BayerSafetyIssueAccidentStyle",
                                  "stateName" : "Accident",
                                  "value" : "accident"
                                }, {
                                  "comparator" : "==",
                                  "state" : "BayerSafetyIssueNearMissStyle",
                                  "stateName" : "Near miss",
                                  "value" : "nearMiss"
                                }, {
                                  "state" : "Bayer_AddStyle",
                                  "stateName" : ""
                                } ]
                              },
                              "renderer" : "STRING",
                              "roundingEnabled" : true
                            },
                            "Title" : "[[Bayer.Type]]",
                            "ValidationExpression" : "",
                            "ValidationMessage" : "",
                            "Width" : "90"
                          }, {
                            "Align" : "center",
                            "AllowEdit" : false,
                            "FieldName" : "comment",
                            "FormatOptions" : {
                              "FormatString" : "",
                              "formatInfo" : {
                                "FieldName" : "",
                                "StateDefinition" : "",
                                "StateDefinitionType" : "fixed",
                                "StateFormats" : [ {
                                  "state" : "",
                                  "stateName" : "fixed"
                                } ]
                              },
                              "renderer" : "DEFAULT",
                              "roundingEnabled" : true
                            },
                            "Title" : "[[Bayer.Comment]]",
                            "ValidationExpression" : "",
                            "ValidationMessage" : "",
                            "Width" : "800"
                          }, {
                            "Align" : "right",
                            "AllowEdit" : false,
                            "FieldName" : "timestamp",
                            "FormatOptions" : {
                              "FormatString" : "[[Bayer.TimeFormat1]]",
                              "formatInfo" : {
                                "FieldName" : "",
                                "StateDefinition" : "",
                                "StateDefinitionType" : "fixed",
                                "StateFormats" : [ {
                                  "state" : "",
                                  "stateName" : "fixed"
                                } ]
                              },
                              "renderer" : "DATETIME",
                              "roundingEnabled" : true
                            },
                            "Title" : "[[Bayer.Timestamp]]",
                            "ValidationExpression" : "",
                            "ValidationMessage" : "",
                            "Width" : "60"
                          } ]
                        },
                        "CurrentScrollTop" : 0,
                        "CustomClass" : "",
                        "DisplayName" : "dhxgrid-9",
                        "FocusStyle" : "DefaultFocusStyle",
                        "GridBackgroundStyle" : "DefaultGridBackgroundStyle",
                        "GridEditableFieldStyle" : "DefaultGridEditableFieldStyle",
                        "GridHeaderStyle" : "Bayer_ButtonBlue",
                        "GridHeaderTextCase" : "capitalize",
                        "GridInvalidFieldStyle" : "DefaultGridInvalidFieldStyle",
                        "Height" : 200,
                        "Id" : "dhxgrid-9",
                        "IsEditable" : false,
                        "IsPrintLayout" : false,
                        "LastContainer" : false,
                        "Left" : 195,
                        "MultiSelect" : false,
                        "ResponsiveLayout" : true,
                        "RowAlternateBackgroundStyle" : "DefaultRowAlternateBackgroundStyle",
                        "RowBackgroundStyle" : "DefaultRowBackgroundStyle",
                        "RowFormat_StateParameters" : [ ],
                        "RowHeight" : 30,
                        "RowHoverStyle" : "DefaultRowHoverStyle",
                        "RowSelectedStyle" : "DefaultRowSelectedStyle",
                        "ScrollTop" : 0,
                        "ShowAllColumns" : false,
                        "ShowDataLoading" : true,
                        "TabSequence" : 0,
                        "Top" : 85,
                        "Type" : "dhxgrid",
                        "Visible" : true,
                        "Width" : 400,
                        "Z-index" : 10,
                        "__TypeDisplayName" : "Grid"
                      },
                      "Widgets" : [ ]
                    } ]
                  }, {
                    "Properties" : {
                      "Area" : "UI",
                      "DisplayName" : "container-43",
                      "EnableExpandCollapse" : true,
                      "Expanded" : false,
                      "Id" : "flexcontainer-43",
                      "LastContainer" : false,
                      "ResponsiveLayout" : false,
                      "ShowDataLoading" : true,
                      "ShowExpandCollapseTab" : false,
                      "SourceURL" : "",
                      "Style" : "DefaultContainerStyle",
                      "StyleProperties" : { },
                      "Type" : "flexcontainer",
                      "UseTheme" : true,
                      "Visible" : true,
                      "Z-index" : 10,
                      "__TypeDisplayName" : "Responsive Container",
                      "align-content" : "flex-start",
                      "align-items" : "flex-start",
                      "flex-basis" : "auto",
                      "flex-direction" : "row",
                      "flex-grow" : "1",
                      "flex-max-height" : "",
                      "flex-max-width" : "",
                      "flex-min-height" : "",
                      "flex-min-width" : "",
                      "flex-shrink" : "1",
                      "flex-size" : "default",
                      "flex-wrap" : "nowrap",
                      "iconClass" : "widgets-flexcontainer",
                      "isLocked" : false,
                      "justify-content" : "flex-start",
                      "positioning" : "responsive",
                      "userCannotRemove" : false
                    },
                    "Widgets" : [ ]
                  } ]
                }, {
                  "Properties" : {
                    "Area" : "UI",
                    "AutoEvaluate" : false,
                    "DataChangeType" : "ALWAYS",
                    "DisplayName" : "isDeleteDisabled",
                    "Expression" : "console.log(\"isDeleteDisabled: rowId='\"+rowId+\"' result='\"+(rowId == undefined || rowId < 1)+\"'\");\n(rowId == undefined || rowId < 1);",
                    "FireOnFirstValue" : false,
                    "Height" : 28,
                    "Id" : "expression-39",
                    "LastContainer" : false,
                    "Left" : 0,
                    "OutputBaseType" : "BOOLEAN",
                    "ShowDataLoading" : true,
                    "Top" : 0,
                    "Type" : "expression",
                    "Visible" : true,
                    "Width" : 200,
                    "Z-index" : 10,
                    "__TypeDisplayName" : "Expression",
                    "_currentParameterDefs" : [ {
                      "BaseType" : "NUMBER",
                      "Description" : "",
                      "ParameterName" : "rowId",
                      "bindingDirection" : "Target",
                      "bindingStatus" : true,
                      "bindingType" : "Property",
                      "isBindingSource" : false,
                      "isBindingTarget" : true,
                      "name" : "rowId"
                    } ]
                  },
                  "Widgets" : [ ]
                } ]
              },
              "mashupType" : "mashup"
            }
            ]]>
            </mashupContent>
            <preview></preview>
        </Mashup>
    </Mashups>
</Entities>
