<?xml version="1.0" encoding="UTF-8"?>
<Entities
 build="b222"
 majorVersion="8"
 minorVersion="5"
 modelPersistenceProviderPackage="PostgresPersistenceProviderPackage"
 revision="4"
 schemaVersion="1053"
 universal="">
    <Mashups>
        <Mashup
         aspect.isResponsive="true"
         aspect.mashupType="mashup"
         columns="0.0"
         description=""
         documentationContent=""
         homeMashup=""
         lastModifiedDate="2021-02-23T04:55:01.239Z"
         name="BayerChangeoverMatrixConfigurationMashup"
         projectName="BayerIoT"
         rows="0.0"
         tags="Applications:Bayer">
            <avatar></avatar>
            <DesignTimePermissions>
                <Create></Create>
                <Read>
                    <Principal
                     isPermitted="true"
                     name="App.BayerPerformanceDashboard"
                     type="Group"></Principal>
                </Read>
                <Update></Update>
                <Delete></Delete>
                <Metadata></Metadata>
            </DesignTimePermissions>
            <RunTimePermissions></RunTimePermissions>
            <VisibilityPermissions>
                <Visibility>
                    <Principal
                     isPermitted="true"
                     name="Bayer:PerformanceDashboard"
                     type="OrganizationalUnit"></Principal>
                </Visibility>
            </VisibilityPermissions>
            <ConfigurationTableDefinitions></ConfigurationTableDefinitions>
            <ConfigurationTables></ConfigurationTables>
            <ParameterDefinitions>
                <FieldDefinition
                 aspect.ordinal="0"
                 baseType="THINGNAME"
                 description=""
                 name="lineName"
                 ordinal="0"></FieldDefinition>
            </ParameterDefinitions>
            <Things>
                <Thing>BayerChangeoverTimeMatrix_ActiveMaterial</Thing>
            </Things>
            <ThingShapes></ThingShapes>
            <ThingTemplates></ThingTemplates>
            <mashupContent>
            <![CDATA[
            {
              "CustomMashupCss" : "",
              "Data" : {
                "Session" : {
                  "DataName" : "Session",
                  "EntityName" : "",
                  "EntityType" : "Session",
                  "Id" : "session",
                  "Services" : [ {
                    "APIMethod" : "post",
                    "Characteristic" : "Services",
                    "Id" : "SessionInterface",
                    "Name" : "GetGlobalSessionValues",
                    "Parameters" : { },
                    "RefreshInterval" : 0,
                    "Target" : "GetGlobalSessionValues"
                  } ]
                },
                "Things_BayerChangeoverTimeMatrix_ActiveMaterial" : {
                  "DataName" : "Things_BayerChangeoverTimeMatrix_ActiveMaterial",
                  "EntityName" : "BayerChangeoverTimeMatrix_ActiveMaterial",
                  "EntityType" : "Things",
                  "Id" : "a15eefe5-a90c-43d9-a05f-82ca1f037cfb",
                  "Services" : [ {
                    "APIMethod" : "post",
                    "Characteristic" : "Services",
                    "Id" : "375a804e-f257-4a2e-bf00-46c06692b466",
                    "Name" : "LoadFromCSV",
                    "Parameters" : { },
                    "Properties" : {
                      "CustomErrorMessage" : "[[service.error]]",
                      "CustomSuccessMessage" : "[[service.succeeded]]",
                      "ShowErrorMessage" : true,
                      "ShowSuccessMessage" : true
                    },
                    "RefreshInterval" : 0,
                    "Target" : "LoadFromCSV"
                  }, {
                    "APIMethod" : "post",
                    "Characteristic" : "Services",
                    "Id" : "bf874814-818a-4fdd-9f7b-b7bcaad21531",
                    "Name" : "GetChangeoverTable",
                    "Parameters" : { },
                    "Properties" : {
                      "CustomErrorMessage" : "[[service.error]]",
                      "ShowErrorMessage" : true,
                      "ShowSuccessMessage" : false
                    },
                    "RefreshInterval" : 0,
                    "Target" : "GetChangeoverTable"
                  } ]
                },
                "UserExtensions" : {
                  "DataName" : "UserExtensions",
                  "EntityName" : "",
                  "EntityType" : "UserExtensions",
                  "Id" : "UserExtensions",
                  "Services" : [ {
                    "APIMethod" : "post",
                    "Characteristic" : "Services",
                    "Id" : "UserExtensionInterface",
                    "Name" : "GetCurrentUserExtensionProperties",
                    "Parameters" : { },
                    "RefreshInterval" : 0,
                    "Target" : "GetCurrentUserExtensionProperties"
                  } ]
                }
              },
              "DataBindings" : [ {
                "Id" : "ba92c4e2-fffb-438c-ad13-04a39d1d4039",
                "PropertyMaps" : [ {
                  "SourceProperty" : "lineName",
                  "SourcePropertyBaseType" : "THINGNAME",
                  "TargetProperty" : "productionLine",
                  "TargetPropertyBaseType" : "THINGNAME",
                  "TargetPropertyType" : "Parameter"
                } ],
                "SourceArea" : "Mashup",
                "SourceId" : "mashup-root",
                "SourceSection" : "",
                "TargetArea" : "Data",
                "TargetId" : "LoadFromCSV",
                "TargetSection" : "Things_BayerChangeoverTimeMatrix_ActiveMaterial"
              }, {
                "Id" : "d1f5ee80-08b0-46f7-94b1-6362f7d8bbac",
                "PropertyMaps" : [ {
                  "SourceProperty" : "lineName",
                  "SourcePropertyBaseType" : "THINGNAME",
                  "TargetProperty" : "productionLine",
                  "TargetPropertyBaseType" : "THINGNAME",
                  "TargetPropertyType" : "Parameter"
                } ],
                "SourceArea" : "Mashup",
                "SourceId" : "mashup-root",
                "SourceSection" : "",
                "TargetArea" : "Data",
                "TargetId" : "GetChangeoverMatrix",
                "TargetSection" : "Things_BayerChangeoverTimeMatrix_ActiveMaterial"
              }, {
                "Id" : "eb8c9ede-892b-4ccb-9553-00db955a4257",
                "PropertyMaps" : [ {
                  "SourceProperty" : "FullPath",
                  "SourcePropertyBaseType" : "STRING",
                  "TargetProperty" : "path",
                  "TargetPropertyBaseType" : "STRING",
                  "TargetPropertyType" : "Parameter"
                } ],
                "SourceArea" : "UI",
                "SourceId" : "fileupload-8",
                "SourceSection" : "",
                "TargetArea" : "Data",
                "TargetId" : "LoadFromCSV",
                "TargetSection" : "Things_BayerChangeoverTimeMatrix_ActiveMaterial"
              }, {
                "Id" : "80fe6625-2b84-4e8d-905f-195cdb98547a",
                "PropertyMaps" : [ {
                  "SourceProperty" : "lineName",
                  "SourcePropertyBaseType" : "THINGNAME",
                  "TargetProperty" : "productionLine",
                  "TargetPropertyBaseType" : "THINGNAME",
                  "TargetPropertyType" : "Parameter"
                } ],
                "SourceArea" : "Mashup",
                "SourceId" : "mashup-root",
                "SourceSection" : "",
                "TargetArea" : "Data",
                "TargetId" : "GetChangeoverTable",
                "TargetSection" : "Things_BayerChangeoverTimeMatrix_ActiveMaterial"
              }, {
                "Id" : "be9da2f8-03a6-407a-a856-e85b469e1a94",
                "PropertyMaps" : [ {
                  "SourceProperty" : "",
                  "SourcePropertyBaseType" : "INFOTABLE",
                  "SourcePropertyType" : "InfoTable",
                  "TargetProperty" : "Data",
                  "TargetPropertyBaseType" : "INFOTABLE",
                  "TargetPropertyType" : "property"
                } ],
                "SourceArea" : "Data",
                "SourceDetails" : "AllData",
                "SourceId" : "GetChangeoverTable",
                "SourceSection" : "Things_BayerChangeoverTimeMatrix_ActiveMaterial",
                "TargetArea" : "UI",
                "TargetId" : "dhxgrid-6",
                "TargetSection" : ""
              } ],
              "DesignTimePermissions" : {
                "Create" : [ ],
                "Delete" : [ ],
                "Metadata" : [ ],
                "Read" : [ ],
                "Update" : [ ]
              },
              "Events" : [ {
                "EventHandlerArea" : "Data",
                "EventHandlerId" : "Things_BayerChangeoverTimeMatrix_ActiveMaterial",
                "EventHandlerService" : "LoadFromCSV",
                "EventTriggerArea" : "UI",
                "EventTriggerEvent" : "UploadComplete",
                "EventTriggerId" : "fileupload-8",
                "EventTriggerSection" : "",
                "Id" : "4b8bde34-d48b-434d-aab9-814674133866"
              }, {
                "EventHandlerArea" : "Data",
                "EventHandlerId" : "Things_BayerChangeoverTimeMatrix_ActiveMaterial",
                "EventHandlerService" : "GetChangeoverTable",
                "EventTriggerArea" : "Mashup",
                "EventTriggerEvent" : "lineNameChanged",
                "EventTriggerId" : "mashup-root",
                "EventTriggerSection" : "",
                "Id" : "738f6025-8978-4e41-80fe-bfae8f9b8ced"
              }, {
                "EventHandlerArea" : "Data",
                "EventHandlerId" : "Things_BayerChangeoverTimeMatrix_ActiveMaterial",
                "EventHandlerService" : "GetChangeoverTable",
                "EventTriggerArea" : "Data",
                "EventTriggerEvent" : "ServiceInvokeCompleted",
                "EventTriggerId" : "LoadFromCSV",
                "EventTriggerSection" : "Things_BayerChangeoverTimeMatrix_ActiveMaterial",
                "Id" : "1b74d9ef-cf7a-4650-acf3-f67e01fc7b70"
              } ],
              "RunTimePermissions" : {
                "permissions" : [ ]
              },
              "UI" : {
                "Properties" : {
                  "AddToDashboardButton" : "SimplePlus",
                  "AddToDashboardButtonStyle" : "DefaultAddToDashboardButtonStyle",
                  "Area" : "Mashup",
                  "BGImage" : "",
                  "BGImageRepeat" : "no-repeat",
                  "BGImageSize" : "auto",
                  "Columns" : 0,
                  "ConfigureGadgetButton" : "SimpleGear",
                  "ConfigureGadgetButtonStyle" : "DefaultConfigureGadgetButtonStyle",
                  "DisplayName" : "Mashup",
                  "EnableParameterEditing" : false,
                  "Height" : 618,
                  "Id" : "mashup-root",
                  "IgnoreWarningsInViewMashup" : false,
                  "IsPrintLayout" : false,
                  "Left" : 0,
                  "MashupToEditGadget" : "DefaultMashupToEditGadget",
                  "MinHeight" : 0,
                  "MinWidth" : 0,
                  "ResponsiveLayout" : true,
                  "Rows" : 0,
                  "ShowDataLoading" : true,
                  "Style" : "DefaultMashupStyle",
                  "StyleTheme" : "PTC Convergence Theme",
                  "Title" : "",
                  "TitleBar" : false,
                  "TitleBarStyle" : "DefaultTitleBarStyle",
                  "TitleBarText" : "Gadget Title Here",
                  "Top" : 0,
                  "Type" : "mashup",
                  "UseMasterTheme" : false,
                  "UseTheme" : false,
                  "Visible" : true,
                  "Width" : 1024,
                  "Z-index" : 10,
                  "__TypeDisplayName" : "Mashup",
                  "_currentParameterDefs" : [ {
                    "BaseType" : "THINGNAME",
                    "Description" : "",
                    "ParameterName" : "lineName"
                  } ],
                  "id_index" : 8,
                  "supportsAutoResize" : true
                },
                "Widgets" : [ {
                  "Properties" : {
                    "Area" : "UI",
                    "Columns" : 1,
                    "DisplayName" : "layout-1",
                    "Footer" : false,
                    "FooterHeight" : 0,
                    "Header" : false,
                    "HeaderHeight" : 0,
                    "Id" : "layout-1",
                    "IncludeSpacingInFixedAreas" : false,
                    "IsPrintLayout" : false,
                    "LastContainer" : false,
                    "Left" : 255,
                    "LeftSidebar" : false,
                    "LeftSidebarWidth" : 0,
                    "Orientation" : "horizontal",
                    "PctColumn1" : 100,
                    "PctColumn2" : 0,
                    "PctColumn3" : 1,
                    "PctColumn4" : 1,
                    "PctColumn5" : 1,
                    "PctColumn6" : 1,
                    "PctColumn7" : 1,
                    "PctColumn8" : 1,
                    "PctRow1" : 50,
                    "PctRow2" : 50,
                    "PctRow3" : 0,
                    "PctRow4" : 0,
                    "PctRow5" : 0,
                    "PctRow6" : 0,
                    "PctRow7" : 0,
                    "PctRow8" : 0,
                    "PrintMarginLeftRight" : 0.5,
                    "PrintMarginTopBottom" : 0.5,
                    "PrintWidth" : 650,
                    "ResponsiveLayout" : true,
                    "RightSidebar" : true,
                    "RightSidebarWidth" : 320,
                    "Rows" : 0,
                    "ShowDataLoading" : true,
                    "Spacing" : 2,
                    "Top" : 200,
                    "Type" : "layout",
                    "Visible" : true,
                    "Z-index" : 10,
                    "__TypeDisplayName" : "Layout"
                  },
                  "Widgets" : [ {
                    "Properties" : {
                      "AnimateExpandCollapse" : true,
                      "Area" : "UI",
                      "BGImageRepeat" : "no-repeat",
                      "BGImageSize" : "auto",
                      "DisplayName" : "Column 1",
                      "ExpandCollapseTabLocation" : "outside",
                      "Expanded" : true,
                      "Id" : "container-2",
                      "LastContainer" : false,
                      "MinHeight" : 0,
                      "MinWidth" : 0,
                      "Overlay" : false,
                      "OverlayIsTransparent" : false,
                      "ResponsiveLayout" : true,
                      "ShowDataLoading" : true,
                      "ShowExpandCollapseTab" : false,
                      "Style" : "DefaultContainerStyle",
                      "TabCollapseStyle" : "DefaultTabCollapseStyle",
                      "TabExpandStyle" : "DefaultTabExpandStyle",
                      "TabHeight" : 36,
                      "TabLocation" : "center",
                      "TabOffset" : 0,
                      "TabWidth" : 36,
                      "Type" : "container",
                      "Visible" : true,
                      "Z-index" : 10,
                      "__TypeDisplayName" : "Container",
                      "userCannotRemove" : true
                    },
                    "Widgets" : [ {
                      "Properties" : {
                        "AlignHeader" : false,
                        "Area" : "UI",
                        "AutoSelectFirstRow" : false,
                        "CellTextWrapping" : false,
                        "ColumnFormat" : {
                          "formatInfo" : [ {
                            "Align" : "left",
                            "AllowEdit" : false,
                            "FieldName" : "sourceCode",
                            "FormatOptions" : {
                              "FormatString" : "full",
                              "renderer" : "STRING"
                            },
                            "Title" : "sourceCode",
                            "ValidationExpression" : "",
                            "ValidationMessage" : "",
                            "Width" : "auto"
                          }, {
                            "Align" : "left",
                            "AllowEdit" : false,
                            "FieldName" : "targetCode",
                            "FormatOptions" : {
                              "FormatString" : "full",
                              "renderer" : "STRING"
                            },
                            "Title" : "targetCode",
                            "ValidationExpression" : "",
                            "ValidationMessage" : "",
                            "Width" : "auto"
                          }, {
                            "Align" : "right",
                            "AllowEdit" : false,
                            "FieldName" : "time",
                            "FormatOptions" : {
                              "FormatString" : "0",
                              "renderer" : "INTEGER"
                            },
                            "Title" : "time",
                            "ValidationExpression" : "",
                            "ValidationMessage" : "",
                            "Width" : "auto"
                          } ]
                        },
                        "CurrentScrollTop" : 0,
                        "DisplayName" : "dhxgrid-6",
                        "FocusStyle" : "DefaultFocusStyle",
                        "GridBackgroundStyle" : "DefaultGridBackgroundStyle",
                        "GridEditableFieldStyle" : "DefaultGridEditableFieldStyle",
                        "GridHeaderStyle" : "DefaultGridHeaderStyle",
                        "GridHeaderTextCase" : "capitalize",
                        "GridInvalidFieldStyle" : "DefaultGridInvalidFieldStyle",
                        "Height" : 200,
                        "Id" : "dhxgrid-6",
                        "IsEditable" : false,
                        "IsPrintLayout" : false,
                        "LastContainer" : false,
                        "Left" : 40,
                        "MultiSelect" : false,
                        "ResponsiveLayout" : true,
                        "RowAlternateBackgroundStyle" : "DefaultRowAlternateBackgroundStyle",
                        "RowBackgroundStyle" : "DefaultRowBackgroundStyle",
                        "RowFormat_StateParameters" : [ ],
                        "RowHeight" : 30,
                        "RowHoverStyle" : "DefaultRowHoverStyle",
                        "RowSelectedStyle" : "DefaultRowSelectedStyle",
                        "ScrollTop" : 0,
                        "ShowAllColumns" : false,
                        "ShowDataLoading" : true,
                        "TabSequence" : 0,
                        "Top" : 190,
                        "Type" : "dhxgrid",
                        "Visible" : true,
                        "Width" : 400,
                        "Z-index" : 10,
                        "__TypeDisplayName" : "Grid"
                      },
                      "Widgets" : [ ]
                    } ]
                  }, {
                    "Properties" : {
                      "AnimateExpandCollapse" : true,
                      "Area" : "UI",
                      "BGImageRepeat" : "no-repeat",
                      "BGImageSize" : "auto",
                      "DisplayName" : "Right Sidebar",
                      "ExpandCollapseTabLocation" : "outside",
                      "Expanded" : true,
                      "Id" : "container-3",
                      "LastContainer" : false,
                      "MinHeight" : 0,
                      "MinWidth" : 0,
                      "Overlay" : false,
                      "OverlayIsTransparent" : false,
                      "ResponsiveLayout" : true,
                      "ShowDataLoading" : true,
                      "ShowExpandCollapseTab" : false,
                      "Style" : "DefaultContainerStyle",
                      "TabCollapseStyle" : "DefaultTabCollapseStyle",
                      "TabExpandStyle" : "DefaultTabExpandStyle",
                      "TabHeight" : 36,
                      "TabLocation" : "center",
                      "TabOffset" : 0,
                      "TabWidth" : 36,
                      "Type" : "container",
                      "Visible" : true,
                      "Z-index" : 10,
                      "__TypeDisplayName" : "Container",
                      "userCannotRemove" : true
                    },
                    "Widgets" : [ {
                      "Properties" : {
                        "Area" : "UI",
                        "ContainerClass" : "",
                        "DisplayName" : "panel-7",
                        "Height" : 200,
                        "HideScrollbars" : false,
                        "HorizontalAnchor" : "left",
                        "Id" : "panel-7",
                        "LastContainer" : false,
                        "Left" : 10,
                        "ResponsiveLayout" : true,
                        "ShowDataLoading" : true,
                        "Style" : "DefaultPanelStyle",
                        "Top" : 20,
                        "Type" : "panel",
                        "VerticalAnchor" : "top",
                        "Visible" : true,
                        "Width" : 300,
                        "Z-index" : 10,
                        "__TypeDisplayName" : "Panel"
                      },
                      "Widgets" : [ {
                        "Properties" : {
                          "AllowedFileTypes" : "",
                          "Area" : "UI",
                          "DisplayName" : "fileupload-8",
                          "DisplayPathTextBox" : false,
                          "DisplayRepositorySelector" : false,
                          "FileName" : "",
                          "FocusStyle" : "DefaultButtonFocusStyle",
                          "FullPath" : "",
                          "Height" : 40,
                          "Id" : "fileupload-8",
                          "LastContainer" : false,
                          "Left" : 5,
                          "Path" : "/",
                          "RepositoryName" : "BayerCSVRepository",
                          "RepositoryStyle" : "DefaultRepositoryStyle",
                          "ResponsiveLayout" : false,
                          "ShowDataLoading" : true,
                          "Style" : "DefaultFileUploadStyle",
                          "TabSequence" : 0,
                          "Top" : 10,
                          "Type" : "fileupload",
                          "Visible" : true,
                          "Width" : 302,
                          "Z-index" : 10,
                          "__TypeDisplayName" : "File Upload"
                        },
                        "Widgets" : [ ]
                      } ]
                    } ]
                  } ]
                } ]
              },
              "mashupType" : "mashup"
            }
            ]]>
            </mashupContent>
            <preview></preview>
        </Mashup>
    </Mashups>
</Entities>
