<?xml version="1.0" encoding="UTF-8"?>
<Entities
 build="b222"
 majorVersion="8"
 minorVersion="5"
 modelPersistenceProviderPackage="PostgresPersistenceProviderPackage"
 revision="4"
 schemaVersion="1053"
 universal="">
    <Mashups>
        <Mashup
         aspect.isResponsive="true"
         aspect.mashupType="mashup"
         columns="0.0"
         description=""
         documentationContent=""
         homeMashup=""
         lastModifiedDate="2021-02-23T04:55:01.309Z"
         name="BayerUploadExcelPopup"
         projectName="BayerIoT"
         rows="0.0"
         tags="Applications:Bayer">
            <avatar></avatar>
            <DesignTimePermissions>
                <Create></Create>
                <Read>
                    <Principal
                     isPermitted="true"
                     name="App.BayerPerformanceDashboard"
                     type="Group"></Principal>
                </Read>
                <Update></Update>
                <Delete></Delete>
                <Metadata></Metadata>
            </DesignTimePermissions>
            <RunTimePermissions></RunTimePermissions>
            <VisibilityPermissions>
                <Visibility>
                    <Principal
                     isPermitted="true"
                     name="Bayer:PerformanceDashboard"
                     type="OrganizationalUnit"></Principal>
                </Visibility>
            </VisibilityPermissions>
            <ConfigurationTableDefinitions></ConfigurationTableDefinitions>
            <ConfigurationTables></ConfigurationTables>
            <ParameterDefinitions>
                <FieldDefinition
                 aspect.ordinal="0"
                 baseType="THINGNAME"
                 description=""
                 name="LineID"
                 ordinal="0"></FieldDefinition>
            </ParameterDefinitions>
            <Things></Things>
            <ThingShapes>
                <ThingShape>BayerProductionManagement</ThingShape>
            </ThingShapes>
            <ThingTemplates></ThingTemplates>
            <mashupContent>
            <![CDATA[
            {
              "CustomMashupCss" : "",
              "Data" : {
                "DynamicThingShapes_BayerProductionManagement" : {
                  "DataName" : "DynamicThingShapes_BayerProductionManagement",
                  "EntityName" : "BayerProductionManagement",
                  "EntityType" : "DynamicThingShapes",
                  "Id" : "f33203cf-4e01-4e2f-9a44-f0b930e9310f",
                  "Services" : [ {
                    "APIMethod" : "post",
                    "Characteristic" : "Services",
                    "Id" : "a6bec457-c542-4b6e-90ee-023101da847f",
                    "Name" : "LoadCSVv2",
                    "Parameters" : { },
                    "Properties" : {
                      "CustomErrorMessage" : "[[service.error]]",
                      "ShowErrorMessage" : true
                    },
                    "RefreshInterval" : 0,
                    "Target" : "LoadCSVv2"
                  } ]
                },
                "Session" : {
                  "DataName" : "Session",
                  "EntityName" : "",
                  "EntityType" : "Session",
                  "Id" : "session",
                  "Services" : [ {
                    "APIMethod" : "post",
                    "Characteristic" : "Services",
                    "Id" : "SessionInterface",
                    "Name" : "GetGlobalSessionValues",
                    "Parameters" : { },
                    "RefreshInterval" : 0,
                    "Target" : "GetGlobalSessionValues"
                  } ]
                },
                "UserExtensions" : {
                  "DataName" : "UserExtensions",
                  "EntityName" : "",
                  "EntityType" : "UserExtensions",
                  "Id" : "UserExtensions",
                  "Services" : [ {
                    "APIMethod" : "post",
                    "Characteristic" : "Services",
                    "Id" : "UserExtensionInterface",
                    "Name" : "GetCurrentUserExtensionProperties",
                    "Parameters" : { },
                    "RefreshInterval" : 0,
                    "Target" : "GetCurrentUserExtensionProperties"
                  } ]
                }
              },
              "DataBindings" : [ {
                "Id" : "7b2aebbf-7123-4f02-b9fe-a6a8470ec823",
                "PropertyMaps" : [ {
                  "SourceProperty" : "FullPath",
                  "SourcePropertyBaseType" : "STRING",
                  "TargetProperty" : "path",
                  "TargetPropertyBaseType" : "STRING",
                  "TargetPropertyType" : "Parameter"
                } ],
                "SourceArea" : "UI",
                "SourceId" : "fileupload-11",
                "SourceSection" : "",
                "TargetArea" : "Data",
                "TargetId" : "LoadCSVv2",
                "TargetSection" : "DynamicThingShapes_BayerProductionManagement"
              }, {
                "Id" : "962e0983-94f4-4504-a1eb-c02bf491bad8",
                "PropertyMaps" : [ {
                  "SourceProperty" : "LineID",
                  "SourcePropertyBaseType" : "THINGNAME",
                  "TargetProperty" : "value",
                  "TargetPropertyBaseType" : "THINGNAME",
                  "TargetPropertyType" : "Entity"
                } ],
                "SourceArea" : "Mashup",
                "SourceId" : "mashup-root",
                "SourceSection" : "",
                "TargetArea" : "Data",
                "TargetId" : "EntityName",
                "TargetSection" : "DynamicThingShapes_BayerProductionManagement"
              } ],
              "DesignTimePermissions" : {
                "Create" : [ ],
                "Delete" : [ ],
                "Metadata" : [ ],
                "Read" : [ ],
                "Update" : [ ]
              },
              "Events" : [ {
                "EventHandlerArea" : "Mashup",
                "EventHandlerId" : "mashup-root",
                "EventHandlerService" : "CloseIfPopup",
                "EventTriggerArea" : "UI",
                "EventTriggerEvent" : "Clicked",
                "EventTriggerId" : "button-22",
                "EventTriggerSection" : "",
                "Id" : "85f5d234-6617-414f-b1af-43969167bf42"
              }, {
                "EventHandlerArea" : "Data",
                "EventHandlerId" : "DynamicThingShapes_BayerProductionManagement",
                "EventHandlerService" : "LoadCSVv2",
                "EventTriggerArea" : "UI",
                "EventTriggerEvent" : "UploadComplete",
                "EventTriggerId" : "fileupload-11",
                "EventTriggerSection" : "",
                "Id" : "e8d5968f-ec90-472c-9204-889ebde60c8f"
              }, {
                "EventHandlerArea" : "Mashup",
                "EventHandlerId" : "mashup-root",
                "EventHandlerService" : "CloseIfPopup",
                "EventTriggerArea" : "Data",
                "EventTriggerEvent" : "ServiceInvokeCompleted",
                "EventTriggerId" : "LoadCSVv2",
                "EventTriggerSection" : "DynamicThingShapes_BayerProductionManagement",
                "Id" : "4b5ad8db-ad7b-41f6-ae7b-af8d150452d3"
              } ],
              "RunTimePermissions" : {
                "permissions" : [ ]
              },
              "UI" : {
                "Properties" : {
                  "AddToDashboardButton" : "SimplePlus",
                  "AddToDashboardButtonStyle" : "DefaultAddToDashboardButtonStyle",
                  "Area" : "Mashup",
                  "BGImage" : "",
                  "BGImageRepeat" : "repeat",
                  "BGImageSize" : "auto",
                  "Columns" : 0,
                  "ConfigureGadgetButton" : "SimpleGear",
                  "ConfigureGadgetButtonStyle" : "DefaultConfigureGadgetButtonStyle",
                  "DisplayName" : "Mashup",
                  "EnableParameterEditing" : false,
                  "Height" : 618,
                  "Id" : "mashup-root",
                  "IgnoreWarningsInViewMashup" : false,
                  "IsPrintLayout" : false,
                  "Left" : 0,
                  "MashupToEditGadget" : "DefaultMashupToEditGadget",
                  "MinHeight" : 0,
                  "MinWidth" : 0,
                  "ResponsiveLayout" : true,
                  "Rows" : 0,
                  "ShowDataLoading" : true,
                  "Style" : "Bayer_PopupBgStyle",
                  "StyleTheme" : "Base Theme",
                  "Title" : "",
                  "TitleBar" : false,
                  "TitleBarStyle" : "DefaultTitleBarStyle",
                  "TitleBarText" : "Gadget Title Here",
                  "Top" : 0,
                  "Type" : "mashup",
                  "UseTheme" : false,
                  "UseThemeForHybrids" : false,
                  "Visible" : true,
                  "Width" : 1024,
                  "Z-index" : 10,
                  "__TypeDisplayName" : "Mashup",
                  "_currentParameterDefs" : [ {
                    "BaseType" : "THINGNAME",
                    "Description" : "",
                    "ParameterName" : "LineID"
                  } ],
                  "id_index" : 25,
                  "supportsAutoResize" : true
                },
                "Widgets" : [ {
                  "Properties" : {
                    "Area" : "UI",
                    "Columns" : 1,
                    "DisplayName" : "layout-1",
                    "Footer" : false,
                    "FooterHeight" : 0,
                    "Header" : false,
                    "HeaderHeight" : 0,
                    "Id" : "layout-1",
                    "IncludeSpacingInFixedAreas" : false,
                    "IsPrintLayout" : false,
                    "Left" : 450,
                    "LeftSidebar" : false,
                    "LeftSidebarWidth" : 0,
                    "Orientation" : "horizontal",
                    "PctColumn1" : 100,
                    "PctColumn2" : 0,
                    "PctColumn3" : 1,
                    "PctColumn4" : 1,
                    "PctColumn5" : 1,
                    "PctColumn6" : 1,
                    "PctColumn7" : 1,
                    "PctColumn8" : 1,
                    "PctRow1" : 50,
                    "PctRow2" : 50,
                    "PctRow3" : 0,
                    "PctRow4" : 0,
                    "PctRow5" : 0,
                    "PctRow6" : 0,
                    "PctRow7" : 0,
                    "PctRow8" : 0,
                    "PrintMarginLeftRight" : 0.5,
                    "PrintMarginTopBottom" : 0.5,
                    "PrintWidth" : 650,
                    "ResponsiveLayout" : true,
                    "RightSidebar" : false,
                    "RightSidebarWidth" : 0,
                    "Rows" : 0,
                    "ShowDataLoading" : true,
                    "Spacing" : 2,
                    "Top" : 225,
                    "Type" : "layout",
                    "Visible" : true,
                    "Z-index" : 10,
                    "__TypeDisplayName" : "Layout"
                  },
                  "Widgets" : [ {
                    "Properties" : {
                      "AnimateExpandCollapse" : true,
                      "Area" : "UI",
                      "BGImageRepeat" : "no-repeat",
                      "BGImageSize" : "auto",
                      "DisplayName" : "Column 1",
                      "ExpandCollapseTabLocation" : "outside",
                      "Expanded" : true,
                      "Id" : "container-3",
                      "MinHeight" : 0,
                      "MinWidth" : 0,
                      "Overlay" : false,
                      "OverlayIsTransparent" : false,
                      "ResponsiveLayout" : true,
                      "ShowDataLoading" : true,
                      "ShowExpandCollapseTab" : false,
                      "Style" : "DefaultContainerStyle",
                      "TabCollapseStyle" : "DefaultTabCollapseStyle",
                      "TabExpandStyle" : "DefaultTabExpandStyle",
                      "TabHeight" : 36,
                      "TabLocation" : "center",
                      "TabOffset" : 0,
                      "TabWidth" : 36,
                      "Type" : "container",
                      "Visible" : true,
                      "Z-index" : 10,
                      "__TypeDisplayName" : "Container",
                      "userCannotRemove" : true
                    },
                    "Widgets" : [ {
                      "Properties" : {
                        "Area" : "UI",
                        "Columns" : 0,
                        "DisplayName" : "layout-5",
                        "Footer" : true,
                        "FooterHeight" : 80,
                        "Header" : true,
                        "HeaderHeight" : 60,
                        "Id" : "layout-5",
                        "IncludeSpacingInFixedAreas" : false,
                        "IsPrintLayout" : false,
                        "Left" : 380,
                        "LeftSidebar" : false,
                        "LeftSidebarWidth" : 0,
                        "Orientation" : "vertical",
                        "PctColumn1" : 50,
                        "PctColumn2" : 50,
                        "PctColumn3" : 1,
                        "PctColumn4" : 1,
                        "PctColumn5" : 1,
                        "PctColumn6" : 1,
                        "PctColumn7" : 1,
                        "PctColumn8" : 1,
                        "PctRow1" : 100,
                        "PctRow2" : 0,
                        "PctRow3" : 0,
                        "PctRow4" : 0,
                        "PctRow5" : 0,
                        "PctRow6" : 0,
                        "PctRow7" : 0,
                        "PctRow8" : 0,
                        "PrintMarginLeftRight" : 0.5,
                        "PrintMarginTopBottom" : 0.5,
                        "PrintWidth" : 650,
                        "ResponsiveLayout" : true,
                        "RightSidebar" : false,
                        "RightSidebarWidth" : 0,
                        "Rows" : 1,
                        "ShowDataLoading" : true,
                        "Spacing" : 0,
                        "Top" : 195,
                        "Type" : "layout",
                        "Visible" : true,
                        "Z-index" : 10,
                        "__TypeDisplayName" : "Layout"
                      },
                      "Widgets" : [ {
                        "Properties" : {
                          "AnimateExpandCollapse" : true,
                          "Area" : "UI",
                          "BGImageRepeat" : "no-repeat",
                          "BGImageSize" : "auto",
                          "DisplayName" : "Header",
                          "ExpandCollapseTabLocation" : "outside",
                          "Expanded" : true,
                          "Id" : "container-6",
                          "MinHeight" : 0,
                          "MinWidth" : 0,
                          "Overlay" : false,
                          "OverlayIsTransparent" : false,
                          "ResponsiveLayout" : true,
                          "ShowDataLoading" : true,
                          "ShowExpandCollapseTab" : false,
                          "Style" : "DefaultContainerStyle",
                          "TabCollapseStyle" : "DefaultTabCollapseStyle",
                          "TabExpandStyle" : "DefaultTabExpandStyle",
                          "TabHeight" : 36,
                          "TabLocation" : "center",
                          "TabOffset" : 0,
                          "TabWidth" : 36,
                          "Type" : "container",
                          "Visible" : true,
                          "Z-index" : 10,
                          "__TypeDisplayName" : "Container",
                          "userCannotRemove" : true
                        },
                        "Widgets" : [ {
                          "Properties" : {
                            "Alignment" : "left",
                            "Area" : "UI",
                            "BackgroundFill" : "content",
                            "DisplayName" : "valuedisplay-9",
                            "Height" : 22,
                            "Id" : "valuedisplay-9",
                            "ImageScaling" : "Width",
                            "Label" : "",
                            "LabelAlignment" : "left",
                            "Left" : 155,
                            "Overflow" : "hidden",
                            "ResponsiveLayout" : true,
                            "ShowDataLoading" : true,
                            "TextIfNoValue" : "[[Bayer.UploadFile]]",
                            "TextIfNoValueOffset" : 0,
                            "TextIfNoValueStyle" : "Bayer_PopupTitle",
                            "TextWrap" : true,
                            "ToolTipField" : "",
                            "ToolTipStyle" : "DefaultTooltipStyle",
                            "Top" : 25,
                            "Type" : "valuedisplay",
                            "UseTheme" : false,
                            "ValueDisplayLabelStyle" : "DefaultWidgetLabelStyle",
                            "ValueDisplayStyle" : "Bayer_PopupTitle",
                            "VerticalAlignment" : "middle",
                            "Visible" : true,
                            "Width" : 100,
                            "Z-index" : 10,
                            "__TypeDisplayName" : "Value Display",
                            "__supportsLabel" : true,
                            "__supportsTooltip" : true
                          },
                          "Widgets" : [ ]
                        } ]
                      }, {
                        "Properties" : {
                          "AnimateExpandCollapse" : true,
                          "Area" : "UI",
                          "BGImageRepeat" : "no-repeat",
                          "BGImageSize" : "auto",
                          "DisplayName" : "Row 1",
                          "ExpandCollapseTabLocation" : "outside",
                          "Expanded" : true,
                          "Id" : "container-7",
                          "MinHeight" : 0,
                          "MinWidth" : 0,
                          "Overlay" : false,
                          "OverlayIsTransparent" : false,
                          "ResponsiveLayout" : true,
                          "ShowDataLoading" : true,
                          "ShowExpandCollapseTab" : false,
                          "Style" : "DefaultContainerStyle",
                          "TabCollapseStyle" : "DefaultTabCollapseStyle",
                          "TabExpandStyle" : "DefaultTabExpandStyle",
                          "TabHeight" : 36,
                          "TabLocation" : "center",
                          "TabOffset" : 0,
                          "TabWidth" : 36,
                          "Type" : "container",
                          "Visible" : true,
                          "Z-index" : 10,
                          "__TypeDisplayName" : "Container",
                          "userCannotRemove" : true
                        },
                        "Widgets" : [ {
                          "Properties" : {
                            "Area" : "UI",
                            "Columns" : 0,
                            "DisplayName" : "layout-23",
                            "Footer" : false,
                            "FooterHeight" : 0,
                            "Header" : true,
                            "HeaderHeight" : 50,
                            "Id" : "layout-23",
                            "IncludeSpacingInFixedAreas" : false,
                            "IsPrintLayout" : false,
                            "Left" : 140,
                            "LeftSidebar" : false,
                            "LeftSidebarWidth" : 0,
                            "Orientation" : "vertical",
                            "PctColumn1" : 50,
                            "PctColumn2" : 50,
                            "PctColumn3" : 1,
                            "PctColumn4" : 1,
                            "PctColumn5" : 1,
                            "PctColumn6" : 1,
                            "PctColumn7" : 1,
                            "PctColumn8" : 1,
                            "PctRow1" : 100,
                            "PctRow2" : 0,
                            "PctRow3" : 0,
                            "PctRow4" : 0,
                            "PctRow5" : 0,
                            "PctRow6" : 0,
                            "PctRow7" : 0,
                            "PctRow8" : 0,
                            "PrintMarginLeftRight" : 0.5,
                            "PrintMarginTopBottom" : 0.5,
                            "PrintWidth" : 650,
                            "ResponsiveLayout" : true,
                            "RightSidebar" : false,
                            "RightSidebarWidth" : 0,
                            "Rows" : 1,
                            "ShowDataLoading" : true,
                            "Spacing" : 0,
                            "Top" : 110,
                            "Type" : "layout",
                            "Visible" : true,
                            "Z-index" : 10,
                            "__TypeDisplayName" : "Layout"
                          },
                          "Widgets" : [ {
                            "Properties" : {
                              "AnimateExpandCollapse" : true,
                              "Area" : "UI",
                              "BGImageRepeat" : "no-repeat",
                              "BGImageSize" : "auto",
                              "DisplayName" : "Header",
                              "ExpandCollapseTabLocation" : "outside",
                              "Expanded" : true,
                              "Id" : "container-24",
                              "MinHeight" : 0,
                              "MinWidth" : 0,
                              "Overlay" : false,
                              "OverlayIsTransparent" : false,
                              "ResponsiveLayout" : true,
                              "ShowDataLoading" : true,
                              "ShowExpandCollapseTab" : false,
                              "Style" : "DefaultContainerStyle",
                              "TabCollapseStyle" : "DefaultTabCollapseStyle",
                              "TabExpandStyle" : "DefaultTabExpandStyle",
                              "TabHeight" : 36,
                              "TabLocation" : "center",
                              "TabOffset" : 0,
                              "TabWidth" : 36,
                              "Type" : "container",
                              "Visible" : true,
                              "Z-index" : 10,
                              "__TypeDisplayName" : "Container",
                              "userCannotRemove" : true
                            },
                            "Widgets" : [ {
                              "Properties" : {
                                "Area" : "UI",
                                "DisplayName" : "panel-10",
                                "Height" : 200,
                                "HideScrollbars" : false,
                                "HorizontalAnchor" : "left",
                                "Id" : "panel-10",
                                "Left" : 310,
                                "ResponsiveLayout" : true,
                                "ShowDataLoading" : true,
                                "Style" : "DefaultContainerStyle",
                                "Top" : 100,
                                "Type" : "panel",
                                "VerticalAnchor" : "top",
                                "Visible" : true,
                                "Width" : 300,
                                "Z-index" : 10,
                                "__TypeDisplayName" : "Panel"
                              },
                              "Widgets" : [ {
                                "Properties" : {
                                  "AllowedFileTypes" : ".csv",
                                  "Area" : "UI",
                                  "DisplayName" : "fileupload-11",
                                  "DisplayPathTextBox" : false,
                                  "DisplayRepositorySelector" : false,
                                  "FileName" : "",
                                  "FocusStyle" : "DefaultButtonFocusStyle",
                                  "FullPath" : "",
                                  "Height" : 40,
                                  "Id" : "fileupload-11",
                                  "Left" : 5,
                                  "MultiFilesSelect" : false,
                                  "Path" : "/csv_files",
                                  "RepositoryName" : "BayerCSVRepository",
                                  "RepositoryStyle" : "DefaultRepositoryStyle",
                                  "ResponsiveLayout" : false,
                                  "ShowDataLoading" : true,
                                  "Style" : "DefaultFileUploadStyle",
                                  "TabSequence" : 0,
                                  "Top" : 0,
                                  "Type" : "fileupload",
                                  "UseTheme" : false,
                                  "Visible" : true,
                                  "Width" : 302,
                                  "Z-index" : 10,
                                  "__TypeDisplayName" : "File Upload"
                                },
                                "Widgets" : [ ]
                              } ]
                            } ]
                          }, {
                            "Properties" : {
                              "AnimateExpandCollapse" : true,
                              "Area" : "UI",
                              "BGImageRepeat" : "no-repeat",
                              "BGImageSize" : "auto",
                              "DisplayName" : "Row 1",
                              "ExpandCollapseTabLocation" : "outside",
                              "Expanded" : true,
                              "Id" : "container-25",
                              "MinHeight" : 0,
                              "MinWidth" : 0,
                              "Overlay" : false,
                              "OverlayIsTransparent" : false,
                              "ResponsiveLayout" : true,
                              "ShowDataLoading" : true,
                              "ShowExpandCollapseTab" : false,
                              "Style" : "DefaultContainerStyle",
                              "TabCollapseStyle" : "DefaultTabCollapseStyle",
                              "TabExpandStyle" : "DefaultTabExpandStyle",
                              "TabHeight" : 36,
                              "TabLocation" : "center",
                              "TabOffset" : 0,
                              "TabWidth" : 36,
                              "Type" : "container",
                              "Visible" : true,
                              "Z-index" : 10,
                              "__TypeDisplayName" : "Container",
                              "userCannotRemove" : true
                            },
                            "Widgets" : [ ]
                          } ]
                        } ]
                      }, {
                        "Properties" : {
                          "AnimateExpandCollapse" : true,
                          "Area" : "UI",
                          "BGImageRepeat" : "no-repeat",
                          "BGImageSize" : "auto",
                          "DisplayName" : "Footer",
                          "ExpandCollapseTabLocation" : "outside",
                          "Expanded" : true,
                          "Id" : "container-8",
                          "MinHeight" : 0,
                          "MinWidth" : 0,
                          "Overlay" : false,
                          "OverlayIsTransparent" : false,
                          "ResponsiveLayout" : true,
                          "ShowDataLoading" : true,
                          "ShowExpandCollapseTab" : false,
                          "Style" : "DefaultContainerStyle",
                          "TabCollapseStyle" : "DefaultTabCollapseStyle",
                          "TabExpandStyle" : "DefaultTabExpandStyle",
                          "TabHeight" : 36,
                          "TabLocation" : "center",
                          "TabOffset" : 0,
                          "TabWidth" : 36,
                          "Type" : "container",
                          "Visible" : true,
                          "Z-index" : 10,
                          "__TypeDisplayName" : "Container",
                          "userCannotRemove" : true
                        },
                        "Widgets" : [ {
                          "Properties" : {
                            "Area" : "UI",
                            "Columns" : 1,
                            "DisplayName" : "layout-12",
                            "Footer" : false,
                            "FooterHeight" : 0,
                            "Header" : false,
                            "HeaderHeight" : 0,
                            "Id" : "layout-12",
                            "IncludeSpacingInFixedAreas" : false,
                            "IsPrintLayout" : false,
                            "Left" : 420,
                            "LeftSidebar" : false,
                            "LeftSidebarWidth" : 0,
                            "Orientation" : "horizontal",
                            "PctColumn1" : 100,
                            "PctColumn2" : 0,
                            "PctColumn3" : 1,
                            "PctColumn4" : 1,
                            "PctColumn5" : 1,
                            "PctColumn6" : 1,
                            "PctColumn7" : 1,
                            "PctColumn8" : 1,
                            "PctRow1" : 50,
                            "PctRow2" : 50,
                            "PctRow3" : 0,
                            "PctRow4" : 0,
                            "PctRow5" : 0,
                            "PctRow6" : 0,
                            "PctRow7" : 0,
                            "PctRow8" : 0,
                            "PrintMarginLeftRight" : 0.5,
                            "PrintMarginTopBottom" : 0.5,
                            "PrintWidth" : 650,
                            "ResponsiveLayout" : true,
                            "RightSidebar" : true,
                            "RightSidebarWidth" : 170,
                            "Rows" : 0,
                            "ShowDataLoading" : true,
                            "Spacing" : 0,
                            "Top" : 30,
                            "Type" : "layout",
                            "Visible" : true,
                            "Z-index" : 10,
                            "__TypeDisplayName" : "Layout"
                          },
                          "Widgets" : [ {
                            "Properties" : {
                              "AnimateExpandCollapse" : true,
                              "Area" : "UI",
                              "BGImageRepeat" : "no-repeat",
                              "BGImageSize" : "auto",
                              "DisplayName" : "Column 1",
                              "ExpandCollapseTabLocation" : "outside",
                              "Expanded" : true,
                              "Id" : "container-14",
                              "MinHeight" : 0,
                              "MinWidth" : 0,
                              "Overlay" : false,
                              "OverlayIsTransparent" : false,
                              "ResponsiveLayout" : true,
                              "ShowDataLoading" : true,
                              "ShowExpandCollapseTab" : false,
                              "Style" : "DefaultContainerStyle",
                              "TabCollapseStyle" : "DefaultTabCollapseStyle",
                              "TabExpandStyle" : "DefaultTabExpandStyle",
                              "TabHeight" : 36,
                              "TabLocation" : "center",
                              "TabOffset" : 0,
                              "TabWidth" : 36,
                              "Type" : "container",
                              "Visible" : true,
                              "Z-index" : 10,
                              "__TypeDisplayName" : "Container",
                              "userCannotRemove" : true
                            },
                            "Widgets" : [ ]
                          }, {
                            "Properties" : {
                              "AnimateExpandCollapse" : true,
                              "Area" : "UI",
                              "BGImageRepeat" : "no-repeat",
                              "BGImageSize" : "auto",
                              "DisplayName" : "Right Sidebar",
                              "ExpandCollapseTabLocation" : "outside",
                              "Expanded" : true,
                              "Id" : "container-15",
                              "MinHeight" : 0,
                              "MinWidth" : 0,
                              "Overlay" : false,
                              "OverlayIsTransparent" : false,
                              "ResponsiveLayout" : true,
                              "ShowDataLoading" : true,
                              "ShowExpandCollapseTab" : false,
                              "Style" : "DefaultContainerStyle",
                              "TabCollapseStyle" : "DefaultTabCollapseStyle",
                              "TabExpandStyle" : "DefaultTabExpandStyle",
                              "TabHeight" : 36,
                              "TabLocation" : "center",
                              "TabOffset" : 0,
                              "TabWidth" : 36,
                              "Type" : "container",
                              "Visible" : true,
                              "Z-index" : 10,
                              "__TypeDisplayName" : "Container",
                              "userCannotRemove" : true
                            },
                            "Widgets" : [ {
                              "Properties" : {
                                "Area" : "UI",
                                "DisplayName" : "panel-21",
                                "Height" : 200,
                                "HideScrollbars" : false,
                                "HorizontalAnchor" : "left",
                                "Id" : "panel-21",
                                "Left" : 30,
                                "ResponsiveLayout" : true,
                                "ShowDataLoading" : true,
                                "Style" : "DefaultContainerStyle",
                                "Top" : 25,
                                "Type" : "panel",
                                "VerticalAnchor" : "top",
                                "Visible" : true,
                                "Width" : 300,
                                "Z-index" : 10,
                                "__TypeDisplayName" : "Panel"
                              },
                              "Widgets" : [ {
                                "Properties" : {
                                  "ActiveStyle" : "Bayer_ButtonRed",
                                  "Area" : "UI",
                                  "CancelConfirmationButton" : "button2",
                                  "ConfirmationButton1Label" : "Yes",
                                  "ConfirmationButton2Label" : "No",
                                  "ConfirmationPrompt" : "Do Action?",
                                  "ConfirmationRequired" : false,
                                  "ConfirmationTitle" : "Confirm Action",
                                  "ContextId" : "",
                                  "DefaultConfirmationButton" : "button1",
                                  "Disabled" : false,
                                  "DisabledStyle" : "Bayer_ButtonRed",
                                  "DisplayName" : "btnClose",
                                  "FocusStyle" : "Bayer_ButtonRed",
                                  "Height" : 40,
                                  "HoverStyle" : "Bayer_ButtonRed_h",
                                  "IconAlignment" : "left",
                                  "Id" : "button-22",
                                  "Label" : "[[Bayer.CANCEL]]",
                                  "Left" : 0,
                                  "ResponsiveLayout" : false,
                                  "RoundedCorners" : true,
                                  "ShowDataLoading" : true,
                                  "SingleClickSelectOnTablets" : true,
                                  "Style" : "Bayer_ButtonRed",
                                  "TabSequence" : 0,
                                  "ToolTipField" : "",
                                  "ToolTipStyle" : "DefaultTooltipStyle",
                                  "Top" : 20,
                                  "Type" : "button",
                                  "Visible" : true,
                                  "Width" : 120,
                                  "Z-index" : 10,
                                  "__TypeDisplayName" : "Button",
                                  "__supportsTooltip" : true
                                },
                                "Widgets" : [ ]
                              } ]
                            } ]
                          } ]
                        } ]
                      } ]
                    } ]
                  } ]
                } ]
              },
              "mashupType" : "mashup"
            }
            ]]>
            </mashupContent>
            <preview></preview>
        </Mashup>
    </Mashups>
</Entities>
