<?xml version="1.0" encoding="UTF-8"?>
<Entities
 build="b222"
 majorVersion="8"
 minorVersion="5"
 modelPersistenceProviderPackage="PostgresPersistenceProviderPackage"
 revision="4"
 schemaVersion="1053"
 universal="">
    <Mashups>
        <Mashup
         aspect.isFlex="true"
         aspect.isResponsive="true"
         aspect.mashupType="mashup"
         columns="0.0"
         description="Configuration Category Selection Mashup"
         documentationContent=""
         homeMashup=""
         lastModifiedDate="2021-02-23T04:55:01.239Z"
         name="BayerConfigSelectMashup"
         projectName="BayerIoT"
         rows="0.0"
         tags="Applications:Bayer">
            <avatar></avatar>
            <DesignTimePermissions>
                <Create></Create>
                <Read>
                    <Principal
                     isPermitted="true"
                     name="App.BayerPerformanceDashboard"
                     type="Group"></Principal>
                </Read>
                <Update></Update>
                <Delete></Delete>
                <Metadata></Metadata>
            </DesignTimePermissions>
            <RunTimePermissions></RunTimePermissions>
            <VisibilityPermissions>
                <Visibility>
                    <Principal
                     isPermitted="true"
                     name="Bayer:PerformanceDashboard"
                     type="OrganizationalUnit"></Principal>
                </Visibility>
            </VisibilityPermissions>
            <ConfigurationTableDefinitions></ConfigurationTableDefinitions>
            <ConfigurationTables></ConfigurationTables>
            <ParameterDefinitions>
                <FieldDefinition
                 aspect.bindingDirection="BOTH"
                 aspect.isMandatory="false"
                 aspect.ordinal="0"
                 baseType="THINGNAME"
                 description=""
                 name="line"
                 ordinal="0"></FieldDefinition>
            </ParameterDefinitions>
            <Things>
                <Thing>BayerConfigPage</Thing>
            </Things>
            <ThingShapes></ThingShapes>
            <ThingTemplates>
                <ThingTemplate>BayerProductionLine</ThingTemplate>
            </ThingTemplates>
            <mashupContent>
            <![CDATA[
            {
              "CustomMashupCss" : ".header-logo img {\n   width: 60px;\n   height: 60px;\n   padding: 5px 20px;\n}\n\n.prodStatusGreen {\n    background-color: limegreen;\n}\n\n.prodStatusOrange {\n    background-color: orange;\n}\n\n.prodStatusRed {\n\tbackground-color: red;\n}\n\n.prodStatusGray {\n    background-color: gray;\n}",
              "Data" : {
                "Session" : {
                  "DataName" : "Session",
                  "EntityName" : "",
                  "EntityType" : "Session",
                  "Id" : "session",
                  "Services" : [ {
                    "APIMethod" : "post",
                    "Characteristic" : "Services",
                    "Id" : "SessionInterface",
                    "Name" : "GetGlobalSessionValues",
                    "Parameters" : { },
                    "RefreshInterval" : 0,
                    "Target" : "GetGlobalSessionValues"
                  } ]
                },
                "Things_BayerConfigPage" : {
                  "DataName" : "Things_BayerConfigPage",
                  "EntityName" : "BayerConfigPage",
                  "EntityType" : "Things",
                  "Id" : "c01a0dc8-030f-4e97-9cd3-1708a45679c1",
                  "Services" : [ {
                    "APIMethod" : "post",
                    "Characteristic" : "Services",
                    "Id" : "272e38e4-47af-4636-8399-62da92896699",
                    "Name" : "GetConfigItems",
                    "Parameters" : { },
                    "RefreshInterval" : 0,
                    "Target" : "GetConfigItems"
                  } ]
                },
                "UserExtensions" : {
                  "DataName" : "UserExtensions",
                  "EntityName" : "",
                  "EntityType" : "UserExtensions",
                  "Id" : "UserExtensions",
                  "Services" : [ {
                    "APIMethod" : "post",
                    "Characteristic" : "Services",
                    "Id" : "UserExtensionInterface",
                    "Name" : "GetCurrentUserExtensionProperties",
                    "Parameters" : { },
                    "RefreshInterval" : 0,
                    "Target" : "GetCurrentUserExtensionProperties"
                  } ]
                }
              },
              "DataBindings" : [ {
                "Id" : "104ceff5-86d5-4b97-9c4d-d9f1a6b9f5f5",
                "PropertyMaps" : [ {
                  "SourceProperty" : "",
                  "SourcePropertyBaseType" : "INFOTABLE",
                  "SourcePropertyType" : "InfoTable",
                  "TargetProperty" : "Data",
                  "TargetPropertyBaseType" : "INFOTABLE",
                  "TargetPropertyType" : "property"
                } ],
                "SourceArea" : "Data",
                "SourceDetails" : "AllData",
                "SourceId" : "GetConfigItems",
                "SourceSection" : "Things_BayerConfigPage",
                "TargetArea" : "UI",
                "TargetId" : "collection-7",
                "TargetSection" : ""
              }, {
                "Id" : "99f06d86-4b11-455d-965e-c09d676c6740",
                "PropertyMaps" : [ {
                  "SourceProperty" : "Event:mashup",
                  "SourcePropertyBaseType" : "MASHUPNAME",
                  "SourcePropertyType" : "Property",
                  "TargetProperty" : "MashupName",
                  "TargetPropertyBaseType" : "MASHUPNAME",
                  "TargetPropertyType" : "property"
                } ],
                "SourceArea" : "UI",
                "SourceId" : "collection-7",
                "SourceSection" : "",
                "TargetArea" : "UI",
                "TargetId" : "navigation-18",
                "TargetSection" : ""
              }, {
                "Id" : "a22308ab-1631-4893-acac-c9287d93e343",
                "PropertyMaps" : [ {
                  "SourceProperty" : "Event:optionId",
                  "SourcePropertyBaseType" : "STRING",
                  "SourcePropertyType" : "Property",
                  "TargetProperty" : "optionId",
                  "TargetPropertyBaseType" : "STRING",
                  "TargetPropertyType" : "property"
                } ],
                "SourceArea" : "UI",
                "SourceId" : "collection-7",
                "SourceSection" : "",
                "TargetArea" : "UI",
                "TargetId" : "validator-36",
                "TargetSection" : ""
              }, {
                "Id" : "2d3e7413-ac74-40a4-8196-d46f4b430dd4",
                "PropertyMaps" : [ {
                  "SourceProperty" : "line",
                  "SourcePropertyBaseType" : "THINGNAME",
                  "SourcePropertyType" : "Property",
                  "TargetProperty" : "line",
                  "TargetPropertyBaseType" : "THINGNAME",
                  "TargetPropertyType" : "property"
                } ],
                "SourceArea" : "Mashup",
                "SourceId" : "mashup-root",
                "SourceSection" : "",
                "TargetArea" : "UI",
                "TargetId" : "navigation-18",
                "TargetSection" : ""
              } ],
              "DesignTimePermissions" : {
                "Create" : [ ],
                "Delete" : [ ],
                "Metadata" : [ ],
                "Read" : [ ],
                "Update" : [ ]
              },
              "Events" : [ {
                "EventHandlerArea" : "Data",
                "EventHandlerId" : "Things_BayerConfigPage",
                "EventHandlerService" : "GetConfigItems",
                "EventTriggerArea" : "Mashup",
                "EventTriggerEvent" : "Loaded",
                "EventTriggerId" : "mashup-root",
                "EventTriggerSection" : "",
                "Id" : "0c58b95e-1e8c-4e39-b8fb-d1d116d46a52"
              }, {
                "EventHandlerArea" : "UI",
                "EventHandlerId" : "navigation-18",
                "EventHandlerService" : "Navigate",
                "EventTriggerArea" : "UI",
                "EventTriggerEvent" : "False",
                "EventTriggerId" : "validator-36",
                "EventTriggerSection" : " ",
                "Id" : "a275167c-5f1a-4f89-b483-1311f5d85c60"
              }, {
                "EventHandlerArea" : "UI",
                "EventHandlerId" : "validator-36",
                "EventHandlerService" : "Evaluate",
                "EventTriggerArea" : "UI",
                "EventTriggerEvent" : "CellWasClicked",
                "EventTriggerId" : "collection-7",
                "EventTriggerSection" : "",
                "Id" : "b0816025-0df3-41b1-a32f-3abb2f6c7a47"
              } ],
              "RunTimePermissions" : {
                "permissions" : [ ]
              },
              "UI" : {
                "Properties" : {
                  "AddToDashboardButton" : "SimplePlus",
                  "AddToDashboardButtonStyle" : "DefaultAddToDashboardButtonStyle",
                  "Area" : "Mashup",
                  "BGImage" : "",
                  "BGImageRepeat" : "no-repeat",
                  "BGImageSize" : "auto",
                  "Columns" : 0,
                  "ConfigureGadgetButton" : "SimpleGear",
                  "ConfigureGadgetButtonStyle" : "DefaultConfigureGadgetButtonStyle",
                  "DisplayName" : "Mashup",
                  "EnableParameterEditing" : false,
                  "Height" : 618,
                  "Id" : "mashup-root",
                  "IgnoreWarningsInViewMashup" : false,
                  "IsPrintLayout" : false,
                  "Left" : 0,
                  "MashupToEditGadget" : "DefaultMashupToEditGadget",
                  "MinHeight" : 0,
                  "MinWidth" : 0,
                  "ResponsiveLayout" : true,
                  "Rows" : 0,
                  "ShowDataLoading" : true,
                  "Style" : "DefaultMashupStyle",
                  "StyleTheme" : "Base Theme",
                  "Title" : "",
                  "TitleBar" : false,
                  "TitleBarStyle" : "DefaultTitleBarStyle",
                  "TitleBarText" : "Gadget Title Here",
                  "Top" : 0,
                  "Type" : "mashup",
                  "UseMasterTheme" : false,
                  "UseTheme" : false,
                  "UseThemeForHybrids" : false,
                  "Visible" : true,
                  "Width" : 1024,
                  "Z-index" : 10,
                  "__TypeDisplayName" : "Mashup",
                  "_currentParameterDefs" : [ {
                    "Aspects" : {
                      "bindingDirection" : "BOTH",
                      "isMandatory" : false
                    },
                    "BaseType" : "THINGNAME",
                    "Description" : "",
                    "ParameterName" : "line"
                  } ],
                  "id_index" : 36,
                  "supportsAutoResize" : true
                },
                "Widgets" : [ {
                  "Properties" : {
                    "Area" : "UI",
                    "DisplayName" : "Container",
                    "EnableExpandCollapse" : false,
                    "Expanded" : true,
                    "Id" : "flexcontainer-2",
                    "LastContainer" : true,
                    "ResponsiveLayout" : true,
                    "ShowDataLoading" : true,
                    "ShowExpandCollapseTab" : false,
                    "SourceURL" : "",
                    "Style" : "DefaultContainerStyle",
                    "StyleProperties" : { },
                    "Type" : "flexcontainer",
                    "UseTheme" : false,
                    "Visible" : true,
                    "Z-index" : 10,
                    "__TypeDisplayName" : "Responsive Container",
                    "align-content" : "flex-start",
                    "align-items" : "flex-start",
                    "flex-basis" : "auto",
                    "flex-direction" : "column",
                    "flex-grow" : 1,
                    "flex-height" : 0,
                    "flex-max-height" : "",
                    "flex-max-width" : "",
                    "flex-min-height" : "",
                    "flex-min-width" : "",
                    "flex-shrink" : 1,
                    "flex-size" : "default",
                    "flex-width" : 0,
                    "flex-wrap" : "nowrap",
                    "iconClass" : "widgets-flexcontainer",
                    "isLocked" : false,
                    "justify-content" : "flex-start",
                    "positioning" : "responsive",
                    "userCannotRemove" : true
                  },
                  "Widgets" : [ {
                    "Properties" : {
                      "Area" : "UI",
                      "CustomClass" : "",
                      "DisplayName" : "Header",
                      "EnableExpandCollapse" : false,
                      "Expanded" : true,
                      "Id" : "flexcontainer-5",
                      "LastContainer" : false,
                      "ResponsiveLayout" : false,
                      "ShowDataLoading" : true,
                      "ShowExpandCollapseTab" : false,
                      "SourceURL" : "",
                      "Style" : "DefaultContainerStyle",
                      "StyleProperties" : { },
                      "Type" : "flexcontainer",
                      "UseTheme" : false,
                      "Visible" : true,
                      "Z-index" : 10,
                      "__TypeDisplayName" : "Responsive Container",
                      "align-content" : "flex-start",
                      "align-items" : "flex-start",
                      "flex-basis" : "auto",
                      "flex-direction" : "row",
                      "flex-grow" : 1,
                      "flex-height" : 0,
                      "flex-max-height" : "70px",
                      "flex-max-width" : "",
                      "flex-min-height" : "70px",
                      "flex-min-width" : "",
                      "flex-shrink" : 1,
                      "flex-size" : "default",
                      "flex-width" : 0,
                      "flex-wrap" : "nowrap",
                      "iconClass" : "widgets-flexcontainer-fixed",
                      "isLocked" : false,
                      "justify-content" : "flex-start",
                      "positioning" : "responsive",
                      "userCannotRemove" : false
                    },
                    "Widgets" : [ {
                      "Properties" : {
                        "Area" : "UI",
                        "CustomClass" : "",
                        "Description" : "Corner-Space",
                        "DisplayName" : "Corner-Space",
                        "EnableExpandCollapse" : false,
                        "Expanded" : true,
                        "Id" : "flexcontainer-24",
                        "LastContainer" : false,
                        "ResponsiveLayout" : false,
                        "ShowDataLoading" : true,
                        "ShowExpandCollapseTab" : false,
                        "SourceURL" : "",
                        "Style" : "DefaultContainerStyle",
                        "StyleProperties" : { },
                        "Type" : "flexcontainer",
                        "UseTheme" : false,
                        "Visible" : true,
                        "Z-index" : 10,
                        "__TypeDisplayName" : "Responsive Container",
                        "align-content" : "flex-start",
                        "align-items" : "center",
                        "flex-basis" : "auto",
                        "flex-direction" : "column",
                        "flex-grow" : 0,
                        "flex-height" : 0,
                        "flex-max-height" : "",
                        "flex-max-width" : "100px",
                        "flex-min-height" : "",
                        "flex-min-width" : "100px",
                        "flex-shrink" : 0,
                        "flex-size" : "default",
                        "flex-width" : 0,
                        "flex-wrap" : "nowrap",
                        "iconClass" : "widgets-flexcontainer-fixed",
                        "isLocked" : false,
                        "justify-content" : "flex-end",
                        "positioning" : "responsive",
                        "userCannotRemove" : false
                      },
                      "Widgets" : [ {
                        "Properties" : {
                          "Area" : "UI",
                          "CustomClass" : "header-logo",
                          "DisplayName" : "container-27",
                          "EnableExpandCollapse" : false,
                          "Expanded" : true,
                          "Id" : "flexcontainer-27",
                          "LastContainer" : false,
                          "ResponsiveLayout" : false,
                          "ShowDataLoading" : true,
                          "ShowExpandCollapseTab" : false,
                          "SourceURL" : "",
                          "Style" : "DefaultContainerStyle",
                          "StyleProperties" : { },
                          "Type" : "flexcontainer",
                          "UseTheme" : false,
                          "Visible" : true,
                          "Z-index" : 10,
                          "__TypeDisplayName" : "Responsive Container",
                          "align-content" : "flex-start",
                          "align-items" : "stretch",
                          "flex-basis" : "auto",
                          "flex-direction" : "column",
                          "flex-grow" : 0,
                          "flex-height" : 0,
                          "flex-max-height" : "69px",
                          "flex-max-width" : "",
                          "flex-min-height" : "69px",
                          "flex-min-width" : "",
                          "flex-shrink" : 0,
                          "flex-size" : "default",
                          "flex-width" : 0,
                          "flex-wrap" : "nowrap",
                          "iconClass" : "widgets-flexcontainer-fixed",
                          "isLocked" : false,
                          "justify-content" : "space-around",
                          "positioning" : "responsive",
                          "userCannotRemove" : false
                        },
                        "Widgets" : [ {
                          "Properties" : {
                            "AlternateText" : "",
                            "Area" : "UI",
                            "BorderStyle" : "DefaultImageBorderStyle",
                            "CustomClass" : "",
                            "Description" : "Image-Logo",
                            "DisplayName" : "Image-Logo",
                            "Height" : 100,
                            "Id" : "image-26",
                            "LastContainer" : false,
                            "Left" : 30,
                            "PreventCaching" : false,
                            "ResponsiveLayout" : true,
                            "Scaling" : "none",
                            "ShowDataLoading" : false,
                            "SourceURL" : "Bayer_Logo",
                            "ToolTipField" : "",
                            "ToolTipStyle" : "DefaultTooltipStyle",
                            "Top" : 25,
                            "Type" : "image",
                            "Visible" : true,
                            "Width" : 100,
                            "Z-index" : 10,
                            "__TypeDisplayName" : "Image",
                            "__supportsTooltip" : true
                          },
                          "Widgets" : [ ]
                        } ]
                      }, {
                        "Properties" : {
                          "Area" : "UI",
                          "DisplayName" : "container-28",
                          "EnableExpandCollapse" : false,
                          "Expanded" : true,
                          "Id" : "flexcontainer-28",
                          "LastContainer" : false,
                          "ResponsiveLayout" : false,
                          "ShowDataLoading" : true,
                          "ShowExpandCollapseTab" : false,
                          "SourceURL" : "",
                          "Style" : "DefaultContainerStyle",
                          "StyleProperties" : { },
                          "Type" : "flexcontainer",
                          "UseTheme" : false,
                          "Visible" : true,
                          "Z-index" : 10,
                          "__TypeDisplayName" : "Responsive Container",
                          "align-content" : "space-between",
                          "align-items" : "center",
                          "flex-basis" : "auto",
                          "flex-direction" : "column",
                          "flex-grow" : 0,
                          "flex-height" : 0,
                          "flex-max-height" : "",
                          "flex-max-width" : "",
                          "flex-min-height" : "",
                          "flex-min-width" : "",
                          "flex-shrink" : 0,
                          "flex-size" : "default",
                          "flex-width" : 0,
                          "flex-wrap" : "nowrap",
                          "iconClass" : "widgets-flexcontainer",
                          "isLocked" : true,
                          "justify-content" : "flex-end",
                          "positioning" : "responsive",
                          "userCannotRemove" : false
                        },
                        "Widgets" : [ {
                          "Properties" : {
                            "Area" : "UI",
                            "DisplayName" : "divider-30",
                            "Height" : 1,
                            "Id" : "divider-30",
                            "LastContainer" : false,
                            "Left" : 8,
                            "Margin" : "0",
                            "ResponsiveLayout" : false,
                            "ShowDataLoading" : false,
                            "Style" : "Bayer_BlueBg",
                            "Top" : 0,
                            "Type" : "divider",
                            "Visible" : true,
                            "Width" : 80,
                            "Z-index" : 10,
                            "__TypeDisplayName" : "Divider"
                          },
                          "Widgets" : [ ]
                        } ]
                      } ]
                    }, {
                      "Properties" : {
                        "Area" : "UI",
                        "CustomClass" : "",
                        "DisplayName" : "container-23",
                        "EnableExpandCollapse" : false,
                        "Expanded" : true,
                        "Id" : "flexcontainer-23",
                        "LastContainer" : false,
                        "ResponsiveLayout" : false,
                        "ShowDataLoading" : true,
                        "ShowExpandCollapseTab" : false,
                        "SourceURL" : "",
                        "Style" : "Bayer_Bar_Blue",
                        "StyleProperties" : { },
                        "Type" : "flexcontainer",
                        "UseTheme" : false,
                        "Visible" : true,
                        "Z-index" : 10,
                        "__TypeDisplayName" : "Responsive Container",
                        "align-content" : "flex-start",
                        "align-items" : "center",
                        "flex-basis" : "auto",
                        "flex-direction" : "row",
                        "flex-grow" : 1,
                        "flex-height" : 0,
                        "flex-max-height" : "",
                        "flex-max-width" : "",
                        "flex-min-height" : "",
                        "flex-min-width" : "",
                        "flex-shrink" : 1,
                        "flex-size" : "default",
                        "flex-width" : 0,
                        "flex-wrap" : "nowrap",
                        "iconClass" : "widgets-flexcontainer",
                        "isLocked" : true,
                        "justify-content" : "flex-start",
                        "positioning" : "responsive",
                        "userCannotRemove" : false
                      },
                      "Widgets" : [ {
                        "Properties" : {
                          "Alignment" : "left",
                          "AllowEllipsis" : false,
                          "Area" : "UI",
                          "CustomClass" : "",
                          "DisplayName" : "label-19",
                          "Height" : 22,
                          "Id" : "label-19",
                          "LastContainer" : false,
                          "Left" : 265,
                          "Margin" : "5",
                          "ResponsiveLayout" : false,
                          "ShowDataLoading" : true,
                          "Style" : "Bayer_WhiteTitleBig",
                          "Text" : "Configuration",
                          "ToolTipField" : "",
                          "ToolTipStyle" : "DefaultTooltipStyle",
                          "Top" : 40,
                          "Type" : "label",
                          "Visible" : true,
                          "Width" : 270,
                          "Z-index" : 10,
                          "__TypeDisplayName" : "Label",
                          "__supportsTooltip" : true
                        },
                        "Widgets" : [ ]
                      }, {
                        "Properties" : {
                          "Alignment" : "left",
                          "Area" : "UI",
                          "ClickOutsideToClose" : false,
                          "Description" : "Nav-MashupTarget",
                          "DisplayName" : "Nav-MashupTarget",
                          "FixedPopupHeight" : 0,
                          "FixedPopupWidth" : 0,
                          "Height" : 30,
                          "Icon" : "",
                          "IconAlignment" : "left",
                          "Id" : "navigation-18",
                          "LastContainer" : false,
                          "Left" : 100,
                          "Margin" : "5",
                          "MashupName" : "BayerMainMashup",
                          "MashupParameters" : [ {
                            "BaseType" : "THINGNAME",
                            "Description" : "",
                            "ParameterName" : "line",
                            "ParmDef" : {
                              "aspects" : {
                                "bindingDirection" : "IN",
                                "isMandatory" : "false",
                                "ordinal" : "0"
                              },
                              "baseType" : "THINGNAME",
                              "description" : "",
                              "name" : "line",
                              "ordinal" : 0
                            }
                          } ],
                          "MessageToShow" : "Mashup must be selected",
                          "ModalPopupOpacity" : 0.5,
                          "NavigationActiveStyle" : "DefaultNavigationActiveStyle",
                          "NavigationFocusStyle" : "DefaultNavigationFocusStyle",
                          "NavigationHoverStyle" : "DefaultNavigationHoverStyle",
                          "PopupScrolling" : "auto",
                          "PopupTitle" : "",
                          "PopupTitleStyle" : "DefaultPopupTitleStyle",
                          "ReloadOnReplace" : false,
                          "ResponsiveLayout" : false,
                          "RoundedCorners" : true,
                          "ShowCloseButton" : true,
                          "ShowDataLoading" : false,
                          "ShowMessageIfNoMashup" : false,
                          "SingleClickSelectOnTablets" : true,
                          "Style" : "DefaultNavigationStyle",
                          "TabSequence" : 0,
                          "TargetWindow" : "replace",
                          "Text" : "navigate",
                          "ToolTipField" : "",
                          "ToolTipStyle" : "DefaultTooltipStyle",
                          "Top" : 20,
                          "Transparent" : false,
                          "Type" : "navigation",
                          "UseTheme" : false,
                          "Visible" : false,
                          "Width" : 200,
                          "Z-index" : 10,
                          "__TypeDisplayName" : "Navigation",
                          "__supportsTooltip" : true
                        },
                        "Widgets" : [ ]
                      } ]
                    } ]
                  }, {
                    "Properties" : {
                      "Area" : "UI",
                      "Description" : "Container-Content",
                      "DisplayName" : "Container-Content",
                      "EnableExpandCollapse" : false,
                      "Expanded" : true,
                      "Id" : "flexcontainer-4",
                      "LastContainer" : false,
                      "ResponsiveLayout" : false,
                      "ShowDataLoading" : true,
                      "ShowExpandCollapseTab" : false,
                      "SourceURL" : "",
                      "Style" : "DefaultContainerStyle",
                      "StyleProperties" : { },
                      "Type" : "flexcontainer",
                      "UseTheme" : false,
                      "Visible" : true,
                      "Z-index" : 10,
                      "__TypeDisplayName" : "Responsive Container",
                      "align-content" : "flex-start",
                      "align-items" : "flex-start",
                      "flex-basis" : "auto",
                      "flex-direction" : "row",
                      "flex-grow" : 1,
                      "flex-height" : 0,
                      "flex-max-height" : "",
                      "flex-max-width" : "",
                      "flex-min-height" : "",
                      "flex-min-width" : "",
                      "flex-shrink" : 0,
                      "flex-size" : "default",
                      "flex-width" : 0,
                      "flex-wrap" : "wrap",
                      "iconClass" : "widgets-flexcontainer",
                      "isLocked" : true,
                      "justify-content" : "flex-start",
                      "positioning" : "responsive",
                      "userCannotRemove" : false
                    },
                    "Widgets" : [ {
                      "Properties" : {
                        "Area" : "UI",
                        "Description" : "LS-Space",
                        "DisplayName" : "LS-Space",
                        "EnableExpandCollapse" : false,
                        "Expanded" : true,
                        "Id" : "flexcontainer-34",
                        "LastContainer" : false,
                        "ResponsiveLayout" : false,
                        "ShowDataLoading" : true,
                        "ShowExpandCollapseTab" : false,
                        "SourceURL" : "",
                        "Style" : "DefaultContainerStyle",
                        "StyleProperties" : { },
                        "Type" : "flexcontainer",
                        "UseTheme" : false,
                        "Visible" : true,
                        "Z-index" : 10,
                        "__TypeDisplayName" : "Responsive Container",
                        "align-content" : "flex-start",
                        "align-items" : "flex-start",
                        "flex-basis" : "auto",
                        "flex-direction" : "column",
                        "flex-grow" : 1,
                        "flex-height" : 0,
                        "flex-max-height" : "",
                        "flex-max-width" : "99px",
                        "flex-min-height" : "",
                        "flex-min-width" : "99px",
                        "flex-shrink" : 1,
                        "flex-size" : "default",
                        "flex-width" : 0,
                        "flex-wrap" : "nowrap",
                        "iconClass" : "widgets-flexcontainer-fixed",
                        "isLocked" : false,
                        "justify-content" : "flex-start",
                        "positioning" : "responsive",
                        "userCannotRemove" : false
                      },
                      "Widgets" : [ ]
                    }, {
                      "Properties" : {
                        "Area" : "UI",
                        "DisplayName" : "Container-Collection",
                        "EnableExpandCollapse" : false,
                        "Expanded" : true,
                        "Id" : "flexcontainer-33",
                        "LastContainer" : false,
                        "ResponsiveLayout" : false,
                        "ShowDataLoading" : true,
                        "ShowExpandCollapseTab" : false,
                        "SourceURL" : "",
                        "Style" : "Bayer_LightGreyBg",
                        "StyleProperties" : { },
                        "Type" : "flexcontainer",
                        "UseTheme" : false,
                        "Visible" : true,
                        "Z-index" : 10,
                        "__TypeDisplayName" : "Responsive Container",
                        "align-content" : "flex-start",
                        "align-items" : "flex-start",
                        "flex-basis" : "auto",
                        "flex-direction" : "row",
                        "flex-grow" : "1",
                        "flex-height" : 0,
                        "flex-max-height" : "",
                        "flex-max-width" : "",
                        "flex-min-height" : "",
                        "flex-min-width" : "",
                        "flex-shrink" : "1",
                        "flex-size" : "default",
                        "flex-width" : 0,
                        "flex-wrap" : "wrap",
                        "iconClass" : "widgets-flexcontainer",
                        "isLocked" : true,
                        "justify-content" : "flex-start",
                        "positioning" : "responsive",
                        "userCannotRemove" : false
                      },
                      "Widgets" : [ {
                        "Properties" : {
                          "AllowSelection" : false,
                          "AlwaysUseCustomScrollerOniOS" : true,
                          "Area" : "UI",
                          "AutoSelectFirstRow" : false,
                          "BottomPadding" : 22,
                          "CellActiveStyle" : "DefaultCollectionCellActiveStyle",
                          "CellBorderRadius" : 0,
                          "CellBoxShadow" : "",
                          "CellHoverStyle" : "DefaultCollectionCellHoverStyle",
                          "CellMashupSelectedField" : "",
                          "CellMenuStatesIconGravity" : "Left",
                          "CellMenuStatesIconSize" : 16,
                          "CellMenuStatesOrientation" : "Horizontal",
                          "CellMenuStatesUseBuiltin" : false,
                          "CellMultipleSelectionType" : "Disabled",
                          "CellPointer" : "Auto",
                          "CellSelectedStyle" : "DefaultCollectionCellSelectedStyle",
                          "CellStyle" : "DefaultCollectionCellStyle",
                          "CustomClass" : "",
                          "Description" : "Collection-ConfigOptions",
                          "DisableWrapping" : false,
                          "DisplayName" : "Collection-ConfigOptions",
                          "FlowLayoutAlignment" : "Top",
                          "FlowLayoutContentGravity" : "Top",
                          "FlowLayoutGravity" : "Spaced",
                          "FooterHeight" : 44,
                          "FooterSectionParam" : "",
                          "HandleSelectionUpdates" : true,
                          "HasSelectedCells" : false,
                          "HeaderHeight" : 44,
                          "HeaderSectionParam" : "",
                          "Height" : 300,
                          "Id" : "collection-7",
                          "ItemLoadBehavior" : "loadAll",
                          "LastContainer" : false,
                          "Left" : 425,
                          "LeftAlignFinalRow" : true,
                          "Mashup" : "BayerConfigSelectCellMashup",
                          "MashupGlobalPropertyBinding" : "{}",
                          "MashupHeight" : 200,
                          "MashupPropertyBinding" : {
                            "mashup" : "targetMashup",
                            "optionId" : "optionId",
                            "title" : "configName"
                          },
                          "MashupWidth" : 200,
                          "MinimumSpacing" : 10,
                          "MultiSelect" : false,
                          "OffScreenBufferFactor" : 0.1,
                          "PinFootersToBottom" : false,
                          "PinHeadersToTop" : false,
                          "PlaysIntroAnimation" : false,
                          "ResponsiveLayout" : true,
                          "RippleEffectStyle" : "DefaultCollectionRippleStyle",
                          "RowSpacing" : 44,
                          "ScrollbarType" : "alwayson",
                          "ScrollsToSelectedCell" : false,
                          "SectionInsetBottom" : 0,
                          "SectionInsetLeft" : 0,
                          "SectionInsetRight" : 0,
                          "SectionInsetTop" : 0,
                          "SelectedCellsCount" : 0,
                          "ShowDataLoading" : true,
                          "ShowFooters" : false,
                          "ShowHeaders" : false,
                          "SortAscending" : true,
                          "Top" : 75,
                          "TopPadding" : 22,
                          "Type" : "collection",
                          "UIDField" : "title",
                          "UseCustomScrollerOnWindowsDesktops" : true,
                          "UseMashupDimensions" : false,
                          "UseRippleEffect" : true,
                          "View" : "flow",
                          "Visible" : true,
                          "Width" : 400,
                          "Z-index" : 10,
                          "_CanDoubleClick" : false,
                          "_EventDataShape" : "{\"icon\":{\"name\":\"icon\",\"aspects\":{},\"description\":\"\",\"baseType\":\"IMAGELINK\",\"ordinal\":4},\"mashup\":{\"name\":\"mashup\",\"aspects\":{},\"description\":\"\",\"baseType\":\"MASHUPNAME\",\"ordinal\":5},\"optionId\":{\"name\":\"optionId\",\"aspects\":{\"isPrimaryKey\":false},\"description\":\"\",\"baseType\":\"STRING\",\"ordinal\":2},\"title\":{\"name\":\"title\",\"aspects\":{},\"description\":\"\",\"baseType\":\"STRING\",\"ordinal\":3},\"order\":{\"name\":\"order\",\"aspects\":{\"defaultValue\":0,\"isPrimaryKey\":false},\"description\":\"\",\"baseType\":\"NUMBER\",\"ordinal\":1}}",
                          "_GlobalDataShape" : "{}",
                          "_MenuDefinition" : "[]",
                          "__TypeDisplayName" : "Collection",
                          "isLocked" : false
                        },
                        "Widgets" : [ ]
                      } ]
                    } ]
                  } ]
                }, {
                  "Properties" : {
                    "Area" : "UI",
                    "AutoEvaluate" : false,
                    "DisplayName" : "Valid-AdditionalAction",
                    "Expression" : "(optionId==\"CalculateShift\");",
                    "Height" : 28,
                    "Id" : "validator-36",
                    "LastContainer" : false,
                    "Left" : 0,
                    "Output" : true,
                    "ShowDataLoading" : true,
                    "Top" : 0,
                    "Type" : "validator",
                    "Visible" : true,
                    "Width" : 200,
                    "Z-index" : 10,
                    "__TypeDisplayName" : "Validator",
                    "_currentParameterDefs" : [ {
                      "BaseType" : "STRING",
                      "Description" : "",
                      "ParameterName" : "optionId",
                      "bindingDirection" : "Target",
                      "bindingStatus" : false,
                      "bindingType" : "Property",
                      "isBindingSource" : false,
                      "isBindingTarget" : true,
                      "name" : "optionId"
                    } ]
                  },
                  "Widgets" : [ ]
                } ]
              },
              "mashupType" : "mashup"
            }
            ]]>
            </mashupContent>
            <preview></preview>
        </Mashup>
    </Mashups>
</Entities>
