<?xml version="1.0" encoding="UTF-8"?>
<Entities
 build="b222"
 majorVersion="8"
 minorVersion="5"
 modelPersistenceProviderPackage="PostgresPersistenceProviderPackage"
 revision="4"
 schemaVersion="1053"
 universal="">
    <Mashups>
        <Mashup
         aspect.isResponsive="false"
         aspect.mashupType="mashup"
         columns="0.0"
         description=""
         documentationContent=""
         homeMashup=""
         lastModifiedDate="2021-02-23T04:55:01.239Z"
         name="BayerConfigurationPopup"
         projectName="BayerIoT"
         rows="0.0"
         tags="Applications:Bayer">
            <avatar></avatar>
            <DesignTimePermissions>
                <Create></Create>
                <Read>
                    <Principal
                     isPermitted="true"
                     name="App.BayerPerformanceDashboard"
                     type="Group"></Principal>
                </Read>
                <Update></Update>
                <Delete></Delete>
                <Metadata></Metadata>
            </DesignTimePermissions>
            <RunTimePermissions></RunTimePermissions>
            <VisibilityPermissions>
                <Visibility>
                    <Principal
                     isPermitted="true"
                     name="Bayer:PerformanceDashboard"
                     type="OrganizationalUnit"></Principal>
                </Visibility>
            </VisibilityPermissions>
            <ConfigurationTableDefinitions></ConfigurationTableDefinitions>
            <ConfigurationTables></ConfigurationTables>
            <ParameterDefinitions>
                <FieldDefinition
                 aspect.ordinal="0"
                 baseType="THINGNAME"
                 description=""
                 name="lineName"
                 ordinal="0"></FieldDefinition>
            </ParameterDefinitions>
            <Things>
                <Thing>BayerConfigurationPage</Thing>
            </Things>
            <ThingShapes></ThingShapes>
            <ThingTemplates>
                <ThingTemplate>BayerProductionLine</ThingTemplate>
            </ThingTemplates>
            <mashupContent>
            <![CDATA[
            {
              "CustomMashupCss" : "",
              "Data" : {
                "DynamicThingTemplates_BayerProductionLine" : {
                  "DataName" : "DynamicThingTemplates_BayerProductionLine",
                  "EntityName" : "BayerProductionLine",
                  "EntityType" : "DynamicThingTemplates",
                  "Id" : "396ec0ec-1c21-4ab5-8336-c4e5e08a8bed",
                  "Services" : [ {
                    "APIMethod" : "post",
                    "Characteristic" : "Services",
                    "Id" : "68bb1798-89cf-483e-bd31-db32c4f1db5b",
                    "Name" : "ScheduleShifts",
                    "Parameters" : { },
                    "Properties" : {
                      "CustomErrorMessage" : "[[service.error]]",
                      "CustomSuccessMessage" : "[[service.succeeded]]",
                      "ShowErrorMessage" : true,
                      "ShowSuccessMessage" : true
                    },
                    "RefreshInterval" : 0,
                    "Target" : "ScheduleShifts"
                  } ]
                },
                "Resources_RuntimeLocalizationFunctions" : {
                  "DataName" : "Resources_RuntimeLocalizationFunctions",
                  "EntityName" : "RuntimeLocalizationFunctions",
                  "EntityType" : "Resources",
                  "Id" : "47c6e4f0-5a59-42c3-8e0f-809bff9d69d8",
                  "Services" : [ {
                    "APIMethod" : "post",
                    "Characteristic" : "Services",
                    "Id" : "b670caca-1e59-4989-a22f-1daaa106c62f",
                    "Name" : "GetLanguages",
                    "Parameters" : { },
                    "RefreshInterval" : 0,
                    "Target" : "GetLanguages"
                  } ]
                },
                "Session" : {
                  "DataName" : "Session",
                  "EntityName" : "",
                  "EntityType" : "Session",
                  "Id" : "session",
                  "Services" : [ {
                    "APIMethod" : "post",
                    "Characteristic" : "Services",
                    "Id" : "SessionInterface",
                    "Name" : "GetGlobalSessionValues",
                    "Parameters" : { },
                    "RefreshInterval" : 0,
                    "Target" : "GetGlobalSessionValues"
                  } ]
                },
                "Things_BayerConfigurationPage" : {
                  "DataName" : "Things_BayerConfigurationPage",
                  "EntityName" : "BayerConfigurationPage",
                  "EntityType" : "Things",
                  "Id" : "14f507f3-d3fe-4b50-8cee-ce9fd1c60d20",
                  "Services" : [ {
                    "APIMethod" : "post",
                    "Characteristic" : "Services",
                    "Id" : "9148350f-fe90-4519-8422-eafb6df22b3a",
                    "Name" : "SetLanguage",
                    "Parameters" : { },
                    "RefreshInterval" : 0,
                    "Target" : "SetLanguage"
                  } ]
                },
                "UserExtensions" : {
                  "DataName" : "UserExtensions",
                  "EntityName" : "",
                  "EntityType" : "UserExtensions",
                  "Id" : "UserExtensions",
                  "Services" : [ {
                    "APIMethod" : "post",
                    "Characteristic" : "Services",
                    "Id" : "UserExtensionInterface",
                    "Name" : "GetCurrentUserExtensionProperties",
                    "Parameters" : { },
                    "RefreshInterval" : 0,
                    "Target" : "GetCurrentUserExtensionProperties"
                  } ]
                }
              },
              "DataBindings" : [ {
                "Id" : "cc4793c9-5527-4131-9e46-e2194bb07b4e",
                "PropertyMaps" : [ {
                  "SourceProperty" : "lineName",
                  "SourcePropertyBaseType" : "THINGNAME",
                  "TargetProperty" : "value",
                  "TargetPropertyBaseType" : "THINGNAME",
                  "TargetPropertyType" : "Entity"
                } ],
                "SourceArea" : "Mashup",
                "SourceId" : "mashup-root",
                "SourceSection" : "",
                "TargetArea" : "Data",
                "TargetId" : "EntityName",
                "TargetSection" : "DynamicThingTemplates_BayerProductionLine"
              }, {
                "Id" : "c5a7d047-1420-44ee-8f56-7baa5da34aa6",
                "PropertyMaps" : [ {
                  "SourceProperty" : "",
                  "SourcePropertyBaseType" : "INFOTABLE",
                  "SourcePropertyType" : "InfoTable",
                  "TargetProperty" : "Data",
                  "TargetPropertyBaseType" : "INFOTABLE",
                  "TargetPropertyType" : "property"
                } ],
                "SourceArea" : "Data",
                "SourceDetails" : "AllData",
                "SourceId" : "GetLanguages",
                "SourceSection" : "Resources_RuntimeLocalizationFunctions",
                "TargetArea" : "UI",
                "TargetId" : "dhxlist-2",
                "TargetSection" : ""
              }, {
                "Id" : "d2f1db27-67e1-4100-865b-24cec9b52102",
                "PropertyMaps" : [ {
                  "SourceProperty" : "name",
                  "SourcePropertyBaseType" : "STRING",
                  "TargetProperty" : "username",
                  "TargetPropertyBaseType" : "USERNAME",
                  "TargetPropertyType" : "Parameter"
                } ],
                "SourceArea" : "UserExtensions",
                "SourceDetails" : "AllData",
                "SourceId" : "UserExtensions",
                "SourceSection" : "UserExtensions",
                "TargetArea" : "Data",
                "TargetId" : "SetLanguage",
                "TargetSection" : "Things_BayerConfigurationPage"
              }, {
                "Id" : "d949b2b0-b85d-42d8-bf11-3b3c77c8b5e6",
                "PropertyMaps" : [ {
                  "SourceProperty" : "name",
                  "SourcePropertyBaseType" : "STRING",
                  "TargetProperty" : "language",
                  "TargetPropertyBaseType" : "STRING",
                  "TargetPropertyType" : "Parameter"
                } ],
                "SourceArea" : "Data",
                "SourceDetails" : "SelectedRows",
                "SourceId" : "GetLanguages",
                "SourceSection" : "Resources_RuntimeLocalizationFunctions",
                "TargetArea" : "Data",
                "TargetId" : "SetLanguage",
                "TargetSection" : "Things_BayerConfigurationPage"
              } ],
              "DesignTimePermissions" : {
                "Create" : [ ],
                "Delete" : [ ],
                "Metadata" : [ ],
                "Read" : [ ],
                "Update" : [ ]
              },
              "Events" : [ {
                "EventHandlerArea" : "Data",
                "EventHandlerId" : "DynamicThingTemplates_BayerProductionLine",
                "EventHandlerService" : "ScheduleShifts",
                "EventTriggerArea" : "UI",
                "EventTriggerEvent" : "Clicked",
                "EventTriggerId" : "button-1",
                "EventTriggerSection" : "",
                "Id" : "664ecadb-6404-4fb0-97ec-0d2e8b03f89c"
              }, {
                "EventHandlerArea" : "Mashup",
                "EventHandlerId" : "mashup-root",
                "EventHandlerService" : "CloseIfPopup",
                "EventTriggerArea" : "Data",
                "EventTriggerEvent" : "ServiceInvokeCompleted",
                "EventTriggerId" : "ScheduleShifts",
                "EventTriggerSection" : "DynamicThingTemplates_BayerProductionLine",
                "Id" : "0a39eea6-a4ae-4ecf-921b-a60edd5f9375"
              }, {
                "EventHandlerArea" : "Data",
                "EventHandlerId" : "Resources_RuntimeLocalizationFunctions",
                "EventHandlerService" : "GetLanguages",
                "EventTriggerArea" : "Mashup",
                "EventTriggerEvent" : "Loaded",
                "EventTriggerId" : "mashup-root",
                "EventTriggerSection" : "",
                "Id" : "a196272d-6908-4150-911e-1cf4aff7b356"
              }, {
                "EventHandlerArea" : "Data",
                "EventHandlerId" : "Resources_RuntimeLocalizationFunctions",
                "EventHandlerService" : "GetLanguages",
                "EventTriggerArea" : "UI",
                "EventTriggerEvent" : "Clicked",
                "EventTriggerId" : "button-3",
                "EventTriggerSection" : "",
                "Id" : "4e2f58e6-f5eb-49ad-b989-3a9ca7e80a2a"
              }, {
                "EventHandlerArea" : "Data",
                "EventHandlerId" : "Things_BayerConfigurationPage",
                "EventHandlerService" : "SetLanguage",
                "EventTriggerArea" : "UI",
                "EventTriggerEvent" : "Clicked",
                "EventTriggerId" : "button-3",
                "EventTriggerSection" : "",
                "Id" : "4a00c691-dcfc-47df-9ca7-00d72400323f"
              }, {
                "EventHandlerArea" : "UI",
                "EventHandlerId" : "validator-4",
                "EventHandlerService" : "Evaluate",
                "EventTriggerArea" : "Data",
                "EventTriggerEvent" : "ServiceInvokeCompleted",
                "EventTriggerId" : "SetLanguage",
                "EventTriggerSection" : "Things_BayerConfigurationPage",
                "Id" : "f43a529c-c4fa-43dc-a029-3b8bbbd4243c"
              } ],
              "RunTimePermissions" : {
                "permissions" : [ ]
              },
              "UI" : {
                "Properties" : {
                  "AddToDashboardButton" : "SimplePlus",
                  "AddToDashboardButtonStyle" : "DefaultAddToDashboardButtonStyle",
                  "Area" : "Mashup",
                  "BGImage" : "",
                  "BGImageRepeat" : "repeat",
                  "BGImageSize" : "auto",
                  "Columns" : 0,
                  "ConfigureGadgetButton" : "SimpleGear",
                  "ConfigureGadgetButtonStyle" : "DefaultConfigureGadgetButtonStyle",
                  "DisplayName" : "Mashup",
                  "EnableParameterEditing" : false,
                  "Height" : 253,
                  "Id" : "mashup-root",
                  "IgnoreWarningsInViewMashup" : false,
                  "IsPrintLayout" : false,
                  "Left" : 0,
                  "MashupToEditGadget" : "DefaultMashupToEditGadget",
                  "MinHeight" : 0,
                  "MinWidth" : 0,
                  "ResponsiveLayout" : false,
                  "Rows" : 0,
                  "ShowDataLoading" : true,
                  "Style" : "Bayer_PopupBgStyle",
                  "StyleTheme" : "Base Theme",
                  "Title" : "",
                  "TitleBar" : false,
                  "TitleBarStyle" : "DefaultTitleBarStyle",
                  "TitleBarText" : "Gadget Title Here",
                  "Top" : 0,
                  "Type" : "mashup",
                  "UseTheme" : false,
                  "UseThemeForHybrids" : false,
                  "Visible" : true,
                  "Width" : 324,
                  "Z-index" : 10,
                  "__TypeDisplayName" : "Mashup",
                  "_currentParameterDefs" : [ {
                    "BaseType" : "THINGNAME",
                    "Description" : "",
                    "ParameterName" : "lineName"
                  } ],
                  "id_index" : 4,
                  "supportsAutoResize" : true
                },
                "Widgets" : [ {
                  "Properties" : {
                    "ActiveStyle" : "Bayer_ButtonRed",
                    "Area" : "UI",
                    "CancelConfirmationButton" : "button2",
                    "ConfirmationButton1Label" : "[[confirmationOptionYes]]",
                    "ConfirmationButton2Label" : "[[confirmationOptionNo]]",
                    "ConfirmationPrompt" : "[[Bayer.ResetShiftConfirmationQuestion]]",
                    "ConfirmationRequired" : true,
                    "ConfirmationTitle" : "[[confirmAction]]",
                    "ContextId" : "",
                    "DefaultConfirmationButton" : "button1",
                    "Disabled" : false,
                    "DisabledStyle" : "DefaultButtonDisabledStyle",
                    "DisplayName" : "button-1",
                    "FocusStyle" : "Bayer_ButtonRed",
                    "Height" : 30,
                    "HoverStyle" : "Bayer_ButtonRed_h",
                    "IconAlignment" : "left",
                    "Id" : "button-1",
                    "Label" : "[[Bayer.ResetShift]]",
                    "Left" : 15,
                    "ResponsiveLayout" : false,
                    "RoundedCorners" : true,
                    "ShowDataLoading" : true,
                    "SingleClickSelectOnTablets" : true,
                    "Style" : "Bayer_ButtonRed",
                    "TabSequence" : 0,
                    "ToolTipField" : "",
                    "ToolTipStyle" : "DefaultTooltipStyle",
                    "Top" : 95,
                    "Type" : "button",
                    "Visible" : true,
                    "Width" : 295,
                    "Z-index" : 10,
                    "__TypeDisplayName" : "Button",
                    "__supportsTooltip" : true
                  },
                  "Widgets" : [ ]
                }, {
                  "Properties" : {
                    "Alignment" : "left",
                    "Area" : "UI",
                    "AutoSelectFirstRow" : false,
                    "ClearIfNoSelection" : false,
                    "ComboDropdownButtonStyle" : "DefaultComboDropdownButtonStyle",
                    "ComboEnableCheckbox" : false,
                    "ComboItemHighlightedStyle" : "DefaultComboItemHighlightedStyle",
                    "ComboTextboxStyle" : "DefaultComboTextboxStyle",
                    "DisableSelectedStyle" : false,
                    "DisplayField" : "languageNative",
                    "DisplayName" : "dhxlist-2",
                    "DropdownButtonStyle" : "DefaultDropdownButtonStyle",
                    "DropdownSelectedStyle" : "DefaultDropdownSelectedStyle",
                    "DropdownStyle" : "DefaultDropdownStyle",
                    "EnableKeyboardSelections" : true,
                    "EnableToolTips" : true,
                    "Height" : 28,
                    "HeightOfDropdownView" : 170,
                    "Id" : "dhxlist-2",
                    "Label" : "",
                    "LabelAlignment" : "left",
                    "Left" : 90,
                    "ListBackgroundStyle" : "DefaultListBackgroundStyle",
                    "ListFocusStyle" : "DefaultFocusStyle",
                    "ListItemAlternateStyle" : "DefaultListItemAlternateStyle",
                    "ListItemHoverStyle" : "DefaultListItemHoverStyle",
                    "ListItemSelectedStyle" : "DefaultListItemSelectedStyle",
                    "ListItemStyle" : "DefaultListItemStyle",
                    "ListLabelStyle" : "DefaultWidgetLabelStyle",
                    "MultiSelect" : false,
                    "NumberOfItemsInDropdownView" : 6,
                    "NumberOfItemsPerPage" : 500,
                    "ResponsiveLayout" : false,
                    "RowHeight" : 28,
                    "ShowDataLoading" : true,
                    "SingleClickSelectOnTablets" : false,
                    "TabSequence" : -1,
                    "TextIfNoSelectionType" : "editable",
                    "TextVerticalAlignment" : 28,
                    "ToolTipStyle" : "DefaultTooltipStyle",
                    "Top" : 170,
                    "Type" : "dhxlist",
                    "ValueField" : "languageNative",
                    "View" : "dropdown",
                    "Visible" : false,
                    "Width" : 110,
                    "WidthOfDropdownView" : 110,
                    "Z-index" : 10,
                    "__TypeDisplayName" : "List",
                    "__supportsLabel" : true,
                    "__supportsTooltip" : true
                  },
                  "Widgets" : [ ]
                }, {
                  "Properties" : {
                    "ActiveStyle" : "DefaultButtonActiveStyle",
                    "Area" : "UI",
                    "CancelConfirmationButton" : "button2",
                    "ConfirmationButton1Label" : "Yes",
                    "ConfirmationButton2Label" : "No",
                    "ConfirmationPrompt" : "Do Action?",
                    "ConfirmationRequired" : false,
                    "ConfirmationTitle" : "Confirm Action",
                    "ContextId" : "",
                    "DefaultConfirmationButton" : "button1",
                    "Disabled" : false,
                    "DisabledStyle" : "DefaultButtonDisabledStyle",
                    "DisplayName" : "button-3",
                    "FocusStyle" : "DefaultButtonFocusStyle",
                    "Height" : 30,
                    "HoverStyle" : "DefaultButtonHoverStyle",
                    "IconAlignment" : "left",
                    "Id" : "button-3",
                    "Label" : "Button",
                    "Left" : 10,
                    "ResponsiveLayout" : false,
                    "RoundedCorners" : true,
                    "ShowDataLoading" : true,
                    "SingleClickSelectOnTablets" : true,
                    "Style" : "DefaultButtonStyle",
                    "TabSequence" : 0,
                    "ToolTipField" : "",
                    "ToolTipStyle" : "DefaultTooltipStyle",
                    "Top" : 165,
                    "Type" : "button",
                    "Visible" : false,
                    "Width" : 75,
                    "Z-index" : 10,
                    "__TypeDisplayName" : "Button",
                    "__supportsTooltip" : true
                  },
                  "Widgets" : [ ]
                }, {
                  "Properties" : {
                    "Area" : "UI",
                    "AutoEvaluate" : false,
                    "DisplayName" : "SetLanguage",
                    "Expression" : "location.reload();",
                    "Height" : 28,
                    "Id" : "validator-4",
                    "Left" : 0,
                    "Output" : true,
                    "ShowDataLoading" : true,
                    "Top" : 0,
                    "Type" : "validator",
                    "Visible" : true,
                    "Width" : 200,
                    "Z-index" : 10,
                    "__TypeDisplayName" : "Validator",
                    "_currentParameterDefs" : [ ],
                    "parameters" : [ ]
                  },
                  "Widgets" : [ ]
                } ]
              },
              "mashupType" : "mashup"
            }
            ]]>
            </mashupContent>
            <preview></preview>
        </Mashup>
    </Mashups>
</Entities>
