<?xml version="1.0" encoding="UTF-8" standalone="no"?>
<Entities build="b222" majorVersion="8" minorVersion="5" modelPersistenceProviderPackage="PostgresPersistenceProviderPackage" revision="4" schemaVersion="1053" universal="">
    <DataShapes>
        <DataShape baseDataShape="" description="" documentationContent="" homeMashup="" lastModifiedDate="2020-08-05T17:30:20.196Z" name="BayerStandbySelectionDataShape" projectName="BayerIoT" tags="Applications:Bayer">
            <avatar/>
            <DesignTimePermissions>
                <Create/>
                <Read>
                    <Principal isPermitted="true" name="App.BayerPerformanceDashboard" type="Group"/>
                </Read>
                <Update/>
                <Delete/>
                <Metadata/>
            </DesignTimePermissions>
            <RunTimePermissions/>
            <VisibilityPermissions>
                <Visibility/>
            </VisibilityPermissions>
            <ConfigurationTableDefinitions/>
            <ConfigurationTables/>
            <FieldDefinitions>
                <FieldDefinition aspect.isPrimaryKey="true" baseType="STRING" description="Time to be displayed in the list" name="DisplayTime" ordinal="1"/>
                <FieldDefinition aspect.isPrimaryKey="true" aspect.maximumValue="168.0" aspect.minimumValue="0.0" baseType="NUMBER" description="" name="NumberOfHours" ordinal="2"/>
            </FieldDefinitions>
        </DataShape>
    </DataShapes>
</Entities>
