<?xml version="1.0" encoding="UTF-8"?>
<Entities
 build="b222"
 majorVersion="8"
 minorVersion="5"
 modelPersistenceProviderPackage="PostgresPersistenceProviderPackage"
 revision="4"
 schemaVersion="1053"
 universal="">
    <Mashups>
        <Mashup
         aspect.isResponsive="true"
         aspect.mashupType="mashup"
         columns="0.0"
         description=""
         documentationContent=""
         homeMashup=""
         lastModifiedDate="2020-08-05T17:23:34.256Z"
         name="BayerCollectionRadioButtonItem"
         projectName="BayerIoT"
         rows="0.0"
         tags="Applications:Bayer;Application:BayerDemo">
            <avatar></avatar>
            <DesignTimePermissions>
                <Create></Create>
                <Read>
                    <Principal
                     isPermitted="true"
                     name="App.BayerPerformanceDashboard"
                     type="Group"></Principal>
                </Read>
                <Update></Update>
                <Delete></Delete>
                <Metadata></Metadata>
            </DesignTimePermissions>
            <RunTimePermissions></RunTimePermissions>
            <VisibilityPermissions>
                <Visibility>
                    <Principal
                     isPermitted="true"
                     name="Bayer:PerformanceDashboard"
                     type="OrganizationalUnit"></Principal>
                </Visibility>
            </VisibilityPermissions>
            <ConfigurationTableDefinitions></ConfigurationTableDefinitions>
            <ConfigurationTables></ConfigurationTables>
            <ParameterDefinitions>
                <FieldDefinition
                 aspect.ordinal="0"
                 baseType="BOOLEAN"
                 description=""
                 name="isSelected"
                 ordinal="0"></FieldDefinition>
                <FieldDefinition
                 aspect.ordinal="1"
                 baseType="STRING"
                 description=""
                 name="text"
                 ordinal="0"></FieldDefinition>
            </ParameterDefinitions>
            <Things></Things>
            <ThingShapes></ThingShapes>
            <ThingTemplates></ThingTemplates>
            <mashupContent>
            <![CDATA[
            {
              "CustomMashupCss" : "",
              "Data" : {
                "Session" : {
                  "DataName" : "Session",
                  "EntityName" : "",
                  "EntityType" : "Session",
                  "Id" : "session",
                  "Services" : [ {
                    "APIMethod" : "post",
                    "Characteristic" : "Services",
                    "Id" : "SessionInterface",
                    "Name" : "GetGlobalSessionValues",
                    "Parameters" : { },
                    "RefreshInterval" : 0,
                    "Target" : "GetGlobalSessionValues"
                  } ]
                },
                "UserExtensions" : {
                  "DataName" : "UserExtensions",
                  "EntityName" : "",
                  "EntityType" : "UserExtensions",
                  "Id" : "UserExtensions",
                  "Services" : [ {
                    "APIMethod" : "post",
                    "Characteristic" : "Services",
                    "Id" : "UserExtensionInterface",
                    "Name" : "GetCurrentUserExtensionProperties",
                    "Parameters" : { },
                    "RefreshInterval" : 0,
                    "Target" : "GetCurrentUserExtensionProperties"
                  } ]
                }
              },
              "DataBindings" : [ {
                "Id" : "7c110b8a-fb59-48ea-887c-8871b06b1a6d",
                "PropertyMaps" : [ {
                  "SourceProperty" : "text",
                  "SourcePropertyBaseType" : "STRING",
                  "SourcePropertyType" : "Property",
                  "TargetProperty" : "Data",
                  "TargetPropertyBaseType" : "ANYSCALAR",
                  "TargetPropertyType" : "property"
                } ],
                "SourceArea" : "Mashup",
                "SourceId" : "mashup-root",
                "SourceSection" : "",
                "TargetArea" : "UI",
                "TargetId" : "valuedisplay-5",
                "TargetSection" : ""
              }, {
                "Id" : "ffdc1bef-9b01-4f4a-830a-a9ab30ac1495",
                "PropertyMaps" : [ {
                  "SourceProperty" : "isSelected",
                  "SourcePropertyBaseType" : "BOOLEAN",
                  "SourcePropertyType" : "Property",
                  "TargetProperty" : "Data",
                  "TargetPropertyBaseType" : "ANYSCALAR",
                  "TargetPropertyType" : "property"
                } ],
                "SourceArea" : "Mashup",
                "SourceId" : "mashup-root",
                "SourceSection" : "",
                "TargetArea" : "UI",
                "TargetId" : "shape-6",
                "TargetSection" : ""
              } ],
              "DesignTimePermissions" : { },
              "Events" : [ ],
              "RunTimePermissions" : { },
              "UI" : {
                "Properties" : {
                  "AddToDashboardButtonStyle" : "DefaultAddToDashboardButtonStyle",
                  "Area" : "Mashup",
                  "BGImageRepeat" : "no-repeat",
                  "BGImageSize" : "auto",
                  "Columns" : 0,
                  "ConfigureGadgetButtonStyle" : "DefaultConfigureGadgetButtonStyle",
                  "DisplayName" : "Mashup",
                  "EnableParameterEditing" : false,
                  "Height" : 618,
                  "Id" : "mashup-root",
                  "IgnoreWarningsInViewMashup" : false,
                  "IsPrintLayout" : false,
                  "Left" : 0,
                  "MashupToEditGadget" : "DefaultMashupToEditGadget",
                  "MinHeight" : 0,
                  "MinWidth" : 0,
                  "ResponsiveLayout" : true,
                  "Rows" : 0,
                  "ShowDataLoading" : true,
                  "Style" : "DefaultContainerStyle",
                  "Title" : "",
                  "TitleBar" : false,
                  "TitleBarStyle" : "DefaultTitleBarStyle",
                  "TitleBarText" : "Gadget Title Here",
                  "Top" : 0,
                  "Type" : "mashup",
                  "Visible" : true,
                  "Width" : 1024,
                  "Z-index" : 10,
                  "__TypeDisplayName" : "Mashup",
                  "_currentParameterDefs" : [ {
                    "BaseType" : "BOOLEAN",
                    "Description" : "",
                    "ParameterName" : "isSelected"
                  }, {
                    "BaseType" : "STRING",
                    "Description" : "",
                    "ParameterName" : "text"
                  } ],
                  "id_index" : 6,
                  "supportsAutoResize" : true
                },
                "Widgets" : [ {
                  "Properties" : {
                    "Area" : "UI",
                    "Columns" : 1,
                    "DisplayName" : "layout-1",
                    "Footer" : false,
                    "FooterHeight" : 0,
                    "Header" : false,
                    "HeaderHeight" : 0,
                    "Id" : "layout-1",
                    "IncludeSpacingInFixedAreas" : true,
                    "IsPrintLayout" : false,
                    "Left" : 440,
                    "LeftSidebar" : true,
                    "LeftSidebarWidth" : 36,
                    "Orientation" : "horizontal",
                    "PctColumn1" : 100,
                    "PctColumn2" : 0,
                    "PctColumn3" : 1,
                    "PctColumn4" : 1,
                    "PctColumn5" : 1,
                    "PctColumn6" : 1,
                    "PctColumn7" : 1,
                    "PctColumn8" : 1,
                    "PctRow1" : 50,
                    "PctRow2" : 50,
                    "PctRow3" : 0,
                    "PctRow4" : 0,
                    "PctRow5" : 0,
                    "PctRow6" : 0,
                    "PctRow7" : 0,
                    "PctRow8" : 0,
                    "PrintMarginLeftRight" : 0.5,
                    "PrintMarginTopBottom" : 0.5,
                    "PrintWidth" : 650,
                    "ResponsiveLayout" : true,
                    "RightSidebar" : false,
                    "RightSidebarWidth" : 0,
                    "Rows" : 0,
                    "ShowDataLoading" : true,
                    "Spacing" : 2,
                    "Top" : 155,
                    "Type" : "layout",
                    "Visible" : true,
                    "Z-index" : 10,
                    "__TypeDisplayName" : "Layout"
                  },
                  "Widgets" : [ {
                    "Properties" : {
                      "AnimateExpandCollapse" : true,
                      "Area" : "UI",
                      "BGImageRepeat" : "no-repeat",
                      "BGImageSize" : "auto",
                      "DisplayName" : "Left Sidebar",
                      "ExpandCollapseTabLocation" : "outside",
                      "Expanded" : true,
                      "Id" : "container-2",
                      "MinHeight" : 0,
                      "MinWidth" : 0,
                      "Overlay" : false,
                      "OverlayIsTransparent" : false,
                      "ResponsiveLayout" : true,
                      "ShowDataLoading" : true,
                      "ShowExpandCollapseTab" : false,
                      "Style" : "DefaultContainerStyle",
                      "TabCollapseStyle" : "DefaultTabCollapseStyle",
                      "TabExpandStyle" : "DefaultTabExpandStyle",
                      "TabHeight" : 36,
                      "TabLocation" : "center",
                      "TabOffset" : 0,
                      "TabWidth" : 36,
                      "Type" : "container",
                      "Visible" : true,
                      "Z-index" : 10,
                      "__TypeDisplayName" : "Container"
                    },
                    "Widgets" : [ {
                      "Properties" : {
                        "Area" : "UI",
                        "DisplayName" : "shape-6",
                        "DynamicFillOrientation" : "vertical",
                        "DynamicRangeMaximum" : 100,
                        "DynamicRangeMinimum" : 0,
                        "EnableDynamicFill" : false,
                        "GradientOrientation" : "vertical",
                        "GradientType" : "linear",
                        "Height" : 50,
                        "Id" : "shape-6",
                        "Left" : 5,
                        "RectangleCornerRadius" : 10,
                        "ResponsiveLayout" : true,
                        "ShapeFormatter" : {
                          "FieldName" : "isSelected",
                          "StateDefinition" : "BayerRadioButtonState",
                          "StateDefinitionType" : "string",
                          "StateFormats" : [ {
                            "comparator" : "==",
                            "state" : "BayerRadioButtonSelectedStyle",
                            "stateName" : "",
                            "value" : "true"
                          }, {
                            "state" : "BayerRadioButtonStyle",
                            "stateName" : ""
                          } ]
                        },
                        "ShapeFormatter_StateParameters" : [ ],
                        "ShapeStyle" : "DefaultChartStyle",
                        "ShapeType" : "circle",
                        "ShowDataLoading" : true,
                        "Top" : 225,
                        "Type" : "shape",
                        "UnfilledBackgroundStyle" : "DefaultShapeUnfilledBackgroundStyle",
                        "Visible" : true,
                        "Width" : 50,
                        "Z-index" : 10,
                        "__TypeDisplayName" : "Shape"
                      },
                      "Widgets" : [ ]
                    } ]
                  }, {
                    "Properties" : {
                      "AnimateExpandCollapse" : true,
                      "Area" : "UI",
                      "BGImageRepeat" : "no-repeat",
                      "BGImageSize" : "auto",
                      "DisplayName" : "Column 1",
                      "ExpandCollapseTabLocation" : "outside",
                      "Expanded" : true,
                      "Id" : "container-3",
                      "MinHeight" : 0,
                      "MinWidth" : 0,
                      "Overlay" : false,
                      "OverlayIsTransparent" : false,
                      "ResponsiveLayout" : true,
                      "ShowDataLoading" : true,
                      "ShowExpandCollapseTab" : false,
                      "Style" : "DefaultContainerStyle",
                      "TabCollapseStyle" : "DefaultTabCollapseStyle",
                      "TabExpandStyle" : "DefaultTabExpandStyle",
                      "TabHeight" : 36,
                      "TabLocation" : "center",
                      "TabOffset" : 0,
                      "TabWidth" : 36,
                      "Type" : "container",
                      "Visible" : true,
                      "Z-index" : 10,
                      "__TypeDisplayName" : "Container"
                    },
                    "Widgets" : [ {
                      "Properties" : {
                        "Alignment" : "left",
                        "Area" : "UI",
                        "BackgroundFill" : "content",
                        "DisplayName" : "valuedisplay-5",
                        "Height" : 22,
                        "Id" : "valuedisplay-5",
                        "ImageScaling" : "Width",
                        "Label" : "",
                        "LabelAlignment" : "left",
                        "Left" : 320,
                        "Overflow" : "hidden",
                        "ResponsiveLayout" : true,
                        "ShowDataLoading" : true,
                        "TextIfNoValue" : "",
                        "TextIfNoValueOffset" : 0,
                        "TextIfNoValueStyle" : "DefaultValueDisplayNoTextStyle",
                        "TextWrap" : true,
                        "ToolTipField" : "",
                        "ToolTipStyle" : "DefaultTooltipStyle",
                        "Top" : 145,
                        "Type" : "valuedisplay",
                        "ValueDisplayLabelStyle" : "DefaultWidgetLabelStyle",
                        "ValueDisplayStyle" : {
                          "backgroundColor" : "",
                          "displayString" : "",
                          "fontEmphasisBold" : true,
                          "fontEmphasisItalic" : false,
                          "fontEmphasisUnderline" : false,
                          "foregroundColor" : "#020202",
                          "image" : "",
                          "lineColor" : "",
                          "lineStyle" : "solid",
                          "lineThickness" : 1,
                          "secondaryBackgroundColor" : "",
                          "textSize" : "xlarge"
                        },
                        "ValueFormat" : {
                          "renderer" : "DEFAULT"
                        },
                        "ValueFormat_StateParameters" : [ ],
                        "VerticalAlignment" : "middle",
                        "Visible" : true,
                        "Width" : 100,
                        "Z-index" : 10,
                        "__TypeDisplayName" : "Value Display",
                        "__supportsLabel" : true,
                        "__supportsTooltip" : true
                      },
                      "Widgets" : [ ]
                    } ]
                  } ]
                } ]
              },
              "mashupType" : "mashup"
            }
            ]]>
            </mashupContent>
            <preview></preview>
        </Mashup>
    </Mashups>
</Entities>
