<?xml version="1.0" encoding="UTF-8"?>
<Entities
 build="b222"
 majorVersion="8"
 minorVersion="5"
 modelPersistenceProviderPackage="PostgresPersistenceProviderPackage"
 revision="4"
 schemaVersion="1053"
 universal="">
    <Mashups>
        <Mashup
         aspect.isResponsive="true"
         aspect.mashupType="mashup"
         columns="0.0"
         description=""
         documentationContent=""
         homeMashup=""
         lastModifiedDate="2020-08-05T17:23:52.537Z"
         name="BayerUploadSoundFile"
         projectName="BayerIoT"
         rows="0.0"
         tags="Applications:Bayer">
            <avatar></avatar>
            <DesignTimePermissions>
                <Create></Create>
                <Read>
                    <Principal
                     isPermitted="true"
                     name="App.BayerPerformanceDashboard"
                     type="Group"></Principal>
                </Read>
                <Update></Update>
                <Delete></Delete>
                <Metadata></Metadata>
            </DesignTimePermissions>
            <RunTimePermissions></RunTimePermissions>
            <VisibilityPermissions>
                <Visibility></Visibility>
            </VisibilityPermissions>
            <ConfigurationTableDefinitions></ConfigurationTableDefinitions>
            <ConfigurationTables></ConfigurationTables>
            <ParameterDefinitions></ParameterDefinitions>
            <Things></Things>
            <ThingShapes></ThingShapes>
            <ThingTemplates></ThingTemplates>
            <mashupContent>
            <![CDATA[
            {
              "CustomMashupCss" : "",
              "Data" : {
                "Session" : {
                  "DataName" : "Session",
                  "EntityName" : "",
                  "EntityType" : "Session",
                  "Id" : "session",
                  "Services" : [ {
                    "APIMethod" : "post",
                    "Characteristic" : "Services",
                    "Id" : "SessionInterface",
                    "Name" : "GetGlobalSessionValues",
                    "Parameters" : { },
                    "RefreshInterval" : 0,
                    "Target" : "GetGlobalSessionValues"
                  } ]
                },
                "UserExtensions" : {
                  "DataName" : "UserExtensions",
                  "EntityName" : "",
                  "EntityType" : "UserExtensions",
                  "Id" : "UserExtensions",
                  "Services" : [ {
                    "APIMethod" : "post",
                    "Characteristic" : "Services",
                    "Id" : "UserExtensionInterface",
                    "Name" : "GetCurrentUserExtensionProperties",
                    "Parameters" : { },
                    "RefreshInterval" : 0,
                    "Target" : "GetCurrentUserExtensionProperties"
                  } ]
                }
              },
              "DataBindings" : [ {
                "Id" : "31987684-50f0-43b1-9c3f-bc37bf71583c",
                "PropertyMaps" : [ {
                  "SourceProperty" : "FileName",
                  "SourcePropertyBaseType" : "STRING",
                  "SourcePropertyType" : "Property",
                  "TargetProperty" : "filename",
                  "TargetPropertyBaseType" : "STRING",
                  "TargetPropertyType" : "property"
                } ],
                "SourceArea" : "UI",
                "SourceId" : "fileupload-2",
                "SourceSection" : "",
                "TargetArea" : "UI",
                "TargetId" : "validator-3",
                "TargetSection" : ""
              } ],
              "DesignTimePermissions" : { },
              "Events" : [ {
                "EventHandlerArea" : "UI",
                "EventHandlerId" : "statusmessage-5",
                "EventHandlerService" : "ShowMessage",
                "EventTriggerArea" : "UI",
                "EventTriggerEvent" : "True",
                "EventTriggerId" : "validator-3",
                "EventTriggerSection" : "",
                "Id" : "012f1f5f-34a8-4830-b768-3cad8545819b"
              }, {
                "EventHandlerArea" : "UI",
                "EventHandlerId" : "statusmessage-7",
                "EventHandlerService" : "ShowMessage",
                "EventTriggerArea" : "UI",
                "EventTriggerEvent" : "UploadComplete",
                "EventTriggerId" : "fileupload-2",
                "EventTriggerSection" : "",
                "Id" : "4fea2c71-ecde-442a-b60c-02672b32b776"
              }, {
                "EventHandlerArea" : "UI",
                "EventHandlerId" : "statusmessage-8",
                "EventHandlerService" : "ShowMessage",
                "EventTriggerArea" : "UI",
                "EventTriggerEvent" : "UploadFailed",
                "EventTriggerId" : "fileupload-2",
                "EventTriggerSection" : "",
                "Id" : "b7c373e3-dae1-413b-8f47-c23a779c5252"
              } ],
              "RunTimePermissions" : { },
              "UI" : {
                "Properties" : {
                  "AddToDashboardButtonStyle" : "DefaultAddToDashboardButtonStyle",
                  "Area" : "Mashup",
                  "BGImageRepeat" : "no-repeat",
                  "BGImageSize" : "auto",
                  "Columns" : 0,
                  "ConfigureGadgetButtonStyle" : "DefaultConfigureGadgetButtonStyle",
                  "DisplayName" : "Mashup",
                  "EnableParameterEditing" : false,
                  "Height" : 618,
                  "Id" : "mashup-root",
                  "IgnoreWarningsInViewMashup" : false,
                  "IsPrintLayout" : false,
                  "Left" : 0,
                  "MashupToEditGadget" : "DefaultMashupToEditGadget",
                  "MinHeight" : 0,
                  "MinWidth" : 0,
                  "ResponsiveLayout" : true,
                  "Rows" : 0,
                  "ShowDataLoading" : true,
                  "Style" : "DefaultMashupStyle",
                  "Title" : "",
                  "TitleBar" : false,
                  "TitleBarStyle" : "DefaultTitleBarStyle",
                  "TitleBarText" : "Gadget Title Here",
                  "Top" : 0,
                  "Type" : "mashup",
                  "Visible" : true,
                  "Width" : 1024,
                  "Z-index" : 10,
                  "__TypeDisplayName" : "Mashup",
                  "id_index" : 8,
                  "supportsAutoResize" : true
                },
                "Widgets" : [ {
                  "Properties" : {
                    "Area" : "UI",
                    "DisplayName" : "panel-1",
                    "Height" : 200,
                    "HideScrollbars" : false,
                    "HorizontalAnchor" : "left",
                    "Id" : "panel-1",
                    "Left" : 35,
                    "ResponsiveLayout" : true,
                    "ShowDataLoading" : true,
                    "Style" : "DefaultPanelStyle",
                    "Top" : 25,
                    "Type" : "panel",
                    "VerticalAnchor" : "top",
                    "Visible" : true,
                    "Width" : 300,
                    "Z-index" : 10,
                    "__TypeDisplayName" : "Panel"
                  },
                  "Widgets" : [ {
                    "Properties" : {
                      "AllowedFileTypes" : ".mp3",
                      "Area" : "UI",
                      "DisplayName" : "fileupload-2",
                      "DisplayPathTextBox" : false,
                      "DisplayRepositorySelector" : false,
                      "FileName" : "",
                      "FocusStyle" : "DefaultButtonFocusStyle",
                      "FullPath" : "",
                      "Height" : 40,
                      "Id" : "fileupload-2",
                      "Left" : 35,
                      "Path" : "/sounds/",
                      "RepositoryName" : "SystemRepository",
                      "RepositoryStyle" : "DefaultRepositoryStyle",
                      "ResponsiveLayout" : false,
                      "ShowDataLoading" : true,
                      "Style" : "DefaultFileUploadStyle",
                      "TabSequence" : 0,
                      "Top" : 70,
                      "Type" : "fileupload",
                      "Visible" : true,
                      "Width" : 302,
                      "Z-index" : 10,
                      "__TypeDisplayName" : "File Upload"
                    },
                    "Widgets" : [ ]
                  }, {
                    "Properties" : {
                      "Area" : "UI",
                      "AutoEvaluate" : true,
                      "DisplayName" : "validator-3",
                      "Expression" : "filename==\"al\"+\"ert.mp3\"",
                      "Height" : 28,
                      "Id" : "validator-3",
                      "Left" : 40,
                      "Output" : false,
                      "ResponsiveLayout" : false,
                      "ShowDataLoading" : true,
                      "Top" : 135,
                      "Type" : "validator",
                      "Visible" : true,
                      "Width" : 200,
                      "Z-index" : 10,
                      "__TypeDisplayName" : "Validator",
                      "_currentParameterDefs" : [ {
                        "BaseType" : "STRING",
                        "Description" : "",
                        "ParameterName" : "filename"
                      } ]
                    },
                    "Widgets" : [ ]
                  }, {
                    "Properties" : {
                      "Alignment" : "left",
                      "AllowEllipsis" : false,
                      "Area" : "UI",
                      "DisplayName" : "label-4",
                      "Height" : 22,
                      "Id" : "label-4",
                      "Left" : 35,
                      "ResponsiveLayout" : false,
                      "ShowDataLoading" : true,
                      "Style" : "DefaultLabelStyle",
                      "Text" : "Upload file &quot;alert.mp3&quot;",
                      "ToolTipField" : "",
                      "ToolTipStyle" : "DefaultTooltipStyle",
                      "Top" : 35,
                      "Type" : "label",
                      "Visible" : true,
                      "Width" : 300,
                      "Z-index" : 10,
                      "__TypeDisplayName" : "Label",
                      "__supportsTooltip" : true
                    },
                    "Widgets" : [ ]
                  }, {
                    "Properties" : {
                      "Area" : "UI",
                      "DisplayName" : "statusmessage-5",
                      "Height" : 28,
                      "Id" : "statusmessage-5",
                      "Left" : 15,
                      "Message" : "File correct",
                      "MessageType" : "info",
                      "ResponsiveLayout" : false,
                      "ShowDataLoading" : true,
                      "Top" : 185,
                      "Type" : "statusmessage",
                      "Visible" : true,
                      "Width" : 200,
                      "Z-index" : 10,
                      "__TypeDisplayName" : "Status Message"
                    },
                    "Widgets" : [ ]
                  }, {
                    "Properties" : {
                      "Area" : "UI",
                      "DisplayName" : "statusmessage-6",
                      "Height" : 28,
                      "Id" : "statusmessage-6",
                      "Left" : 10,
                      "Message" : "Incorrect file name!",
                      "MessageType" : "error",
                      "ResponsiveLayout" : false,
                      "ShowDataLoading" : true,
                      "Top" : 220,
                      "Type" : "statusmessage",
                      "Visible" : true,
                      "Width" : 200,
                      "Z-index" : 10,
                      "__TypeDisplayName" : "Status Message"
                    },
                    "Widgets" : [ ]
                  }, {
                    "Properties" : {
                      "Area" : "UI",
                      "DisplayName" : "statusmessage-7",
                      "Height" : 28,
                      "Id" : "statusmessage-7",
                      "Left" : 15,
                      "Message" : "Upload success",
                      "MessageType" : "info",
                      "ResponsiveLayout" : false,
                      "ShowDataLoading" : true,
                      "Top" : 160,
                      "Type" : "statusmessage",
                      "Visible" : true,
                      "Width" : 200,
                      "Z-index" : 10,
                      "__TypeDisplayName" : "Status Message"
                    },
                    "Widgets" : [ ]
                  }, {
                    "Properties" : {
                      "Area" : "UI",
                      "DisplayName" : "statusmessage-8",
                      "Height" : 28,
                      "Id" : "statusmessage-8",
                      "Left" : 10,
                      "Message" : "Upload failed",
                      "MessageType" : "error",
                      "ResponsiveLayout" : false,
                      "ShowDataLoading" : true,
                      "Top" : 245,
                      "Type" : "statusmessage",
                      "Visible" : true,
                      "Width" : 200,
                      "Z-index" : 10,
                      "__TypeDisplayName" : "Status Message"
                    },
                    "Widgets" : [ ]
                  } ]
                } ]
              },
              "mashupType" : "mashup"
            }
            ]]>
            </mashupContent>
            <preview></preview>
        </Mashup>
    </Mashups>
</Entities>
