<?xml version="1.0" encoding="UTF-8"?>
<Entities
 build="b222"
 majorVersion="8"
 minorVersion="5"
 modelPersistenceProviderPackage="PostgresPersistenceProviderPackage"
 revision="4"
 schemaVersion="1053"
 universal="">
    <Mashups>
        <Mashup
         aspect.isResponsive="true"
         aspect.mashupType="mashup"
         columns="0.0"
         description=""
         documentationContent=""
         homeMashup=""
         lastModifiedDate="2020-11-03T04:56:33.603Z"
         name="BayerDailyPerformancePanelCell"
         projectName="BayerIoT"
         rows="0.0"
         tags="Applications:Bayer">
            <avatar></avatar>
            <DesignTimePermissions>
                <Create></Create>
                <Read>
                    <Principal
                     isPermitted="true"
                     name="App.BayerPerformanceDashboard"
                     type="Group"></Principal>
                </Read>
                <Update></Update>
                <Delete></Delete>
                <Metadata></Metadata>
            </DesignTimePermissions>
            <RunTimePermissions></RunTimePermissions>
            <VisibilityPermissions>
                <Visibility>
                    <Principal
                     isPermitted="true"
                     name="Bayer:PerformanceDashboard"
                     type="OrganizationalUnit"></Principal>
                </Visibility>
            </VisibilityPermissions>
            <ConfigurationTableDefinitions></ConfigurationTableDefinitions>
            <ConfigurationTables></ConfigurationTables>
            <ParameterDefinitions>
                <FieldDefinition
                 aspect.dataShape="BayerPerformancePerShiftDataShape"
                 aspect.ordinal="1"
                 baseType="INFOTABLE"
                 description=""
                 name="dailyPerformance"
                 ordinal="0"></FieldDefinition>
                <FieldDefinition
                 aspect.ordinal="0"
                 baseType="DATETIME"
                 description=""
                 name="timestamp"
                 ordinal="0"></FieldDefinition>
                <FieldDefinition
                 aspect.ordinal="2"
                 baseType="NUMBER"
                 description=""
                 name="yAxisMax"
                 ordinal="0"></FieldDefinition>
                <FieldDefinition
                 aspect.ordinal="3"
                 baseType="NUMBER"
                 description=""
                 name="yAxisMin"
                 ordinal="0"></FieldDefinition>
            </ParameterDefinitions>
            <Things></Things>
            <ThingShapes></ThingShapes>
            <ThingTemplates></ThingTemplates>
            <mashupContent>
            <![CDATA[
            {
              "CustomMashupCss" : "",
              "Data" : {
                "Session" : {
                  "DataName" : "Session",
                  "EntityName" : "",
                  "EntityType" : "Session",
                  "Id" : "session",
                  "Services" : [ {
                    "APIMethod" : "post",
                    "Characteristic" : "Services",
                    "Id" : "SessionInterface",
                    "Name" : "GetGlobalSessionValues",
                    "Parameters" : { },
                    "RefreshInterval" : 0,
                    "Target" : "GetGlobalSessionValues"
                  } ]
                },
                "UserExtensions" : {
                  "DataName" : "UserExtensions",
                  "EntityName" : "",
                  "EntityType" : "UserExtensions",
                  "Id" : "UserExtensions",
                  "Services" : [ {
                    "APIMethod" : "post",
                    "Characteristic" : "Services",
                    "Id" : "UserExtensionInterface",
                    "Name" : "GetCurrentUserExtensionProperties",
                    "Parameters" : { },
                    "RefreshInterval" : 0,
                    "Target" : "GetCurrentUserExtensionProperties"
                  } ]
                }
              },
              "DataBindings" : [ {
                "Id" : "265c91b9-2f51-429f-b951-7079ea7c2c7b",
                "PropertyMaps" : [ {
                  "SourceProperty" : "timestamp",
                  "SourcePropertyBaseType" : "DATETIME",
                  "SourcePropertyType" : "Property",
                  "TargetProperty" : "Data",
                  "TargetPropertyBaseType" : "ANYSCALAR",
                  "TargetPropertyType" : "property"
                } ],
                "SourceArea" : "Mashup",
                "SourceId" : "mashup-root",
                "SourceSection" : "",
                "TargetArea" : "UI",
                "TargetId" : "valuedisplay-12",
                "TargetSection" : ""
              }, {
                "Id" : "e0764b47-6efc-4ce0-9f9e-b90a2c8b9136",
                "PropertyMaps" : [ {
                  "SourceProperty" : "dailyPerformance",
                  "SourcePropertyBaseType" : "INFOTABLE",
                  "SourcePropertyType" : "Property",
                  "TargetProperty" : "Data",
                  "TargetPropertyBaseType" : "INFOTABLE",
                  "TargetPropertyType" : "property"
                } ],
                "SourceArea" : "Mashup",
                "SourceDetails" : "AllData",
                "SourceId" : "mashup-root",
                "SourceSection" : "",
                "TargetArea" : "UI",
                "TargetId" : "labelchart-13",
                "TargetSection" : ""
              }, {
                "Id" : "69f88234-ab27-4ab1-adb5-f37ce221691f",
                "PropertyMaps" : [ {
                  "SourceProperty" : "yAxisMin",
                  "SourcePropertyBaseType" : "NUMBER",
                  "SourcePropertyType" : "Property",
                  "TargetProperty" : "YAxisMinimum",
                  "TargetPropertyBaseType" : "NUMBER",
                  "TargetPropertyType" : "property"
                } ],
                "SourceArea" : "Mashup",
                "SourceId" : "mashup-root",
                "SourceSection" : "",
                "TargetArea" : "UI",
                "TargetId" : "labelchart-13",
                "TargetSection" : ""
              }, {
                "Id" : "59d353a4-1789-4917-99b5-2322d8a8e673",
                "PropertyMaps" : [ {
                  "SourceProperty" : "yAxisMax",
                  "SourcePropertyBaseType" : "NUMBER",
                  "SourcePropertyType" : "Property",
                  "TargetProperty" : "YAxisMaximum",
                  "TargetPropertyBaseType" : "NUMBER",
                  "TargetPropertyType" : "property"
                } ],
                "SourceArea" : "Mashup",
                "SourceId" : "mashup-root",
                "SourceSection" : "",
                "TargetArea" : "UI",
                "TargetId" : "labelchart-13",
                "TargetSection" : ""
              } ],
              "DesignTimePermissions" : {
                "Create" : [ ],
                "Delete" : [ ],
                "Metadata" : [ ],
                "Read" : [ {
                  "isPermitted" : true,
                  "name" : "App.BayerPerformanceDashboard",
                  "type" : "Group"
                } ],
                "Update" : [ ]
              },
              "Events" : [ ],
              "RunTimePermissions" : {
                "permissions" : [ ]
              },
              "UI" : {
                "Properties" : {
                  "AddToDashboardButton" : "SimplePlus",
                  "AddToDashboardButtonStyle" : "DefaultAddToDashboardButtonStyle",
                  "Area" : "Mashup",
                  "BGImage" : "",
                  "BGImageRepeat" : "no-repeat",
                  "BGImageSize" : "auto",
                  "Columns" : 0,
                  "ConfigureGadgetButton" : "SimpleGear",
                  "ConfigureGadgetButtonStyle" : "DefaultConfigureGadgetButtonStyle",
                  "DisplayName" : "Mashup",
                  "EnableParameterEditing" : false,
                  "Height" : 618,
                  "Id" : "mashup-root",
                  "IgnoreWarningsInViewMashup" : false,
                  "IsPrintLayout" : false,
                  "Left" : 0,
                  "MashupToEditGadget" : "DefaultMashupToEditGadget",
                  "MinHeight" : 0,
                  "MinWidth" : 0,
                  "ResponsiveLayout" : true,
                  "Rows" : 0,
                  "ShowDataLoading" : true,
                  "Style" : "DefaultMashupStyle",
                  "StyleTheme" : "Base Theme",
                  "Title" : "",
                  "TitleBar" : false,
                  "TitleBarStyle" : "DefaultTitleBarStyle",
                  "TitleBarText" : "Gadget Title Here",
                  "Top" : 0,
                  "Type" : "mashup",
                  "UseMasterTheme" : false,
                  "UseTheme" : false,
                  "UseThemeForHybrids" : false,
                  "Visible" : true,
                  "Width" : 1024,
                  "Z-index" : 10,
                  "__TypeDisplayName" : "Mashup",
                  "_currentParameterDefs" : [ {
                    "BaseType" : "DATETIME",
                    "Description" : "",
                    "ParameterName" : "timestamp"
                  }, {
                    "Aspects" : {
                      "dataShape" : "BayerPerformancePerShiftDataShape"
                    },
                    "BaseType" : "INFOTABLE",
                    "Description" : "",
                    "ParameterName" : "dailyPerformance"
                  }, {
                    "BaseType" : "NUMBER",
                    "DefaultValue" : 1000,
                    "Description" : "",
                    "ParameterName" : "yAxisMax"
                  }, {
                    "BaseType" : "NUMBER",
                    "DefaultValue" : 0,
                    "Description" : "",
                    "ParameterName" : "yAxisMin"
                  } ],
                  "id_index" : 21,
                  "supportsAutoResize" : true,
                  "yAxisMax" : 1000,
                  "yAxisMin" : 0
                },
                "Widgets" : [ {
                  "Properties" : {
                    "Area" : "UI",
                    "Columns" : 1,
                    "DisplayName" : "CellLayout",
                    "Footer" : false,
                    "FooterHeight" : 0,
                    "Header" : false,
                    "HeaderHeight" : 0,
                    "Id" : "layout-9",
                    "IncludeSpacingInFixedAreas" : false,
                    "IsPrintLayout" : false,
                    "LastContainer" : false,
                    "Left" : 280,
                    "LeftSidebar" : true,
                    "LeftSidebarWidth" : 90,
                    "Orientation" : "horizontal",
                    "PctColumn1" : 100,
                    "PctColumn2" : 50,
                    "PctColumn3" : 1,
                    "PctColumn4" : 1,
                    "PctColumn5" : 1,
                    "PctColumn6" : 1,
                    "PctColumn7" : 1,
                    "PctColumn8" : 1,
                    "PctRow1" : 50,
                    "PctRow2" : 50,
                    "PctRow3" : 0,
                    "PctRow4" : 0,
                    "PctRow5" : 0,
                    "PctRow6" : 0,
                    "PctRow7" : 0,
                    "PctRow8" : 0,
                    "PrintMarginLeftRight" : 0.5,
                    "PrintMarginTopBottom" : 0.5,
                    "PrintWidth" : 650,
                    "ResponsiveLayout" : true,
                    "RightSidebar" : true,
                    "RightSidebarWidth" : 10,
                    "Rows" : 0,
                    "ShowDataLoading" : true,
                    "Spacing" : 0,
                    "Top" : 190,
                    "Type" : "layout",
                    "Visible" : true,
                    "Z-index" : 10,
                    "__TypeDisplayName" : "Layout"
                  },
                  "Widgets" : [ {
                    "Properties" : {
                      "AnimateExpandCollapse" : true,
                      "Area" : "UI",
                      "BGImageRepeat" : "no-repeat",
                      "BGImageSize" : "auto",
                      "DisplayName" : "Left Sidebar",
                      "ExpandCollapseTabLocation" : "outside",
                      "Expanded" : true,
                      "Id" : "container-10",
                      "LastContainer" : false,
                      "MinHeight" : 0,
                      "MinWidth" : 0,
                      "Overlay" : false,
                      "OverlayIsTransparent" : false,
                      "ResponsiveLayout" : true,
                      "ShowDataLoading" : true,
                      "ShowExpandCollapseTab" : false,
                      "Style" : "DefaultContainerStyle",
                      "TabCollapseStyle" : "DefaultTabCollapseStyle",
                      "TabExpandStyle" : "DefaultTabExpandStyle",
                      "TabHeight" : 36,
                      "TabLocation" : "center",
                      "TabOffset" : 0,
                      "TabWidth" : 36,
                      "Type" : "container",
                      "Visible" : true,
                      "Z-index" : 10,
                      "__TypeDisplayName" : "Container",
                      "userCannotRemove" : true
                    },
                    "Widgets" : [ {
                      "Properties" : {
                        "Alignment" : "center",
                        "Area" : "UI",
                        "BackgroundFill" : "content",
                        "DisplayName" : "valuedisplay-12",
                        "Height" : 22,
                        "Id" : "valuedisplay-12",
                        "ImageScaling" : "Width",
                        "Label" : "",
                        "LabelAlignment" : "left",
                        "LastContainer" : false,
                        "Left" : 10,
                        "Overflow" : "hidden",
                        "ResponsiveLayout" : true,
                        "ShowDataLoading" : true,
                        "TextIfNoValue" : "",
                        "TextIfNoValueOffset" : 0,
                        "TextIfNoValueStyle" : "DefaultValueDisplayNoTextStyle",
                        "TextWrap" : true,
                        "ToolTipField" : "",
                        "ToolTipStyle" : "DefaultTooltipStyle",
                        "Top" : 245,
                        "Type" : "valuedisplay",
                        "ValueDisplayLabelStyle" : "DefaultWidgetLabelStyle",
                        "ValueDisplayStyle" : "Bayer_PanelTitle",
                        "ValueFormat" : {
                          "FormatString" : "[[Bayer.TimeFormat2]]",
                          "formatInfo" : {
                            "FieldName" : "",
                            "StateDefinition" : "",
                            "StateDefinitionType" : "fixed",
                            "StateFormats" : [ {
                              "state" : "",
                              "stateName" : "fixed"
                            } ]
                          },
                          "renderer" : "DATETIME",
                          "roundingEnabled" : true
                        },
                        "ValueFormat_StateParameters" : [ ],
                        "VerticalAlignment" : "middle",
                        "Visible" : true,
                        "Width" : 100,
                        "Z-index" : 10,
                        "__TypeDisplayName" : "Value Display",
                        "__supportsLabel" : true,
                        "__supportsTooltip" : true
                      },
                      "Widgets" : [ ]
                    } ]
                  }, {
                    "Properties" : {
                      "AnimateExpandCollapse" : true,
                      "Area" : "UI",
                      "BGImageRepeat" : "no-repeat",
                      "BGImageSize" : "auto",
                      "DisplayName" : "Column 1",
                      "ExpandCollapseTabLocation" : "outside",
                      "Expanded" : true,
                      "Id" : "container-11",
                      "LastContainer" : false,
                      "MinHeight" : 0,
                      "MinWidth" : 0,
                      "Overlay" : false,
                      "OverlayIsTransparent" : false,
                      "ResponsiveLayout" : true,
                      "ShowDataLoading" : true,
                      "ShowExpandCollapseTab" : false,
                      "Style" : "DefaultContainerStyle",
                      "TabCollapseStyle" : "DefaultTabCollapseStyle",
                      "TabExpandStyle" : "DefaultTabExpandStyle",
                      "TabHeight" : 36,
                      "TabLocation" : "center",
                      "TabOffset" : 0,
                      "TabWidth" : 36,
                      "Type" : "container",
                      "Visible" : true,
                      "Z-index" : 10,
                      "__TypeDisplayName" : "Container",
                      "userCannotRemove" : true
                    },
                    "Widgets" : [ {
                      "Properties" : {
                        "AllowSelection" : true,
                        "AllowYAxisZoom" : false,
                        "Area" : "UI",
                        "AxisAutoscale1" : true,
                        "AxisAutoscale10" : true,
                        "AxisAutoscale11" : true,
                        "AxisAutoscale12" : true,
                        "AxisAutoscale13" : true,
                        "AxisAutoscale14" : true,
                        "AxisAutoscale15" : true,
                        "AxisAutoscale16" : true,
                        "AxisAutoscale17" : true,
                        "AxisAutoscale18" : true,
                        "AxisAutoscale19" : true,
                        "AxisAutoscale2" : true,
                        "AxisAutoscale20" : true,
                        "AxisAutoscale21" : true,
                        "AxisAutoscale22" : true,
                        "AxisAutoscale23" : true,
                        "AxisAutoscale24" : true,
                        "AxisAutoscale3" : true,
                        "AxisAutoscale4" : true,
                        "AxisAutoscale5" : true,
                        "AxisAutoscale6" : true,
                        "AxisAutoscale7" : true,
                        "AxisAutoscale8" : true,
                        "AxisAutoscale9" : true,
                        "AxisFormat1" : "0000.0",
                        "AxisFormat10" : "0000.0",
                        "AxisFormat11" : "0000.0",
                        "AxisFormat12" : "0000.0",
                        "AxisFormat13" : "0000.0",
                        "AxisFormat14" : "0000.0",
                        "AxisFormat15" : "0000.0",
                        "AxisFormat16" : "0000.0",
                        "AxisFormat17" : "0000.0",
                        "AxisFormat18" : "0000.0",
                        "AxisFormat19" : "0000.0",
                        "AxisFormat2" : "0000.0",
                        "AxisFormat20" : "0000.0",
                        "AxisFormat21" : "0000.0",
                        "AxisFormat22" : "0000.0",
                        "AxisFormat23" : "0000.0",
                        "AxisFormat24" : "0000.0",
                        "AxisFormat3" : "0000.0",
                        "AxisFormat4" : "0000.0",
                        "AxisFormat5" : "0000.0",
                        "AxisFormat6" : "0000.0",
                        "AxisFormat7" : "0000.0",
                        "AxisFormat8" : "0000.0",
                        "AxisFormat9" : "0000.0",
                        "AxisMaximum1" : 100,
                        "AxisMaximum10" : 100,
                        "AxisMaximum11" : 100,
                        "AxisMaximum12" : 100,
                        "AxisMaximum13" : 100,
                        "AxisMaximum14" : 100,
                        "AxisMaximum15" : 100,
                        "AxisMaximum16" : 100,
                        "AxisMaximum17" : 100,
                        "AxisMaximum18" : 100,
                        "AxisMaximum19" : 100,
                        "AxisMaximum2" : 100,
                        "AxisMaximum20" : 100,
                        "AxisMaximum21" : 100,
                        "AxisMaximum22" : 100,
                        "AxisMaximum23" : 100,
                        "AxisMaximum24" : 100,
                        "AxisMaximum3" : 100,
                        "AxisMaximum4" : 100,
                        "AxisMaximum5" : 100,
                        "AxisMaximum6" : 100,
                        "AxisMaximum7" : 100,
                        "AxisMaximum8" : 100,
                        "AxisMaximum9" : 100,
                        "AxisMinimum1" : 0,
                        "AxisMinimum10" : 0,
                        "AxisMinimum11" : 0,
                        "AxisMinimum12" : 0,
                        "AxisMinimum13" : 0,
                        "AxisMinimum14" : 0,
                        "AxisMinimum15" : 0,
                        "AxisMinimum16" : 0,
                        "AxisMinimum17" : 0,
                        "AxisMinimum18" : 0,
                        "AxisMinimum19" : 0,
                        "AxisMinimum2" : 0,
                        "AxisMinimum20" : 0,
                        "AxisMinimum21" : 0,
                        "AxisMinimum22" : 0,
                        "AxisMinimum23" : 0,
                        "AxisMinimum24" : 0,
                        "AxisMinimum3" : 0,
                        "AxisMinimum4" : 0,
                        "AxisMinimum5" : 0,
                        "AxisMinimum6" : 0,
                        "AxisMinimum7" : 0,
                        "AxisMinimum8" : 0,
                        "AxisMinimum9" : 0,
                        "AxisZeroscale1" : false,
                        "AxisZeroscale10" : false,
                        "AxisZeroscale11" : false,
                        "AxisZeroscale12" : false,
                        "AxisZeroscale13" : false,
                        "AxisZeroscale14" : false,
                        "AxisZeroscale15" : false,
                        "AxisZeroscale16" : false,
                        "AxisZeroscale17" : false,
                        "AxisZeroscale18" : false,
                        "AxisZeroscale19" : false,
                        "AxisZeroscale2" : false,
                        "AxisZeroscale20" : false,
                        "AxisZeroscale21" : false,
                        "AxisZeroscale22" : false,
                        "AxisZeroscale23" : false,
                        "AxisZeroscale24" : false,
                        "AxisZeroscale3" : false,
                        "AxisZeroscale4" : false,
                        "AxisZeroscale5" : false,
                        "AxisZeroscale6" : false,
                        "AxisZeroscale7" : false,
                        "AxisZeroscale8" : false,
                        "AxisZeroscale9" : false,
                        "ChartAreaStyle" : "DefaultChartAreaStyle",
                        "ChartLegendStyle" : "DefaultChartLegendStyle",
                        "ChartOrientation" : "horizontal",
                        "ChartStyle" : "DefaultChartStyle",
                        "ChartTitle" : "",
                        "ChartTitleStyle" : "DefaultChartTitleStyle",
                        "ChartType" : "bar",
                        "DataField1" : "performance",
                        "DataField2" : "targetQuantity",
                        "DataLabel1" : "Performance",
                        "DataLabel2" : "Target",
                        "DisplayName" : "labelchart-13",
                        "EnableHover" : true,
                        "GridStyle" : "DefaultChartGridStyle",
                        "Height" : 240,
                        "Id" : "labelchart-13",
                        "LastContainer" : false,
                        "Left" : 435,
                        "LegendLocation" : "right",
                        "LegendOrientation" : "horizontal",
                        "LegendWidth" : 0.01,
                        "MarkerSize" : 3,
                        "MarkerType" : "circle",
                        "NumberOfSeries" : 1,
                        "ResponsiveLayout" : true,
                        "SecondaryYAxisAutoscale" : true,
                        "SecondaryYAxisFormat" : "0000.0",
                        "SecondaryYAxisMaximum" : 100,
                        "SecondaryYAxisMinimum" : 0,
                        "SecondaryYAxisTitle" : "",
                        "SecondaryYAxisZeroscale" : false,
                        "SelectedItemStyle" : "DefaultChartSelectionStyle",
                        "SeriesDataStyle1" : {
                          "FieldName" : "performance",
                          "StateDefinition" : "BayerBarChartStateFormatting",
                          "StateDefinitionType" : "numeric",
                          "StateFormats" : [ {
                            "comparator" : "<=",
                            "state" : "Bayer_GaugeProgressRed",
                            "stateName" : "",
                            "value" : "75"
                          }, {
                            "comparator" : "<=",
                            "state" : "Bayer_Color_Yellow",
                            "stateName" : "",
                            "value" : "90"
                          }, {
                            "state" : "Bayer_GaugeProgress",
                            "stateName" : ""
                          } ]
                        },
                        "SeriesDataStyle10_StateParameters" : [ ],
                        "SeriesDataStyle11_StateParameters" : [ ],
                        "SeriesDataStyle12_StateParameters" : [ ],
                        "SeriesDataStyle13_StateParameters" : [ ],
                        "SeriesDataStyle14_StateParameters" : [ ],
                        "SeriesDataStyle15_StateParameters" : [ ],
                        "SeriesDataStyle16_StateParameters" : [ ],
                        "SeriesDataStyle17_StateParameters" : [ ],
                        "SeriesDataStyle18_StateParameters" : [ ],
                        "SeriesDataStyle19_StateParameters" : [ ],
                        "SeriesDataStyle1_StateParameters" : [ ],
                        "SeriesDataStyle20_StateParameters" : [ ],
                        "SeriesDataStyle21_StateParameters" : [ ],
                        "SeriesDataStyle22_StateParameters" : [ ],
                        "SeriesDataStyle23_StateParameters" : [ ],
                        "SeriesDataStyle24_StateParameters" : [ ],
                        "SeriesDataStyle2_StateParameters" : [ ],
                        "SeriesDataStyle3_StateParameters" : [ ],
                        "SeriesDataStyle4_StateParameters" : [ ],
                        "SeriesDataStyle5_StateParameters" : [ ],
                        "SeriesDataStyle6_StateParameters" : [ ],
                        "SeriesDataStyle7_StateParameters" : [ ],
                        "SeriesDataStyle8_StateParameters" : [ ],
                        "SeriesDataStyle9_StateParameters" : [ ],
                        "SeriesMarkerType1" : "chart",
                        "SeriesMarkerType10" : "chart",
                        "SeriesMarkerType11" : "chart",
                        "SeriesMarkerType12" : "chart",
                        "SeriesMarkerType13" : "chart",
                        "SeriesMarkerType14" : "chart",
                        "SeriesMarkerType15" : "chart",
                        "SeriesMarkerType16" : "chart",
                        "SeriesMarkerType17" : "chart",
                        "SeriesMarkerType18" : "chart",
                        "SeriesMarkerType19" : "chart",
                        "SeriesMarkerType2" : "chart",
                        "SeriesMarkerType20" : "chart",
                        "SeriesMarkerType21" : "chart",
                        "SeriesMarkerType22" : "chart",
                        "SeriesMarkerType23" : "chart",
                        "SeriesMarkerType24" : "chart",
                        "SeriesMarkerType3" : "chart",
                        "SeriesMarkerType4" : "chart",
                        "SeriesMarkerType5" : "chart",
                        "SeriesMarkerType6" : "chart",
                        "SeriesMarkerType7" : "chart",
                        "SeriesMarkerType8" : "chart",
                        "SeriesMarkerType9" : "chart",
                        "SeriesStyle1" : "DefaultChartStyle1",
                        "SeriesStyle10" : "DefaultChartStyle10",
                        "SeriesStyle11" : "DefaultChartStyle11",
                        "SeriesStyle12" : "DefaultChartStyle12",
                        "SeriesStyle13" : "DefaultChartStyle13",
                        "SeriesStyle14" : "DefaultChartStyle14",
                        "SeriesStyle15" : "DefaultChartStyle15",
                        "SeriesStyle16" : "DefaultChartStyle16",
                        "SeriesStyle17" : "DefaultChartStyle17",
                        "SeriesStyle18" : "DefaultChartStyle18",
                        "SeriesStyle19" : "DefaultChartStyle19",
                        "SeriesStyle2" : "Bayer_BlueLine",
                        "SeriesStyle20" : "DefaultChartStyle20",
                        "SeriesStyle21" : "DefaultChartStyle21",
                        "SeriesStyle22" : "DefaultChartStyle22",
                        "SeriesStyle23" : "DefaultChartStyle23",
                        "SeriesStyle24" : "DefaultChartStyle24",
                        "SeriesStyle3" : "DefaultChartStyle3",
                        "SeriesStyle4" : "DefaultChartStyle4",
                        "SeriesStyle5" : "DefaultChartStyle5",
                        "SeriesStyle6" : "DefaultChartStyle6",
                        "SeriesStyle7" : "DefaultChartStyle7",
                        "SeriesStyle8" : "DefaultChartStyle8",
                        "SeriesStyle9" : "DefaultChartStyle9",
                        "SeriesType1" : "bar",
                        "SeriesType10" : "chart",
                        "SeriesType11" : "chart",
                        "SeriesType12" : "chart",
                        "SeriesType13" : "chart",
                        "SeriesType14" : "chart",
                        "SeriesType15" : "chart",
                        "SeriesType16" : "chart",
                        "SeriesType17" : "chart",
                        "SeriesType18" : "chart",
                        "SeriesType19" : "chart",
                        "SeriesType2" : "line",
                        "SeriesType20" : "chart",
                        "SeriesType21" : "chart",
                        "SeriesType22" : "chart",
                        "SeriesType23" : "chart",
                        "SeriesType24" : "chart",
                        "SeriesType3" : "chart",
                        "SeriesType4" : "chart",
                        "SeriesType5" : "chart",
                        "SeriesType6" : "chart",
                        "SeriesType7" : "chart",
                        "SeriesType8" : "chart",
                        "SeriesType9" : "chart",
                        "ShowDataLoading" : true,
                        "ShowLegend" : false,
                        "ShowXAxis" : true,
                        "ShowXAxisGrid" : true,
                        "ShowXAxisLabels" : true,
                        "ShowXAxisTicks" : true,
                        "ShowYAxis" : true,
                        "ShowYAxisGrid" : true,
                        "ShowYAxisLabels" : true,
                        "ShowYAxisSmartLabels" : false,
                        "ShowYAxisTicks" : true,
                        "SingleDataSource" : true,
                        "Smoothing" : false,
                        "StackSeries" : false,
                        "ToolTipStyle" : "DefaultTooltipStyle",
                        "Top" : 275,
                        "TruncateX-AxisLabels" : 0,
                        "TruncateY-AxisLabels" : 20,
                        "Type" : "labelchart",
                        "UseSecondaryAxis1" : false,
                        "UseSecondaryAxis10" : false,
                        "UseSecondaryAxis11" : false,
                        "UseSecondaryAxis12" : false,
                        "UseSecondaryAxis13" : false,
                        "UseSecondaryAxis14" : false,
                        "UseSecondaryAxis15" : false,
                        "UseSecondaryAxis16" : false,
                        "UseSecondaryAxis17" : false,
                        "UseSecondaryAxis18" : false,
                        "UseSecondaryAxis19" : false,
                        "UseSecondaryAxis2" : false,
                        "UseSecondaryAxis20" : false,
                        "UseSecondaryAxis21" : false,
                        "UseSecondaryAxis22" : false,
                        "UseSecondaryAxis23" : false,
                        "UseSecondaryAxis24" : false,
                        "UseSecondaryAxis3" : false,
                        "UseSecondaryAxis4" : false,
                        "UseSecondaryAxis5" : false,
                        "UseSecondaryAxis6" : false,
                        "UseSecondaryAxis7" : false,
                        "UseSecondaryAxis8" : false,
                        "UseSecondaryAxis9" : false,
                        "Visible" : true,
                        "Width" : 640,
                        "XAxisField" : "shift",
                        "XAxisFormat" : "0000",
                        "XAxisLabelRotation" : 0,
                        "XAxisLabelType" : "STRING",
                        "XAxisStyle" : "DefaultChartAxisStyle",
                        "XAxisTitle" : "",
                        "YAxisAutoscale" : false,
                        "YAxisFormat" : "00000000 %",
                        "YAxisIntervals" : 10,
                        "YAxisLabels" : 2,
                        "YAxisMaximum" : 100,
                        "YAxisMinimum" : 0,
                        "YAxisMinorTicks" : 1,
                        "YAxisMode" : "single",
                        "YAxisStyle" : "DefaultChartAxisStyle",
                        "YAxisTitle" : "",
                        "YAxisZeroscale" : false,
                        "Z-index" : 10,
                        "__TypeDisplayName" : "Label Chart",
                        "__supportsTooltip" : true
                      },
                      "Widgets" : [ ]
                    } ]
                  }, {
                    "Properties" : {
                      "AnimateExpandCollapse" : true,
                      "Area" : "UI",
                      "BGImageRepeat" : "no-repeat",
                      "BGImageSize" : "auto",
                      "DisplayName" : "Right Sidebar",
                      "ExpandCollapseTabLocation" : "outside",
                      "Expanded" : true,
                      "Id" : "container-21",
                      "MinHeight" : 0,
                      "MinWidth" : 0,
                      "Overlay" : false,
                      "OverlayIsTransparent" : false,
                      "ResponsiveLayout" : true,
                      "ShowDataLoading" : true,
                      "ShowExpandCollapseTab" : false,
                      "Style" : "DefaultContainerStyle",
                      "TabCollapseStyle" : "DefaultTabCollapseStyle",
                      "TabExpandStyle" : "DefaultTabExpandStyle",
                      "TabHeight" : 36,
                      "TabLocation" : "center",
                      "TabOffset" : 0,
                      "TabWidth" : 36,
                      "Type" : "container",
                      "Visible" : false,
                      "Z-index" : 10,
                      "__TypeDisplayName" : "Container",
                      "userCannotRemove" : true
                    },
                    "Widgets" : [ ]
                  } ]
                } ]
              },
              "mashupType" : "mashup"
            }
            ]]>
            </mashupContent>
            <preview></preview>
        </Mashup>
    </Mashups>
</Entities>
