<?xml version="1.0" encoding="UTF-8"?>
<Entities
 build="b2319"
 majorVersion="8"
 minorVersion="4"
 modelPersistenceProviderPackage="PostgresPersistenceProviderPackage"
 revision="4"
 schemaVersion="1041"
 universal="">
    <Mashups>
        <Mashup
         aspect.isResponsive="true"
         aspect.mashupType="mashup"
         columns="0.0"
         description=""
         documentationContent=""
         homeMashup=""
         lastModifiedDate="2019-10-02T09:51:40.712Z"
         name="BayerMainMashup"
         projectName="BayerIoT"
         rows="0.0"
         tags="Applications:Bayer">
            <avatar></avatar>
            <DesignTimePermissions>
                <Create></Create>
                <Read></Read>
                <Update></Update>
                <Delete></Delete>
                <Metadata></Metadata>
            </DesignTimePermissions>
            <RunTimePermissions></RunTimePermissions>
            <VisibilityPermissions>
                <Visibility>
                    <Principal
                     isPermitted="true"
                     name="Bayer:PerformanceDashboard"
                     type="OrganizationalUnit"></Principal>
                </Visibility>
            </VisibilityPermissions>
            <ConfigurationTableDefinitions></ConfigurationTableDefinitions>
            <ConfigurationTables></ConfigurationTables>
            <ParameterDefinitions>
                <FieldDefinition
                 aspect.bindingDirection="BOTH"
                 aspect.isMandatory="false"
                 aspect.ordinal="0"
                 baseType="STRING"
                 description=""
                 name="demo"
                 ordinal="0"></FieldDefinition>
                <FieldDefinition
                 aspect.bindingDirection="IN"
                 aspect.isMandatory="false"
                 aspect.ordinal="1"
                 baseType="THINGNAME"
                 description=""
                 name="line"
                 ordinal="0"></FieldDefinition>
            </ParameterDefinitions>
            <Things>
                <Thing>BayerMainPage</Thing>
            </Things>
            <ThingShapes></ThingShapes>
            <ThingTemplates></ThingTemplates>
            <mashupContent>
            <![CDATA[
            {
              "CustomMashupCss" : ".header-logo img {\n    max-width: 65px;\n}",
              "Data" : {
                "MediaEntities_Bayer_Logo" : {
                  "DataName" : "MediaEntities_Bayer_Logo",
                  "EntityName" : "Bayer_Logo",
                  "EntityType" : "MediaEntities",
                  "Id" : "2454e1b2-1639-4892-9024-366ed0c7d76f",
                  "Services" : [ {
                    "APIMethod" : "post",
                    "Characteristic" : "Services",
                    "Id" : "039cee63-fe0f-4838-a477-d05c5d2bbd8d",
                    "Name" : "GetImage",
                    "Parameters" : { },
                    "RefreshInterval" : 0,
                    "Target" : "GetImage"
                  } ]
                },
                "Session" : {
                  "DataName" : "Session",
                  "EntityName" : "",
                  "EntityType" : "Session",
                  "Id" : "session",
                  "Services" : [ {
                    "APIMethod" : "post",
                    "Characteristic" : "Services",
                    "Id" : "SessionInterface",
                    "Name" : "GetGlobalSessionValues",
                    "Parameters" : { },
                    "RefreshInterval" : 0,
                    "Target" : "GetGlobalSessionValues"
                  } ]
                },
                "Things_BayerMainPage" : {
                  "DataName" : "Things_BayerMainPage",
                  "EntityName" : "BayerMainPage",
                  "EntityType" : "Things",
                  "Id" : "8835272c-7f5d-4f71-87ae-d41c21780afb",
                  "Services" : [ {
                    "APIMethod" : "post",
                    "Characteristic" : "Services",
                    "Id" : "bef3880e-1d68-4f41-bd8a-a4512c0da361",
                    "Name" : "GetMenuContent",
                    "Parameters" : { },
                    "RefreshInterval" : 0,
                    "Target" : "GetMenuContent"
                  } ]
                },
                "UserExtensions" : {
                  "DataName" : "UserExtensions",
                  "EntityName" : "",
                  "EntityType" : "UserExtensions",
                  "Id" : "UserExtensions",
                  "Services" : [ {
                    "APIMethod" : "post",
                    "Characteristic" : "Services",
                    "Id" : "UserExtensionInterface",
                    "Name" : "GetCurrentUserExtensionProperties",
                    "Parameters" : { },
                    "RefreshInterval" : 0,
                    "Target" : "GetCurrentUserExtensionProperties"
                  } ]
                }
              },
              "DataBindings" : [ {
                "Id" : "8135d47f-51f9-4a22-ad48-948aee8ae123",
                "PropertyMaps" : [ {
                  "SourceProperty" : "",
                  "SourcePropertyBaseType" : "INFOTABLE",
                  "SourcePropertyType" : "InfoTable",
                  "TargetProperty" : "Data",
                  "TargetPropertyBaseType" : "INFOTABLE",
                  "TargetPropertyType" : "property"
                } ],
                "SourceArea" : "Data",
                "SourceDetails" : "AllData",
                "SourceId" : "GetMenuContent",
                "SourceSection" : "Things_BayerMainPage",
                "TargetArea" : "UI",
                "TargetId" : "collection-12",
                "TargetSection" : ""
              }, {
                "Id" : "a89b37af-8427-4144-ac42-9cc4ffa28e83",
                "PropertyMaps" : [ {
                  "SourceProperty" : "demo",
                  "SourcePropertyBaseType" : "STRING",
                  "TargetProperty" : "demo",
                  "TargetPropertyBaseType" : "STRING",
                  "TargetPropertyType" : "Parameter"
                } ],
                "SourceArea" : "Mashup",
                "SourceId" : "mashup-root",
                "SourceSection" : "",
                "TargetArea" : "Data",
                "TargetId" : "GetMenuContent",
                "TargetSection" : "Things_BayerMainPage"
              }, {
                "Id" : "eb268e3f-99ef-416a-9a54-7cd57a85f8a0",
                "PropertyMaps" : [ {
                  "SourceProperty" : "mashup",
                  "SourcePropertyBaseType" : "MASHUPNAME",
                  "SourcePropertyType" : "Field",
                  "TargetProperty" : "Name",
                  "TargetPropertyBaseType" : "MASHUPNAME",
                  "TargetPropertyType" : "property"
                } ],
                "SourceArea" : "Data",
                "SourceDetails" : "SelectedRows",
                "SourceId" : "GetMenuContent",
                "SourceSection" : "Things_BayerMainPage",
                "TargetArea" : "UI",
                "TargetId" : "mashupcontainer-7",
                "TargetSection" : ""
              }, {
                "Id" : "47ba2f1a-6d77-42bd-89eb-38bf1bc9ca27",
                "PropertyMaps" : [ {
                  "SourceProperty" : "line",
                  "SourcePropertyBaseType" : "THINGNAME",
                  "SourcePropertyType" : "Property",
                  "TargetProperty" : "line",
                  "TargetPropertyBaseType" : "THINGNAME",
                  "TargetPropertyType" : "property"
                } ],
                "SourceArea" : "Mashup",
                "SourceId" : "mashup-root",
                "SourceSection" : "",
                "TargetArea" : "UI",
                "TargetId" : "mashupcontainer-7",
                "TargetSection" : ""
              }, {
                "Id" : "d5fe814e-7f86-4ebd-a35a-7196b8eda31d",
                "PropertyMaps" : [ {
                  "SourceProperty" : "result",
                  "SourcePropertyBaseType" : "IMAGE",
                  "SourcePropertyType" : "Field",
                  "TargetProperty" : "Data",
                  "TargetPropertyBaseType" : "ANYSCALAR",
                  "TargetPropertyType" : "property"
                } ],
                "SourceArea" : "Data",
                "SourceDetails" : "AllData",
                "SourceId" : "GetImage",
                "SourceSection" : "MediaEntities_Bayer_Logo",
                "TargetArea" : "UI",
                "TargetId" : "valuedisplay-41",
                "TargetSection" : ""
              }, {
                "Id" : "b2e41d8e-7ceb-4ec7-96e0-cda1b8c07056",
                "PropertyMaps" : [ {
                  "SourceProperty" : "line",
                  "SourcePropertyBaseType" : "THINGNAME",
                  "SourcePropertyType" : "Property",
                  "TargetProperty" : "line",
                  "TargetPropertyBaseType" : "THINGNAME",
                  "TargetPropertyType" : "property"
                } ],
                "SourceArea" : "Mashup",
                "SourceId" : "mashup-root",
                "SourceSection" : "",
                "TargetArea" : "UI",
                "TargetId" : "navigation-46",
                "TargetSection" : ""
              } ],
              "DesignTimePermissions" : {
                "Create" : [ ],
                "Delete" : [ ],
                "Metadata" : [ ],
                "Read" : [ ],
                "Update" : [ ]
              },
              "Events" : [ {
                "EventHandlerArea" : "Data",
                "EventHandlerId" : "Things_BayerMainPage",
                "EventHandlerService" : "GetMenuContent",
                "EventTriggerArea" : "Mashup",
                "EventTriggerEvent" : "Loaded",
                "EventTriggerId" : "mashup-root",
                "EventTriggerSection" : "",
                "Id" : "69cd9aaf-8edb-461c-a834-f9ee07e01344"
              }, {
                "EventHandlerArea" : "UI",
                "EventHandlerId" : "infotableselector-19",
                "EventHandlerService" : "SelectFirstRow",
                "EventTriggerArea" : "Data",
                "EventTriggerEvent" : "ServiceInvokeCompleted",
                "EventTriggerId" : "GetMenuContent",
                "EventTriggerSection" : "Things_BayerMainPage",
                "Id" : "018357ef-0f73-4d70-8af1-588f19ec4b29"
              }, {
                "EventHandlerArea" : "Data",
                "EventHandlerId" : "MediaEntities_Bayer_Logo",
                "EventHandlerService" : "GetImage",
                "EventTriggerArea" : "Mashup",
                "EventTriggerEvent" : "Loaded",
                "EventTriggerId" : "mashup-root",
                "EventTriggerSection" : "",
                "Id" : "8b6e4a1a-d0fd-45b4-9192-e2c8ddff907d"
              }, {
                "EventHandlerArea" : "UI",
                "EventHandlerId" : "navigation-46",
                "EventHandlerService" : "Navigate",
                "EventTriggerArea" : "UI",
                "EventTriggerEvent" : "Clicked",
                "EventTriggerId" : "valuedisplay-41",
                "EventTriggerSection" : "",
                "Id" : "c9517572-268a-4772-9f34-c9bece408c5e"
              } ],
              "RunTimePermissions" : {
                "permissions" : [ ]
              },
              "UI" : {
                "Properties" : {
                  "AddToDashboardButton" : "SimplePlus",
                  "AddToDashboardButtonStyle" : "DefaultAddToDashboardButtonStyle",
                  "Area" : "Mashup",
                  "BGImage" : "",
                  "BGImageRepeat" : "no-repeat",
                  "BGImageSize" : "auto",
                  "Columns" : 0,
                  "ConfigureGadgetButton" : "SimpleGear",
                  "ConfigureGadgetButtonStyle" : "DefaultConfigureGadgetButtonStyle",
                  "DisplayName" : "Mashup",
                  "EnableParameterEditing" : false,
                  "Height" : 618,
                  "Id" : "mashup-root",
                  "IgnoreWarningsInViewMashup" : false,
                  "IsPrintLayout" : false,
                  "Left" : 0,
                  "MashupToEditGadget" : "DefaultMashupToEditGadget",
                  "MinHeight" : 0,
                  "MinWidth" : 0,
                  "ResponsiveLayout" : true,
                  "Rows" : 0,
                  "ShowDataLoading" : true,
                  "Style" : "DefaultMashupStyle",
                  "StyleTheme" : "Base Theme",
                  "Title" : "",
                  "TitleBar" : false,
                  "TitleBarStyle" : "DefaultTitleBarStyle",
                  "TitleBarText" : "Gadget Title Here",
                  "Top" : 0,
                  "Type" : "mashup",
                  "UseTheme" : false,
                  "UseThemeForHybrids" : false,
                  "Visible" : true,
                  "Width" : 1024,
                  "Z-index" : 10,
                  "__TypeDisplayName" : "Mashup",
                  "_currentParameterDefs" : [ {
                    "Aspects" : {
                      "bindingDirection" : "BOTH",
                      "isMandatory" : false
                    },
                    "BaseType" : "STRING",
                    "Description" : "",
                    "ParameterName" : "demo"
                  }, {
                    "Aspects" : {
                      "bindingDirection" : "IN",
                      "isMandatory" : false
                    },
                    "BaseType" : "THINGNAME",
                    "Description" : "",
                    "ParameterName" : "line"
                  } ],
                  "flex-grow" : 0,
                  "flex-shrink" : 0,
                  "id_index" : 63,
                  "supportsAutoResize" : true
                },
                "Widgets" : [ {
                  "Properties" : {
                    "Area" : "UI",
                    "Columns" : 1,
                    "DisplayName" : "layout-47",
                    "Footer" : false,
                    "FooterHeight" : 0,
                    "Header" : false,
                    "HeaderHeight" : 0,
                    "Id" : "layout-47",
                    "IncludeSpacingInFixedAreas" : false,
                    "IsPrintLayout" : false,
                    "Left" : 245,
                    "LeftSidebar" : true,
                    "LeftSidebarWidth" : 100,
                    "Orientation" : "horizontal",
                    "PctColumn1" : 100,
                    "PctColumn2" : 50,
                    "PctColumn3" : 1,
                    "PctColumn4" : 1,
                    "PctColumn5" : 1,
                    "PctColumn6" : 1,
                    "PctColumn7" : 1,
                    "PctColumn8" : 1,
                    "PctRow1" : 50,
                    "PctRow2" : 50,
                    "PctRow3" : 0,
                    "PctRow4" : 0,
                    "PctRow5" : 0,
                    "PctRow6" : 0,
                    "PctRow7" : 0,
                    "PctRow8" : 0,
                    "PrintMarginLeftRight" : 0.5,
                    "PrintMarginTopBottom" : 0.5,
                    "PrintWidth" : 650,
                    "ResponsiveLayout" : true,
                    "RightSidebar" : true,
                    "RightSidebarWidth" : 100,
                    "Rows" : 0,
                    "ShowDataLoading" : true,
                    "Spacing" : 0,
                    "Top" : 90,
                    "Type" : "layout",
                    "Visible" : true,
                    "Z-index" : 10,
                    "__TypeDisplayName" : "Layout",
                    "flex-grow" : 0
                  },
                  "Widgets" : [ {
                    "Properties" : {
                      "AnimateExpandCollapse" : true,
                      "Area" : "UI",
                      "BGImageRepeat" : "no-repeat",
                      "BGImageSize" : "auto",
                      "DisplayName" : "Left Sidebar",
                      "ExpandCollapseTabLocation" : "outside",
                      "Expanded" : true,
                      "Id" : "container-48",
                      "MinHeight" : 0,
                      "MinWidth" : 0,
                      "Overlay" : false,
                      "OverlayIsTransparent" : false,
                      "ResponsiveLayout" : true,
                      "ShowDataLoading" : true,
                      "ShowExpandCollapseTab" : false,
                      "Style" : "DefaultContainerStyle",
                      "TabCollapseStyle" : "DefaultTabCollapseStyle",
                      "TabExpandStyle" : "DefaultTabExpandStyle",
                      "TabHeight" : 36,
                      "TabLocation" : "center",
                      "TabOffset" : 0,
                      "TabWidth" : 36,
                      "Type" : "container",
                      "Visible" : true,
                      "Z-index" : 10,
                      "__TypeDisplayName" : "Container",
                      "userCannotRemove" : true
                    },
                    "Widgets" : [ {
                      "Properties" : {
                        "Area" : "UI",
                        "Columns" : 0,
                        "CustomClass" : "",
                        "DisplayName" : "layout-51",
                        "Footer" : false,
                        "FooterHeight" : 0,
                        "Header" : true,
                        "HeaderHeight" : 70,
                        "Id" : "layout-51",
                        "IncludeSpacingInFixedAreas" : false,
                        "IsPrintLayout" : false,
                        "Left" : 55,
                        "LeftSidebar" : false,
                        "LeftSidebarWidth" : 0,
                        "Orientation" : "vertical",
                        "PctColumn1" : 50,
                        "PctColumn2" : 50,
                        "PctColumn3" : 1,
                        "PctColumn4" : 1,
                        "PctColumn5" : 1,
                        "PctColumn6" : 1,
                        "PctColumn7" : 1,
                        "PctColumn8" : 1,
                        "PctRow1" : 100,
                        "PctRow2" : 95,
                        "PctRow3" : 0,
                        "PctRow4" : 0,
                        "PctRow5" : 0,
                        "PctRow6" : 0,
                        "PctRow7" : 0,
                        "PctRow8" : 0,
                        "PrintMarginLeftRight" : 0.5,
                        "PrintMarginTopBottom" : 0.5,
                        "PrintWidth" : 650,
                        "ResponsiveLayout" : true,
                        "RightSidebar" : false,
                        "RightSidebarWidth" : 0,
                        "Rows" : 1,
                        "ShowDataLoading" : true,
                        "Spacing" : 0,
                        "Top" : 80,
                        "Type" : "layout",
                        "Visible" : true,
                        "Z-index" : 10,
                        "__TypeDisplayName" : "Layout"
                      },
                      "Widgets" : [ {
                        "Properties" : {
                          "AnimateExpandCollapse" : true,
                          "Area" : "UI",
                          "BGImageRepeat" : "no-repeat",
                          "BGImageSize" : "auto",
                          "DisplayName" : "Header",
                          "ExpandCollapseTabLocation" : "outside",
                          "Expanded" : true,
                          "Id" : "container-52",
                          "MinHeight" : 0,
                          "MinWidth" : 0,
                          "Overlay" : false,
                          "OverlayIsTransparent" : false,
                          "ResponsiveLayout" : true,
                          "ShowDataLoading" : true,
                          "ShowExpandCollapseTab" : false,
                          "Style" : "DefaultContainerStyle",
                          "TabCollapseStyle" : "DefaultTabCollapseStyle",
                          "TabExpandStyle" : "DefaultTabExpandStyle",
                          "TabHeight" : 36,
                          "TabLocation" : "center",
                          "TabOffset" : 0,
                          "TabWidth" : 36,
                          "Type" : "container",
                          "Visible" : true,
                          "Z-index" : 10,
                          "__TypeDisplayName" : "Container",
                          "userCannotRemove" : true
                        },
                        "Widgets" : [ {
                          "Properties" : {
                            "Area" : "UI",
                            "DisplayName" : "panel-58",
                            "Height" : 200,
                            "HideScrollbars" : false,
                            "HorizontalAnchor" : "left",
                            "Id" : "panel-58",
                            "Left" : 55,
                            "ResponsiveLayout" : true,
                            "ShowDataLoading" : true,
                            "Style" : "DefaultContainerStyle",
                            "Top" : 35,
                            "Type" : "panel",
                            "VerticalAnchor" : "top",
                            "Visible" : true,
                            "Width" : 300,
                            "Z-index" : 10,
                            "__TypeDisplayName" : "Panel"
                          },
                          "Widgets" : [ {
                            "Properties" : {
                              "Alignment" : "center",
                              "Area" : "UI",
                              "BackgroundFill" : "widget",
                              "CustomClass" : "header-logo",
                              "DisplayName" : "valuedisplay-41",
                              "Height" : 57,
                              "Id" : "valuedisplay-41",
                              "ImageScaling" : "Width",
                              "Label" : "",
                              "LabelAlignment" : "center",
                              "Left" : 19,
                              "Overflow" : "visible",
                              "ResponsiveLayout" : false,
                              "ShowDataLoading" : true,
                              "TextIfNoValue" : "",
                              "TextIfNoValueOffset" : 0,
                              "TextIfNoValueStyle" : "DefaultValueDisplayNoTextStyle",
                              "TextWrap" : true,
                              "ToolTipField" : "Back to select line",
                              "ToolTipStyle" : "DefaultTooltipStyle",
                              "Top" : 7,
                              "Type" : "valuedisplay",
                              "UseTheme" : false,
                              "ValueDisplayLabelStyle" : "DefaultWidgetLabelStyle",
                              "ValueDisplayStyle" : "DefaultValueDisplayStyle",
                              "ValueFormat" : {
                                "FormatString" : "image",
                                "renderer" : "IMAGE"
                              },
                              "ValueFormat_StateParameters" : [ ],
                              "VerticalAlignment" : "top",
                              "Visible" : true,
                              "Width" : 65,
                              "Z-index" : 10,
                              "__TypeDisplayName" : "Value Display",
                              "__supportsLabel" : true,
                              "__supportsTooltip" : true
                            },
                            "Widgets" : [ ]
                          } ]
                        } ]
                      }, {
                        "Properties" : {
                          "AnimateExpandCollapse" : true,
                          "Area" : "UI",
                          "BGImageRepeat" : "no-repeat",
                          "BGImageSize" : "auto",
                          "DisplayName" : "Row",
                          "ExpandCollapseTabLocation" : "outside",
                          "Expanded" : true,
                          "Id" : "container-55",
                          "MinHeight" : 0,
                          "MinWidth" : 0,
                          "Overlay" : false,
                          "OverlayIsTransparent" : false,
                          "ResponsiveLayout" : true,
                          "ShowDataLoading" : true,
                          "ShowExpandCollapseTab" : false,
                          "Style" : "DefaultContainerStyle",
                          "TabCollapseStyle" : "DefaultTabCollapseStyle",
                          "TabExpandStyle" : "DefaultTabExpandStyle",
                          "TabHeight" : 36,
                          "TabLocation" : "center",
                          "TabOffset" : 0,
                          "TabWidth" : 36,
                          "Type" : "container",
                          "Visible" : true,
                          "Z-index" : 10,
                          "__TypeDisplayName" : "Container",
                          "userCannotRemove" : true
                        },
                        "Widgets" : [ {
                          "Properties" : {
                            "Area" : "UI",
                            "Columns" : 0,
                            "DisplayName" : "layout-59",
                            "Footer" : false,
                            "FooterHeight" : 0,
                            "Header" : true,
                            "HeaderHeight" : 5,
                            "Id" : "layout-59",
                            "IncludeSpacingInFixedAreas" : false,
                            "IsPrintLayout" : false,
                            "Left" : 85,
                            "LeftSidebar" : false,
                            "LeftSidebarWidth" : 0,
                            "Orientation" : "vertical",
                            "PctColumn1" : 50,
                            "PctColumn2" : 50,
                            "PctColumn3" : 1,
                            "PctColumn4" : 1,
                            "PctColumn5" : 1,
                            "PctColumn6" : 1,
                            "PctColumn7" : 1,
                            "PctColumn8" : 1,
                            "PctRow1" : 100,
                            "PctRow2" : 0,
                            "PctRow3" : 0,
                            "PctRow4" : 0,
                            "PctRow5" : 0,
                            "PctRow6" : 0,
                            "PctRow7" : 0,
                            "PctRow8" : 0,
                            "PrintMarginLeftRight" : 0.5,
                            "PrintMarginTopBottom" : 0.5,
                            "PrintWidth" : 650,
                            "ResponsiveLayout" : true,
                            "RightSidebar" : false,
                            "RightSidebarWidth" : 0,
                            "Rows" : 1,
                            "ShowDataLoading" : true,
                            "Spacing" : 0,
                            "Top" : 0,
                            "Type" : "layout",
                            "Visible" : true,
                            "Z-index" : 10,
                            "__TypeDisplayName" : "Layout"
                          },
                          "Widgets" : [ {
                            "Properties" : {
                              "AnimateExpandCollapse" : true,
                              "Area" : "UI",
                              "BGImageRepeat" : "no-repeat",
                              "BGImageSize" : "auto",
                              "DisplayName" : "Header",
                              "ExpandCollapseTabLocation" : "outside",
                              "Expanded" : true,
                              "Id" : "container-60",
                              "MinHeight" : 0,
                              "MinWidth" : 0,
                              "Overlay" : false,
                              "OverlayIsTransparent" : false,
                              "ResponsiveLayout" : true,
                              "ShowDataLoading" : true,
                              "ShowExpandCollapseTab" : false,
                              "Style" : "DefaultContainerStyle",
                              "TabCollapseStyle" : "DefaultTabCollapseStyle",
                              "TabExpandStyle" : "DefaultTabExpandStyle",
                              "TabHeight" : 36,
                              "TabLocation" : "center",
                              "TabOffset" : 0,
                              "TabWidth" : 36,
                              "Type" : "container",
                              "Visible" : true,
                              "Z-index" : 10,
                              "__TypeDisplayName" : "Container",
                              "userCannotRemove" : true
                            },
                            "Widgets" : [ {
                              "Properties" : {
                                "Area" : "UI",
                                "DisplayName" : "panel-62",
                                "Height" : 200,
                                "HideScrollbars" : false,
                                "HorizontalAnchor" : "left",
                                "Id" : "panel-62",
                                "Left" : 50,
                                "ResponsiveLayout" : true,
                                "ShowDataLoading" : true,
                                "Style" : "DefaultContainerStyle",
                                "Top" : 15,
                                "Type" : "panel",
                                "VerticalAnchor" : "top",
                                "Visible" : true,
                                "Width" : 300,
                                "Z-index" : 10,
                                "__TypeDisplayName" : "Panel"
                              },
                              "Widgets" : [ {
                                "Properties" : {
                                  "Area" : "UI",
                                  "DisplayName" : "divider-63",
                                  "Height" : 1,
                                  "Id" : "divider-63",
                                  "Left" : 8,
                                  "ResponsiveLayout" : false,
                                  "ShowDataLoading" : true,
                                  "Style" : "Bayer_BlueBg",
                                  "Top" : 0,
                                  "Type" : "divider",
                                  "Visible" : true,
                                  "Width" : 80,
                                  "Z-index" : 10,
                                  "__TypeDisplayName" : "Divider"
                                },
                                "Widgets" : [ ]
                              } ]
                            } ]
                          }, {
                            "Properties" : {
                              "AnimateExpandCollapse" : true,
                              "Area" : "UI",
                              "BGImageRepeat" : "no-repeat",
                              "BGImageSize" : "auto",
                              "DisplayName" : "Row 1",
                              "ExpandCollapseTabLocation" : "outside",
                              "Expanded" : true,
                              "Id" : "container-61",
                              "MinHeight" : 0,
                              "MinWidth" : 0,
                              "Overlay" : false,
                              "OverlayIsTransparent" : false,
                              "ResponsiveLayout" : true,
                              "ShowDataLoading" : true,
                              "ShowExpandCollapseTab" : false,
                              "Style" : "DefaultContainerStyle",
                              "TabCollapseStyle" : "DefaultTabCollapseStyle",
                              "TabExpandStyle" : "DefaultTabExpandStyle",
                              "TabHeight" : 36,
                              "TabLocation" : "center",
                              "TabOffset" : 0,
                              "TabWidth" : 36,
                              "Type" : "container",
                              "Visible" : true,
                              "Z-index" : 10,
                              "__TypeDisplayName" : "Container",
                              "userCannotRemove" : true
                            },
                            "Widgets" : [ {
                              "Properties" : {
                                "AllowSelection" : true,
                                "AlwaysUseCustomScrollerOniOS" : false,
                                "Area" : "UI",
                                "AutoSelectFirstRow" : true,
                                "BottomPadding" : 22,
                                "CellActiveStyle" : "DefaultCollectionCellActiveStyle",
                                "CellBorderRadius" : 0,
                                "CellBoxShadow" : "",
                                "CellHoverStyle" : "DefaultCollectionCellHoverStyle",
                                "CellMashupSelectedField" : "selected",
                                "CellMenuStates" : "DefaultMenuStates",
                                "CellMenuStatesIconGravity" : "Left",
                                "CellMenuStatesIconSize" : 16,
                                "CellMenuStatesOrientation" : "Horizontal",
                                "CellMenuStatesUseBuiltin" : false,
                                "CellMultipleSelectionType" : "Disabled",
                                "CellPointer" : "pointer",
                                "CellSelectedStyle" : "DefaultCollectionCellSelectedStyle",
                                "CellStyle" : "DefaultCollectionCellStyle",
                                "DisplayName" : "collection-12",
                                "FlowLayoutAlignment" : "Center",
                                "FlowLayoutContentGravity" : "Center",
                                "FlowLayoutGravity" : "Spaced",
                                "FooterHeight" : 44,
                                "FooterSectionParam" : "",
                                "HandleSelectionUpdates" : true,
                                "HasSelectedCells" : false,
                                "HeaderHeight" : 44,
                                "HeaderSectionParam" : "",
                                "Height" : 300,
                                "Id" : "collection-12",
                                "ItemLoadBehavior" : "loadAll",
                                "Left" : 0,
                                "LeftAlignFinalRow" : false,
                                "Mashup" : "BayerLeftMenuItemMashup",
                                "MashupGlobalPropertyBinding" : "{}",
                                "MashupHeight" : 107,
                                "MashupPropertyBinding" : "{\"title\": \"title\", \"icon\": \"icon\", \"iconSelected\": \"iconSelected\"}",
                                "MashupWidth" : 100,
                                "MasonryLayoutBottomPadding" : 22,
                                "MasonryLayoutCellSpacing" : 22,
                                "MasonryLayoutColumnSpacing" : 22,
                                "MasonryLayoutColumnSpeeds" : "1, 2, 0.5, 1, 2, 0.5",
                                "MasonryLayoutColumnWidth" : 0,
                                "MasonryLayoutNumberOfColumns" : 5,
                                "MasonryLayoutTopPadding" : 22,
                                "MinimumSpacing" : 0,
                                "MultiSelect" : false,
                                "OffScreenBufferFactor" : 0.1,
                                "PinFootersToBottom" : false,
                                "PinHeadersToTop" : false,
                                "PlaysIntroAnimation" : true,
                                "ResponsiveLayout" : true,
                                "RippleEffectStyle" : "DefaultCollectionRippleStyle",
                                "RowSpacing" : 44,
                                "ScrollbarType" : "hover",
                                "ScrollsToSelectedCell" : false,
                                "SectionInsetBottom" : 0,
                                "SectionInsetLeft" : 0,
                                "SectionInsetRight" : 0,
                                "SectionInsetTop" : 0,
                                "SelectedCellsCount" : 0,
                                "ShowDataLoading" : true,
                                "ShowFooters" : false,
                                "ShowHeaders" : false,
                                "SortAscending" : false,
                                "SortField" : "order",
                                "Top" : 0,
                                "TopPadding" : 22,
                                "Type" : "collection",
                                "UIDField" : "title",
                                "UseCustomScrollerOnWindowsDesktops" : false,
                                "UseMashupDimensions" : false,
                                "UseRippleEffect" : false,
                                "View" : "table",
                                "Visible" : true,
                                "Width" : 400,
                                "Z-index" : 10,
                                "[Experimental] Fast widget append" : false,
                                "_CanDoubleClick" : false,
                                "_EventDataShape" : "{\"icon\":{\"name\":\"icon\",\"aspects\":{},\"description\":\"\",\"baseType\":\"IMAGELINK\",\"ordinal\":2},\"iconSelected\":{\"name\":\"iconSelected\",\"aspects\":{},\"description\":\"\",\"baseType\":\"IMAGELINK\",\"ordinal\":3},\"mashup\":{\"name\":\"mashup\",\"aspects\":{},\"description\":\"\",\"baseType\":\"MASHUPNAME\",\"ordinal\":4},\"title\":{\"name\":\"title\",\"aspects\":{},\"description\":\"\",\"baseType\":\"STRING\",\"ordinal\":1}}",
                                "_GlobalDataShape" : "{}",
                                "_MenuDefinition" : "[]",
                                "__TypeDisplayName" : "Collection"
                              },
                              "Widgets" : [ ]
                            } ]
                          } ]
                        } ]
                      } ]
                    } ]
                  }, {
                    "Properties" : {
                      "AnimateExpandCollapse" : true,
                      "Area" : "UI",
                      "BGImageRepeat" : "no-repeat",
                      "BGImageSize" : "auto",
                      "DisplayName" : "Column",
                      "ExpandCollapseTabLocation" : "outside",
                      "Expanded" : true,
                      "Id" : "container-54",
                      "MinHeight" : 0,
                      "MinWidth" : 0,
                      "Overlay" : false,
                      "OverlayIsTransparent" : false,
                      "ResponsiveLayout" : true,
                      "ShowDataLoading" : false,
                      "ShowExpandCollapseTab" : false,
                      "Style" : "DefaultContainerStyle",
                      "TabCollapseStyle" : "DefaultTabCollapseStyle",
                      "TabExpandStyle" : "DefaultTabExpandStyle",
                      "TabHeight" : 36,
                      "TabLocation" : "center",
                      "TabOffset" : 0,
                      "TabWidth" : 36,
                      "Type" : "container",
                      "Visible" : true,
                      "Z-index" : 10,
                      "__TypeDisplayName" : "Container",
                      "userCannotRemove" : true
                    },
                    "Widgets" : [ {
                      "Properties" : {
                        "Area" : "UI",
                        "DisplayName" : "mashupcontainer-7",
                        "Height" : 300,
                        "Id" : "mashupcontainer-7",
                        "Left" : 10,
                        "MashupParameters" : [ {
                          "BaseType" : "THINGNAME",
                          "Description" : "",
                          "ParameterName" : "line",
                          "ParmDef" : {
                            "aspects" : {
                              "bindingDirection" : "IN",
                              "isMandatory" : "false",
                              "ordinal" : "0"
                            },
                            "baseType" : "THINGNAME",
                            "description" : "",
                            "name" : "line",
                            "ordinal" : 0
                          }
                        } ],
                        "Name" : "BayerPlaceholderPage",
                        "ResponsiveLayout" : true,
                        "ShowDataLoading" : true,
                        "TabSequenceGroup" : 0,
                        "Top" : 10,
                        "Type" : "mashupcontainer",
                        "Visible" : true,
                        "Width" : 400,
                        "Z-index" : 10,
                        "__TypeDisplayName" : "Contained Mashup"
                      },
                      "Widgets" : [ ]
                    } ]
                  }, {
                    "Properties" : {
                      "AnimateExpandCollapse" : true,
                      "Area" : "UI",
                      "BGImageRepeat" : "no-repeat",
                      "BGImageSize" : "auto",
                      "DisplayName" : "Right Sidebar",
                      "ExpandCollapseTabLocation" : "outside",
                      "Expanded" : false,
                      "Id" : "container-50",
                      "MinHeight" : 0,
                      "MinWidth" : 0,
                      "Overlay" : false,
                      "OverlayIsTransparent" : false,
                      "ResponsiveLayout" : true,
                      "ShowDataLoading" : false,
                      "ShowExpandCollapseTab" : false,
                      "Style" : "DefaultContainerStyle",
                      "TabCollapseStyle" : "DefaultTabCollapseStyle",
                      "TabExpandStyle" : "DefaultTabExpandStyle",
                      "TabHeight" : 36,
                      "TabLocation" : "center",
                      "TabOffset" : 0,
                      "TabWidth" : 36,
                      "Type" : "container",
                      "Visible" : false,
                      "Z-index" : 10,
                      "__TypeDisplayName" : "Container",
                      "userCannotRemove" : true
                    },
                    "Widgets" : [ {
                      "Properties" : {
                        "Area" : "UI",
                        "Columns" : 0,
                        "DisplayName" : "layout-42",
                        "Footer" : false,
                        "FooterHeight" : 0,
                        "Header" : false,
                        "HeaderHeight" : 0,
                        "Id" : "layout-42",
                        "IncludeSpacingInFixedAreas" : false,
                        "IsPrintLayout" : false,
                        "Left" : 40,
                        "LeftSidebar" : false,
                        "LeftSidebarWidth" : 0,
                        "Orientation" : "vertical",
                        "PctColumn1" : 50,
                        "PctColumn2" : 50,
                        "PctColumn3" : 1,
                        "PctColumn4" : 1,
                        "PctColumn5" : 1,
                        "PctColumn6" : 1,
                        "PctColumn7" : 1,
                        "PctColumn8" : 1,
                        "PctRow1" : 100,
                        "PctRow2" : 100,
                        "PctRow3" : 0,
                        "PctRow4" : 0,
                        "PctRow5" : 0,
                        "PctRow6" : 0,
                        "PctRow7" : 0,
                        "PctRow8" : 0,
                        "PrintMarginLeftRight" : 0.5,
                        "PrintMarginTopBottom" : 0.5,
                        "PrintWidth" : 650,
                        "ResponsiveLayout" : true,
                        "RightSidebar" : false,
                        "RightSidebarWidth" : 0,
                        "Rows" : 1,
                        "ShowDataLoading" : true,
                        "Spacing" : 2,
                        "Top" : 80,
                        "Type" : "layout",
                        "Visible" : true,
                        "Z-index" : 10,
                        "__TypeDisplayName" : "Layout"
                      },
                      "Widgets" : [ {
                        "Properties" : {
                          "AnimateExpandCollapse" : true,
                          "Area" : "UI",
                          "BGImageRepeat" : "no-repeat",
                          "BGImageSize" : "auto",
                          "DisplayName" : "Row",
                          "ExpandCollapseTabLocation" : "outside",
                          "Expanded" : true,
                          "Id" : "container-44",
                          "MinHeight" : 0,
                          "MinWidth" : 0,
                          "Overlay" : false,
                          "OverlayIsTransparent" : false,
                          "ResponsiveLayout" : true,
                          "ShowDataLoading" : true,
                          "ShowExpandCollapseTab" : false,
                          "Style" : "DefaultContainerStyle",
                          "TabCollapseStyle" : "DefaultTabCollapseStyle",
                          "TabExpandStyle" : "DefaultTabExpandStyle",
                          "TabHeight" : 36,
                          "TabLocation" : "center",
                          "TabOffset" : 0,
                          "TabWidth" : 36,
                          "Type" : "container",
                          "Visible" : true,
                          "Z-index" : 10,
                          "__TypeDisplayName" : "Container",
                          "userCannotRemove" : true
                        },
                        "Widgets" : [ {
                          "Properties" : {
                            "Area" : "UI",
                            "DisplayName" : "panel-45",
                            "Height" : 200,
                            "HideScrollbars" : false,
                            "HorizontalAnchor" : "left",
                            "Id" : "panel-45",
                            "Left" : 65,
                            "ResponsiveLayout" : true,
                            "ShowDataLoading" : true,
                            "Style" : "DefaultPanelStyle",
                            "Top" : 55,
                            "Type" : "panel",
                            "VerticalAnchor" : "top",
                            "Visible" : true,
                            "Width" : 300,
                            "Z-index" : 10,
                            "__TypeDisplayName" : "Panel"
                          },
                          "Widgets" : [ {
                            "Properties" : {
                              "Alignment" : "left",
                              "Area" : "UI",
                              "ClickOutsideToClose" : false,
                              "Description" : "",
                              "DisplayName" : "back-to-lines",
                              "FixedPopupHeight" : 0,
                              "FixedPopupWidth" : 0,
                              "Height" : 30,
                              "Icon" : "",
                              "IconAlignment" : "left",
                              "Id" : "navigation-46",
                              "Left" : 5,
                              "MashupName" : "BayerProductionLineSelectMashup",
                              "MashupParameters" : [ {
                                "BaseType" : "THINGNAME",
                                "Description" : "",
                                "ParameterName" : "line",
                                "ParmDef" : {
                                  "aspects" : {
                                    "bindingDirection" : "BOTH",
                                    "isMandatory" : "false",
                                    "ordinal" : "0"
                                  },
                                  "baseType" : "THINGNAME",
                                  "description" : "",
                                  "name" : "line",
                                  "ordinal" : 0
                                }
                              } ],
                              "MessageToShow" : "Mashup must be selected",
                              "ModalPopupOpacity" : 0.5,
                              "NavigationActiveStyle" : "DefaultNavigationActiveStyle",
                              "NavigationFocusStyle" : "DefaultNavigationFocusStyle",
                              "NavigationHoverStyle" : "DefaultNavigationHoverStyle",
                              "PopupScrolling" : "auto",
                              "PopupTitle" : "",
                              "PopupTitleStyle" : "DefaultPopupTitleStyle",
                              "ReloadOnReplace" : false,
                              "ResponsiveLayout" : false,
                              "RoundedCorners" : true,
                              "ShowCloseButton" : true,
                              "ShowDataLoading" : true,
                              "ShowMessageIfNoMashup" : false,
                              "SingleClickSelectOnTablets" : true,
                              "Style" : "DefaultNavigationStyle",
                              "TabSequence" : 0,
                              "TargetWindow" : "replace",
                              "Text" : "back-to-lines",
                              "ToolTipField" : "",
                              "ToolTipStyle" : "DefaultTooltipStyle",
                              "Top" : 10,
                              "Transparent" : false,
                              "Type" : "navigation",
                              "UseTheme" : false,
                              "Visible" : true,
                              "Width" : 200,
                              "Z-index" : 10,
                              "__TypeDisplayName" : "Navigation",
                              "__supportsTooltip" : true
                            },
                            "Widgets" : [ ]
                          } ]
                        } ]
                      } ]
                    } ]
                  } ]
                } ]
              },
              "mashupType" : "mashup"
            }
            ]]>
            </mashupContent>
            <preview></preview>
        </Mashup>
    </Mashups>
</Entities>
