<?xml version="1.0" encoding="UTF-8"?>
<Entities
 build="b2319"
 majorVersion="8"
 minorVersion="4"
 modelPersistenceProviderPackage="PostgresPersistenceProviderPackage"
 revision="4"
 schemaVersion="1041"
 universal="">
    <Mashups>
        <Mashup
         aspect.isResponsive="true"
         aspect.mashupType="mashup"
         columns="0.0"
         description=""
         documentationContent=""
         homeMashup=""
         lastModifiedDate="2019-09-27T11:08:06.017Z"
         name="BayerMaterialPerformanceConfigurationMashup"
         projectName="BayerIoT"
         rows="0.0"
         tags="Applications:Bayer">
            <avatar></avatar>
            <DesignTimePermissions>
                <Create></Create>
                <Read></Read>
                <Update></Update>
                <Delete></Delete>
                <Metadata></Metadata>
            </DesignTimePermissions>
            <RunTimePermissions></RunTimePermissions>
            <VisibilityPermissions>
                <Visibility>
                    <Principal
                     isPermitted="true"
                     name="Bayer:PerformanceDashboard"
                     type="OrganizationalUnit"></Principal>
                </Visibility>
            </VisibilityPermissions>
            <ConfigurationTableDefinitions></ConfigurationTableDefinitions>
            <ConfigurationTables></ConfigurationTables>
            <ParameterDefinitions>
                <FieldDefinition
                 aspect.ordinal="0"
                 baseType="THINGNAME"
                 description=""
                 name="lineName"
                 ordinal="0"></FieldDefinition>
            </ParameterDefinitions>
            <Things>
                <Thing>BayerMaterialPerformanceTable</Thing>
            </Things>
            <ThingShapes></ThingShapes>
            <ThingTemplates></ThingTemplates>
            <mashupContent>
            <![CDATA[
            {
              "CustomMashupCss" : "",
              "Data" : {
                "Session" : {
                  "DataName" : "Session",
                  "EntityName" : "",
                  "EntityType" : "Session",
                  "Id" : "session",
                  "Services" : [ {
                    "APIMethod" : "post",
                    "Characteristic" : "Services",
                    "Id" : "SessionInterface",
                    "Name" : "GetGlobalSessionValues",
                    "Parameters" : { },
                    "RefreshInterval" : 0,
                    "Target" : "GetGlobalSessionValues"
                  } ]
                },
                "Things_BayerMaterialPerformanceTable" : {
                  "DataName" : "Things_BayerMaterialPerformanceTable",
                  "EntityName" : "BayerMaterialPerformanceTable",
                  "EntityType" : "Things",
                  "Id" : "84f0dae5-d4ca-4bc9-a770-2b0b79cb0b14",
                  "Services" : [ {
                    "APIMethod" : "post",
                    "Characteristic" : "Services",
                    "Id" : "ca4ad20f-3490-49a4-93b1-47673a02acfa",
                    "Name" : "GetTable",
                    "Parameters" : { },
                    "RefreshInterval" : 0,
                    "Target" : "GetTable"
                  }, {
                    "APIMethod" : "post",
                    "Characteristic" : "Services",
                    "Id" : "191f01e1-dc6b-4ba5-9219-3c667b6c4d7d",
                    "Name" : "DeleteDataTableEntries",
                    "Parameters" : { },
                    "RefreshInterval" : 0,
                    "Target" : "DeleteDataTableEntries"
                  }, {
                    "APIMethod" : "post",
                    "Characteristic" : "Services",
                    "Id" : "773d1603-4326-4912-bd20-d6d896cb8e28",
                    "Name" : "UpdateDataTableEntries",
                    "Parameters" : { },
                    "RefreshInterval" : 0,
                    "Target" : "UpdateDataTableEntries"
                  }, {
                    "APIMethod" : "post",
                    "Characteristic" : "Services",
                    "Id" : "7cb300e3-12b8-470b-b02f-0eb6d628c5b4",
                    "Name" : "LoadCSV",
                    "Parameters" : { },
                    "Properties" : {
                      "CustomErrorMessage" : "[[service.error]]",
                      "CustomSuccessMessage" : "[[service.succeeded]]",
                      "ShowErrorMessage" : true,
                      "ShowSuccessMessage" : true
                    },
                    "RefreshInterval" : 0,
                    "Target" : "LoadCSV"
                  }, {
                    "APIMethod" : "post",
                    "Characteristic" : "Services",
                    "Id" : "9096e510-12aa-41ed-8ef9-63b6adaf8eee",
                    "Name" : "AddDataTableEntry",
                    "Parameters" : { },
                    "RefreshInterval" : 0,
                    "Target" : "AddDataTableEntry"
                  } ]
                },
                "UserExtensions" : {
                  "DataName" : "UserExtensions",
                  "EntityName" : "",
                  "EntityType" : "UserExtensions",
                  "Id" : "UserExtensions",
                  "Services" : [ {
                    "APIMethod" : "post",
                    "Characteristic" : "Services",
                    "Id" : "UserExtensionInterface",
                    "Name" : "GetCurrentUserExtensionProperties",
                    "Parameters" : { },
                    "RefreshInterval" : 0,
                    "Target" : "GetCurrentUserExtensionProperties"
                  } ]
                }
              },
              "DataBindings" : [ {
                "Id" : "104b9456-df2d-46ce-854c-01a1af698d9d",
                "PropertyMaps" : [ {
                  "SourceProperty" : "lineName",
                  "SourcePropertyBaseType" : "THINGNAME",
                  "TargetProperty" : "productionLine",
                  "TargetPropertyBaseType" : "THINGNAME",
                  "TargetPropertyType" : "Parameter"
                } ],
                "SourceArea" : "Mashup",
                "SourceId" : "mashup-root",
                "SourceSection" : "",
                "TargetArea" : "Data",
                "TargetId" : "GetTable",
                "TargetSection" : "Things_BayerMaterialPerformanceTable"
              }, {
                "Id" : "67f5d474-d5ae-4f78-81bb-1b3155676a63",
                "PropertyMaps" : [ {
                  "SourceProperty" : "",
                  "SourcePropertyBaseType" : "INFOTABLE",
                  "SourcePropertyType" : "InfoTable",
                  "TargetProperty" : "Data",
                  "TargetPropertyBaseType" : "INFOTABLE",
                  "TargetPropertyType" : "property"
                } ],
                "SourceArea" : "Data",
                "SourceDetails" : "AllData",
                "SourceId" : "GetTable",
                "SourceSection" : "Things_BayerMaterialPerformanceTable",
                "TargetArea" : "UI",
                "TargetId" : "dhxgrid-4",
                "TargetSection" : ""
              }, {
                "Id" : "8b9ff8e1-dcec-4d08-b62a-57052aa693b1",
                "PropertyMaps" : [ {
                  "SourceProperty" : "",
                  "SourcePropertyBaseType" : "INFOTABLE",
                  "TargetProperty" : "values",
                  "TargetPropertyBaseType" : "INFOTABLE",
                  "TargetPropertyType" : "Parameter"
                } ],
                "SourceArea" : "Data",
                "SourceDetails" : "SelectedRows",
                "SourceId" : "GetTable",
                "SourceSection" : "Things_BayerMaterialPerformanceTable",
                "TargetArea" : "Data",
                "TargetId" : "DeleteDataTableEntries",
                "TargetSection" : "Things_BayerMaterialPerformanceTable"
              }, {
                "Id" : "206084dd-af16-41fc-81fb-94514879a14a",
                "PropertyMaps" : [ {
                  "SourceProperty" : "EditedTable",
                  "SourcePropertyBaseType" : "INFOTABLE",
                  "TargetProperty" : "values",
                  "TargetPropertyBaseType" : "INFOTABLE",
                  "TargetPropertyType" : "Parameter"
                } ],
                "SourceArea" : "UI",
                "SourceId" : "dhxgrid-4",
                "SourceSection" : "",
                "TargetArea" : "Data",
                "TargetId" : "UpdateDataTableEntries",
                "TargetSection" : "Things_BayerMaterialPerformanceTable"
              }, {
                "Id" : "e6f40c78-05b4-417f-9b98-1e0f0d179950",
                "PropertyMaps" : [ {
                  "SourceProperty" : "lineName",
                  "SourcePropertyBaseType" : "THINGNAME",
                  "TargetProperty" : "productionLine",
                  "TargetPropertyBaseType" : "THINGNAME",
                  "TargetPropertyType" : "Parameter"
                } ],
                "SourceArea" : "Mashup",
                "SourceId" : "mashup-root",
                "SourceSection" : "",
                "TargetArea" : "Data",
                "TargetId" : "LoadCSV",
                "TargetSection" : "Things_BayerMaterialPerformanceTable"
              }, {
                "Id" : "49e33e1d-3e37-4a6e-9202-268b13f315fa",
                "PropertyMaps" : [ {
                  "SourceProperty" : "lineName",
                  "SourcePropertyBaseType" : "THINGNAME",
                  "TargetProperty" : "values.productionLine",
                  "TargetPropertyBaseType" : "THINGNAME",
                  "TargetPropertyType" : "Parameter"
                } ],
                "SourceArea" : "Mashup",
                "SourceId" : "mashup-root",
                "SourceSection" : "",
                "TargetArea" : "Data",
                "TargetId" : "AddDataTableEntry",
                "TargetSection" : "Things_BayerMaterialPerformanceTable"
              }, {
                "Id" : "af67ada1-aaa1-4c48-a181-389e0a4dbd7f",
                "PropertyMaps" : [ {
                  "SourceProperty" : "Text",
                  "SourcePropertyBaseType" : "STRING",
                  "TargetProperty" : "values.code",
                  "TargetPropertyBaseType" : "STRING",
                  "TargetPropertyType" : "Parameter"
                } ],
                "SourceArea" : "UI",
                "SourceId" : "textbox-14",
                "SourceSection" : "",
                "TargetArea" : "Data",
                "TargetId" : "AddDataTableEntry",
                "TargetSection" : "Things_BayerMaterialPerformanceTable"
              }, {
                "Id" : "b4fd8dd5-246d-4006-bac3-b4545e6e9bbd",
                "PropertyMaps" : [ {
                  "SourceProperty" : "Value",
                  "SourcePropertyBaseType" : "NUMBER",
                  "TargetProperty" : "values.nominalRate",
                  "TargetPropertyBaseType" : "NUMBER",
                  "TargetPropertyType" : "Parameter"
                } ],
                "SourceArea" : "UI",
                "SourceId" : "numericentry-15",
                "SourceSection" : "",
                "TargetArea" : "Data",
                "TargetId" : "AddDataTableEntry",
                "TargetSection" : "Things_BayerMaterialPerformanceTable"
              }, {
                "Id" : "6c170521-2757-46b1-a572-d4ff7897bf2f",
                "PropertyMaps" : [ {
                  "SourceProperty" : "Text",
                  "SourcePropertyBaseType" : "STRING",
                  "TargetProperty" : "values.description",
                  "TargetPropertyBaseType" : "STRING",
                  "TargetPropertyType" : "Parameter"
                } ],
                "SourceArea" : "UI",
                "SourceId" : "textbox-16",
                "SourceSection" : "",
                "TargetArea" : "Data",
                "TargetId" : "AddDataTableEntry",
                "TargetSection" : "Things_BayerMaterialPerformanceTable"
              }, {
                "Id" : "3a7f0f78-7271-46cc-a74b-9238f0c355f7",
                "PropertyMaps" : [ {
                  "SourceProperty" : "FullPath",
                  "SourcePropertyBaseType" : "STRING",
                  "TargetProperty" : "filePath",
                  "TargetPropertyBaseType" : "STRING",
                  "TargetPropertyType" : "Parameter"
                } ],
                "SourceArea" : "UI",
                "SourceId" : "fileupload-18",
                "SourceSection" : "",
                "TargetArea" : "Data",
                "TargetId" : "LoadCSV",
                "TargetSection" : "Things_BayerMaterialPerformanceTable"
              } ],
              "DesignTimePermissions" : { },
              "Events" : [ {
                "EventHandlerArea" : "Data",
                "EventHandlerId" : "Things_BayerMaterialPerformanceTable",
                "EventHandlerService" : "GetTable",
                "EventTriggerArea" : "Mashup",
                "EventTriggerEvent" : "lineNameChanged",
                "EventTriggerId" : "mashup-root",
                "EventTriggerSection" : "",
                "Id" : "3474d0e7-1603-4f75-b715-d26e7ce8940b"
              }, {
                "EventHandlerArea" : "Data",
                "EventHandlerId" : "Things_BayerMaterialPerformanceTable",
                "EventHandlerService" : "DeleteDataTableEntries",
                "EventTriggerArea" : "UI",
                "EventTriggerEvent" : "Clicked",
                "EventTriggerId" : "button-6",
                "EventTriggerSection" : "",
                "Id" : "cc8ebe4c-7259-4d7c-8461-4a96ca57118e"
              }, {
                "EventHandlerArea" : "Data",
                "EventHandlerId" : "Things_BayerMaterialPerformanceTable",
                "EventHandlerService" : "UpdateDataTableEntries",
                "EventTriggerArea" : "UI",
                "EventTriggerEvent" : "Clicked",
                "EventTriggerId" : "button-7",
                "EventTriggerSection" : "",
                "Id" : "d2fadf73-0c9a-4179-b0e7-be27e792a2de"
              }, {
                "EventHandlerArea" : "Data",
                "EventHandlerId" : "Things_BayerMaterialPerformanceTable",
                "EventHandlerService" : "GetTable",
                "EventTriggerArea" : "Data",
                "EventTriggerEvent" : "ServiceInvokeCompleted",
                "EventTriggerId" : "UpdateDataTableEntries",
                "EventTriggerSection" : "Things_BayerMaterialPerformanceTable",
                "Id" : "091c1a1a-863a-4bed-8b0d-09214ab71c8c"
              }, {
                "EventHandlerArea" : "Data",
                "EventHandlerId" : "Things_BayerMaterialPerformanceTable",
                "EventHandlerService" : "GetTable",
                "EventTriggerArea" : "Data",
                "EventTriggerEvent" : "ServiceInvokeCompleted",
                "EventTriggerId" : "DeleteDataTableEntries",
                "EventTriggerSection" : "Things_BayerMaterialPerformanceTable",
                "Id" : "df63885f-5de0-49d3-8eeb-b0949d49cf6d"
              }, {
                "EventHandlerArea" : "Data",
                "EventHandlerId" : "Things_BayerMaterialPerformanceTable",
                "EventHandlerService" : "GetTable",
                "EventTriggerArea" : "Data",
                "EventTriggerEvent" : "ServiceInvokeCompleted",
                "EventTriggerId" : "LoadCSV",
                "EventTriggerSection" : "Things_BayerMaterialPerformanceTable",
                "Id" : "70ca35d4-f0d0-4c50-b501-e6e4f46c944f"
              }, {
                "EventHandlerArea" : "Data",
                "EventHandlerId" : "Things_BayerMaterialPerformanceTable",
                "EventHandlerService" : "AddDataTableEntry",
                "EventTriggerArea" : "UI",
                "EventTriggerEvent" : "Clicked",
                "EventTriggerId" : "button-8",
                "EventTriggerSection" : "",
                "Id" : "95a0864f-1615-43d2-9f54-e418d81686bd"
              }, {
                "EventHandlerArea" : "Data",
                "EventHandlerId" : "Things_BayerMaterialPerformanceTable",
                "EventHandlerService" : "GetTable",
                "EventTriggerArea" : "Data",
                "EventTriggerEvent" : "ServiceInvokeCompleted",
                "EventTriggerId" : "AddDataTableEntry",
                "EventTriggerSection" : "Things_BayerMaterialPerformanceTable",
                "Id" : "4572b555-9d59-48f7-a3e6-657ea8e02db1"
              }, {
                "EventHandlerArea" : "Data",
                "EventHandlerId" : "Things_BayerMaterialPerformanceTable",
                "EventHandlerService" : "LoadCSV",
                "EventTriggerArea" : "UI",
                "EventTriggerEvent" : "UploadComplete",
                "EventTriggerId" : "fileupload-18",
                "EventTriggerSection" : "",
                "Id" : "984d7cb0-0bcb-4b9b-b594-e5e5f3a4b23d"
              } ],
              "RunTimePermissions" : { },
              "UI" : {
                "Properties" : {
                  "AddToDashboardButtonStyle" : "DefaultAddToDashboardButtonStyle",
                  "Area" : "Mashup",
                  "BGImageRepeat" : "no-repeat",
                  "BGImageSize" : "auto",
                  "Columns" : 0,
                  "ConfigureGadgetButtonStyle" : "DefaultConfigureGadgetButtonStyle",
                  "DisplayName" : "Mashup",
                  "EnableParameterEditing" : false,
                  "Height" : 618,
                  "Id" : "mashup-root",
                  "IgnoreWarningsInViewMashup" : false,
                  "IsPrintLayout" : false,
                  "Left" : 0,
                  "MashupToEditGadget" : "DefaultMashupToEditGadget",
                  "MinHeight" : 0,
                  "MinWidth" : 0,
                  "ResponsiveLayout" : true,
                  "Rows" : 0,
                  "ShowDataLoading" : true,
                  "Style" : "DefaultMashupStyle",
                  "Title" : "",
                  "TitleBar" : false,
                  "TitleBarStyle" : "DefaultTitleBarStyle",
                  "TitleBarText" : "Gadget Title Here",
                  "Top" : 0,
                  "Type" : "mashup",
                  "Visible" : true,
                  "Width" : 1024,
                  "Z-index" : 10,
                  "__TypeDisplayName" : "Mashup",
                  "_currentParameterDefs" : [ {
                    "BaseType" : "THINGNAME",
                    "Description" : "",
                    "ParameterName" : "lineName"
                  } ],
                  "id_index" : 18,
                  "supportsAutoResize" : true
                },
                "Widgets" : [ {
                  "Properties" : {
                    "Area" : "UI",
                    "Columns" : 1,
                    "DisplayName" : "layout-1",
                    "Footer" : false,
                    "FooterHeight" : 0,
                    "Header" : false,
                    "HeaderHeight" : 0,
                    "Id" : "layout-1",
                    "IncludeSpacingInFixedAreas" : false,
                    "IsPrintLayout" : false,
                    "Left" : 210,
                    "LeftSidebar" : false,
                    "LeftSidebarWidth" : 0,
                    "Orientation" : "horizontal",
                    "PctColumn1" : 100,
                    "PctColumn2" : 0,
                    "PctColumn3" : 1,
                    "PctColumn4" : 1,
                    "PctColumn5" : 1,
                    "PctColumn6" : 1,
                    "PctColumn7" : 1,
                    "PctColumn8" : 1,
                    "PctRow1" : 50,
                    "PctRow2" : 50,
                    "PctRow3" : 0,
                    "PctRow4" : 0,
                    "PctRow5" : 0,
                    "PctRow6" : 0,
                    "PctRow7" : 0,
                    "PctRow8" : 0,
                    "PrintMarginLeftRight" : 0.5,
                    "PrintMarginTopBottom" : 0.5,
                    "PrintWidth" : 650,
                    "ResponsiveLayout" : true,
                    "RightSidebar" : true,
                    "RightSidebarWidth" : 320,
                    "Rows" : 0,
                    "ShowDataLoading" : true,
                    "Spacing" : 0,
                    "Top" : 145,
                    "Type" : "layout",
                    "Visible" : true,
                    "Z-index" : 10,
                    "__TypeDisplayName" : "Layout"
                  },
                  "Widgets" : [ {
                    "Properties" : {
                      "AnimateExpandCollapse" : true,
                      "Area" : "UI",
                      "BGImageRepeat" : "no-repeat",
                      "BGImageSize" : "auto",
                      "DisplayName" : "Column 1",
                      "ExpandCollapseTabLocation" : "outside",
                      "Expanded" : true,
                      "Id" : "container-2",
                      "MinHeight" : 0,
                      "MinWidth" : 0,
                      "Overlay" : false,
                      "OverlayIsTransparent" : false,
                      "ResponsiveLayout" : true,
                      "ShowDataLoading" : true,
                      "ShowExpandCollapseTab" : false,
                      "Style" : "DefaultContainerStyle",
                      "TabCollapseStyle" : "DefaultTabCollapseStyle",
                      "TabExpandStyle" : "DefaultTabExpandStyle",
                      "TabHeight" : 36,
                      "TabLocation" : "center",
                      "TabOffset" : 0,
                      "TabWidth" : 36,
                      "Type" : "container",
                      "Visible" : true,
                      "Z-index" : 10,
                      "__TypeDisplayName" : "Container"
                    },
                    "Widgets" : [ {
                      "Properties" : {
                        "AlignHeader" : false,
                        "Area" : "UI",
                        "AutoSelectFirstRow" : false,
                        "CellTextWrapping" : false,
                        "ColumnFormat" : {
                          "formatInfo" : [ {
                            "Align" : "left",
                            "AllowEdit" : false,
                            "FieldName" : "code",
                            "FormatOptions" : {
                              "FormatString" : "full",
                              "formatInfo" : {
                                "FieldName" : "",
                                "StateDefinition" : "",
                                "StateDefinitionType" : "fixed",
                                "StateFormats" : [ {
                                  "state" : "",
                                  "stateName" : "fixed"
                                } ]
                              },
                              "renderer" : "STRING",
                              "roundingEnabled" : true
                            },
                            "Title" : "code",
                            "ValidationExpression" : "",
                            "ValidationMessage" : "",
                            "Width" : "auto"
                          }, {
                            "Align" : "left",
                            "AllowEdit" : true,
                            "FieldName" : "description",
                            "FormatOptions" : {
                              "FormatString" : "full",
                              "formatInfo" : {
                                "FieldName" : "",
                                "StateDefinition" : "",
                                "StateDefinitionType" : "fixed",
                                "StateFormats" : [ {
                                  "state" : "",
                                  "stateName" : "fixed"
                                } ]
                              },
                              "renderer" : "STRING",
                              "roundingEnabled" : true
                            },
                            "Title" : "description",
                            "ValidationExpression" : "",
                            "ValidationMessage" : "",
                            "Width" : "auto"
                          }, {
                            "Align" : "right",
                            "AllowEdit" : true,
                            "FieldName" : "nominalRate",
                            "FormatOptions" : {
                              "FormatString" : "0",
                              "formatInfo" : {
                                "FieldName" : "",
                                "StateDefinition" : "",
                                "StateDefinitionType" : "fixed",
                                "StateFormats" : [ {
                                  "state" : "",
                                  "stateName" : "fixed"
                                } ]
                              },
                              "renderer" : "NUMBER",
                              "roundingEnabled" : true
                            },
                            "Title" : "nominalRate",
                            "ValidationExpression" : "",
                            "ValidationMessage" : "",
                            "Width" : "auto"
                          } ]
                        },
                        "CurrentScrollTop" : 0,
                        "DisplayName" : "dhxgrid-4",
                        "FocusStyle" : "DefaultFocusStyle",
                        "GridBackgroundStyle" : "DefaultGridBackgroundStyle",
                        "GridEditableFieldStyle" : "DefaultGridEditableFieldStyle",
                        "GridHeaderStyle" : "DefaultGridHeaderStyle",
                        "GridHeaderTextCase" : "capitalize",
                        "GridInvalidFieldStyle" : "DefaultGridInvalidFieldStyle",
                        "Height" : 200,
                        "Id" : "dhxgrid-4",
                        "IsEditable" : true,
                        "IsPrintLayout" : false,
                        "Left" : 190,
                        "MultiSelect" : true,
                        "ResponsiveLayout" : true,
                        "RowAlternateBackgroundStyle" : "DefaultRowAlternateBackgroundStyle",
                        "RowBackgroundStyle" : "DefaultRowBackgroundStyle",
                        "RowFormat_StateParameters" : [ ],
                        "RowHeight" : 30,
                        "RowHoverStyle" : "DefaultRowHoverStyle",
                        "RowSelectedStyle" : "DefaultRowSelectedStyle",
                        "ScrollTop" : 0,
                        "ShowAllColumns" : false,
                        "ShowDataLoading" : true,
                        "TabSequence" : 0,
                        "Top" : 100,
                        "Type" : "dhxgrid",
                        "Visible" : true,
                        "Width" : 400,
                        "Z-index" : 10,
                        "__TypeDisplayName" : "Grid"
                      },
                      "Widgets" : [ ]
                    } ]
                  }, {
                    "Properties" : {
                      "AnimateExpandCollapse" : true,
                      "Area" : "UI",
                      "BGImageRepeat" : "no-repeat",
                      "BGImageSize" : "auto",
                      "DisplayName" : "Right Sidebar",
                      "ExpandCollapseTabLocation" : "outside",
                      "Expanded" : true,
                      "Id" : "container-3",
                      "MinHeight" : 0,
                      "MinWidth" : 0,
                      "Overlay" : false,
                      "OverlayIsTransparent" : false,
                      "ResponsiveLayout" : true,
                      "ShowDataLoading" : true,
                      "ShowExpandCollapseTab" : false,
                      "Style" : "DefaultContainerStyle",
                      "TabCollapseStyle" : "DefaultTabCollapseStyle",
                      "TabExpandStyle" : "DefaultTabExpandStyle",
                      "TabHeight" : 36,
                      "TabLocation" : "center",
                      "TabOffset" : 0,
                      "TabWidth" : 36,
                      "Type" : "container",
                      "Visible" : true,
                      "Z-index" : 10,
                      "__TypeDisplayName" : "Container"
                    },
                    "Widgets" : [ {
                      "Properties" : {
                        "Area" : "UI",
                        "DisplayName" : "panel-5",
                        "Height" : 200,
                        "HideScrollbars" : false,
                        "HorizontalAnchor" : "left",
                        "Id" : "panel-5",
                        "Left" : 35,
                        "ResponsiveLayout" : true,
                        "ShowDataLoading" : true,
                        "Style" : "DefaultPanelStyle",
                        "Top" : 445,
                        "Type" : "panel",
                        "VerticalAnchor" : "top",
                        "Visible" : true,
                        "Width" : 300,
                        "Z-index" : 10,
                        "__TypeDisplayName" : "Panel"
                      },
                      "Widgets" : [ {
                        "Properties" : {
                          "ActiveStyle" : "Bayer_ButtonRed",
                          "Area" : "UI",
                          "CancelConfirmationButton" : "button2",
                          "ConfirmationButton1Label" : "Yes",
                          "ConfirmationButton2Label" : "No",
                          "ConfirmationPrompt" : "Delete all selected entries?",
                          "ConfirmationRequired" : true,
                          "ConfirmationTitle" : "Confirm delete",
                          "ContextId" : "",
                          "DefaultConfirmationButton" : "button1",
                          "Disabled" : false,
                          "DisabledStyle" : "Bayer_ButtonRed",
                          "DisplayName" : "button-6",
                          "FocusStyle" : "Bayer_ButtonRed",
                          "Height" : 30,
                          "HoverStyle" : "Bayer_ButtonRed_h",
                          "IconAlignment" : "left",
                          "Id" : "button-6",
                          "Label" : "Delete selected",
                          "Left" : 10,
                          "ResponsiveLayout" : false,
                          "RoundedCorners" : false,
                          "ShowDataLoading" : true,
                          "Style" : "Bayer_ButtonRed",
                          "TabSequence" : 0,
                          "ToolTipField" : "",
                          "ToolTipStyle" : "DefaultTooltipStyle",
                          "Top" : 300,
                          "Type" : "button",
                          "Visible" : true,
                          "Width" : 302,
                          "Z-index" : 10,
                          "__TypeDisplayName" : "Button",
                          "__supportsTooltip" : true
                        },
                        "Widgets" : [ ]
                      }, {
                        "Properties" : {
                          "ActiveStyle" : "Bayer_ButtonBlue",
                          "Area" : "UI",
                          "CancelConfirmationButton" : "button2",
                          "ConfirmationButton1Label" : "Yes",
                          "ConfirmationButton2Label" : "No",
                          "ConfirmationPrompt" : "Update all entries?",
                          "ConfirmationRequired" : true,
                          "ConfirmationTitle" : "Confirm update",
                          "ContextId" : "",
                          "DefaultConfirmationButton" : "button1",
                          "Disabled" : false,
                          "DisabledStyle" : "Bayer_ButtonBlue",
                          "DisplayName" : "button-7",
                          "FocusStyle" : "Bayer_ButtonBlue",
                          "Height" : 30,
                          "HoverStyle" : "Bayer_ButtonGreen",
                          "IconAlignment" : "left",
                          "Id" : "button-7",
                          "Label" : "Update all",
                          "Left" : 10,
                          "ResponsiveLayout" : false,
                          "RoundedCorners" : false,
                          "ShowDataLoading" : true,
                          "Style" : "Bayer_ButtonBlue",
                          "TabSequence" : 0,
                          "ToolTipField" : "",
                          "ToolTipStyle" : "DefaultTooltipStyle",
                          "Top" : 172.5,
                          "Type" : "button",
                          "Visible" : true,
                          "Width" : 302,
                          "Z-index" : 10,
                          "__TypeDisplayName" : "Button",
                          "__supportsTooltip" : true
                        },
                        "Widgets" : [ ]
                      }, {
                        "Properties" : {
                          "ActiveStyle" : "Bayer_ButtonGreen",
                          "Area" : "UI",
                          "CancelConfirmationButton" : "button2",
                          "ConfirmationButton1Label" : "Yes",
                          "ConfirmationButton2Label" : "No",
                          "ConfirmationPrompt" : "Update all entries?",
                          "ConfirmationRequired" : true,
                          "ConfirmationTitle" : "Confirm update",
                          "ContextId" : "",
                          "DefaultConfirmationButton" : "button1",
                          "Disabled" : false,
                          "DisabledStyle" : "Bayer_ButtonGreen",
                          "DisplayName" : "button-8",
                          "FocusStyle" : "Bayer_ButtonGreen",
                          "Height" : 30,
                          "HoverStyle" : "Bayer_ButtonGreenHover",
                          "IconAlignment" : "left",
                          "Id" : "button-8",
                          "Label" : "Add",
                          "Left" : 10,
                          "ResponsiveLayout" : false,
                          "RoundedCorners" : false,
                          "ShowDataLoading" : true,
                          "Style" : "Bayer_ButtonGreen",
                          "TabSequence" : 0,
                          "ToolTipField" : "",
                          "ToolTipStyle" : "DefaultTooltipStyle",
                          "Top" : 125,
                          "Type" : "button",
                          "Visible" : true,
                          "Width" : 302,
                          "Z-index" : 10,
                          "__TypeDisplayName" : "Button",
                          "__supportsTooltip" : true
                        },
                        "Widgets" : [ ]
                      }, {
                        "Properties" : {
                          "Alignment" : "left",
                          "AllowEllipsis" : false,
                          "Area" : "UI",
                          "DisplayName" : "label-13",
                          "Height" : 22,
                          "Id" : "label-13",
                          "Left" : 10,
                          "ResponsiveLayout" : false,
                          "ShowDataLoading" : true,
                          "Style" : "DefaultLabelStyle",
                          "Text" : "Upload from CSV",
                          "ToolTipField" : "",
                          "ToolTipStyle" : "DefaultTooltipStyle",
                          "Top" : 220,
                          "Type" : "label",
                          "Visible" : true,
                          "Width" : 190,
                          "Z-index" : 10,
                          "__TypeDisplayName" : "Label",
                          "__supportsTooltip" : true
                        },
                        "Widgets" : [ ]
                      }, {
                        "Properties" : {
                          "Area" : "UI",
                          "CursorPosition" : 0,
                          "DefaultTextboxFocusStyle" : "DefaultFocusStyle",
                          "DisplayName" : "textbox-14",
                          "Height" : 24,
                          "Id" : "textbox-14",
                          "InnerShadow" : true,
                          "Label" : "Code",
                          "LabelAlignment" : "left",
                          "Left" : 10,
                          "MaskInputCharacters" : false,
                          "PlaceholderText" : "",
                          "ReadOnly" : false,
                          "ResponsiveLayout" : false,
                          "ShowDataLoading" : true,
                          "Style" : "DefaultTextBoxStyle",
                          "TabSequence" : 0,
                          "Text" : "",
                          "TextAlign" : "left",
                          "TextboxLabelStyle" : "DefaultWidgetLabelStyle",
                          "ToolTipField" : "",
                          "ToolTipStyle" : "DefaultTooltipStyle",
                          "Top" : 10,
                          "Type" : "textbox",
                          "Visible" : true,
                          "Width" : 152,
                          "Z-index" : 10,
                          "__TypeDisplayName" : "TextBox",
                          "__supportsLabel" : true,
                          "__supportsTooltip" : true
                        },
                        "Widgets" : [ ]
                      }, {
                        "Properties" : {
                          "AllowDecimals" : false,
                          "AllowNegatives" : false,
                          "Area" : "UI",
                          "ConstrainValue" : false,
                          "DisplayName" : "numericentry-15",
                          "FixedDigits" : 0,
                          "Height" : 24,
                          "Id" : "numericentry-15",
                          "InnerShadow" : true,
                          "Label" : "Nominal rate",
                          "LabelAlignment" : "left",
                          "Left" : 192,
                          "Maximum" : 100000,
                          "Minimum" : 0,
                          "NumericEntryFocusStyle" : "DefaultFocusStyle",
                          "NumericEntryLabelStyle" : "DefaultWidgetLabelStyle",
                          "ResponsiveLayout" : false,
                          "ShowDataLoading" : true,
                          "Style" : "DefaultTextBoxStyle",
                          "TabSequence" : 0,
                          "ToolTipField" : "",
                          "ToolTipStyle" : "DefaultTooltipStyle",
                          "Top" : 10,
                          "Type" : "numericentry",
                          "Value" : 0,
                          "ValueAlign" : "right",
                          "Visible" : true,
                          "Width" : 120,
                          "Z-index" : 10,
                          "__TypeDisplayName" : "Numeric Entry",
                          "__supportsLabel" : true,
                          "__supportsTooltip" : true
                        },
                        "Widgets" : [ ]
                      }, {
                        "Properties" : {
                          "Area" : "UI",
                          "CursorPosition" : 0,
                          "DefaultTextboxFocusStyle" : "DefaultFocusStyle",
                          "DisplayName" : "textbox-16",
                          "Height" : 24,
                          "Id" : "textbox-16",
                          "InnerShadow" : true,
                          "Label" : "Description",
                          "LabelAlignment" : "left",
                          "Left" : 10,
                          "MaskInputCharacters" : false,
                          "PlaceholderText" : "",
                          "ReadOnly" : false,
                          "ResponsiveLayout" : false,
                          "ShowDataLoading" : true,
                          "Style" : "DefaultTextBoxStyle",
                          "TabSequence" : 0,
                          "Text" : "",
                          "TextAlign" : "left",
                          "TextboxLabelStyle" : "DefaultWidgetLabelStyle",
                          "ToolTipField" : "",
                          "ToolTipStyle" : "DefaultTooltipStyle",
                          "Top" : 65,
                          "Type" : "textbox",
                          "Visible" : true,
                          "Width" : 302,
                          "Z-index" : 10,
                          "__TypeDisplayName" : "TextBox",
                          "__supportsLabel" : true,
                          "__supportsTooltip" : true
                        },
                        "Widgets" : [ ]
                      }, {
                        "Properties" : {
                          "Area" : "UI",
                          "DisplayName" : "divider-17",
                          "Height" : 2,
                          "Id" : "divider-17",
                          "Left" : 7,
                          "ResponsiveLayout" : false,
                          "ShowDataLoading" : true,
                          "Style" : "DefaultDividerStyle",
                          "Top" : 163,
                          "Type" : "divider",
                          "Visible" : true,
                          "Width" : 305,
                          "Z-index" : 10,
                          "__TypeDisplayName" : "Divider"
                        },
                        "Widgets" : [ ]
                      }, {
                        "Properties" : {
                          "AllowedFileTypes" : "",
                          "Area" : "UI",
                          "DisplayName" : "fileupload-18",
                          "DisplayPathTextBox" : false,
                          "DisplayRepositorySelector" : false,
                          "FileName" : "",
                          "FocusStyle" : "DefaultButtonFocusStyle",
                          "FullPath" : "",
                          "Height" : 40,
                          "Id" : "fileupload-18",
                          "Left" : 10,
                          "Path" : "/csv_files",
                          "RepositoryName" : "BayerCSVRepository",
                          "RepositoryStyle" : "DefaultRepositoryStyle",
                          "ResponsiveLayout" : false,
                          "ShowDataLoading" : true,
                          "Style" : "DefaultFileUploadStyle",
                          "TabSequence" : 0,
                          "Top" : 250,
                          "Type" : "fileupload",
                          "Visible" : true,
                          "Width" : 302,
                          "Z-index" : 10,
                          "__TypeDisplayName" : "File Upload"
                        },
                        "Widgets" : [ ]
                      } ]
                    } ]
                  } ]
                } ]
              },
              "mashupType" : "mashup"
            }
            ]]>
            </mashupContent>
            <preview></preview>
        </Mashup>
    </Mashups>
</Entities>
