<?xml version="1.0" encoding="UTF-8" standalone="no"?>
<Entities build="b2319" majorVersion="8" minorVersion="4" modelPersistenceProviderPackage="PostgresPersistenceProviderPackage" revision="4" schemaVersion="1041" universal="">
    <Things>
        <Thing description="" documentationContent="" effectiveThingPackage="ConfiguredThing" enabled="true" homeMashup="" identifier="" lastModifiedDate="2019-12-10T14:49:27.332Z" name="BayerDelaysDetailsPage" projectName="BayerIoT" published="false" tags="Applications:Bayer" thingTemplate="GenericThing" valueStream="">
            <avatar/>
            <DesignTimePermissions>
                <Create/>
                <Read/>
                <Update/>
                <Delete/>
                <Metadata/>
            </DesignTimePermissions>
            <RunTimePermissions>
                <Permissions resourceName="UpdateDelayInformation">
                    <PropertyRead/>
                    <PropertyWrite/>
                    <ServiceInvoke>
                        <Principal isPermitted="true" name="Role.BayerProductionLine.Any" type="Group"/>
                    </ServiceInvoke>
                    <EventInvoke/>
                    <EventSubscribe/>
                </Permissions>
                <Permissions resourceName="*">
                    <PropertyRead>
                        <Principal isPermitted="true" name="Role.BayerProductionLine.Any" type="Group"/>
                    </PropertyRead>
                    <PropertyWrite>
                        <Principal isPermitted="true" name="Role.BayerProductionLine.Any" type="Group"/>
                    </PropertyWrite>
                    <ServiceInvoke>
                        <Principal isPermitted="true" name="Role.BayerProductionLine.Any" type="Group"/>
                    </ServiceInvoke>
                    <EventInvoke>
                        <Principal isPermitted="true" name="Role.BayerProductionLine.Any" type="Group"/>
                    </EventInvoke>
                    <EventSubscribe>
                        <Principal isPermitted="true" name="Role.BayerProductionLine.Any" type="Group"/>
                    </EventSubscribe>
                </Permissions>
                <Permissions resourceName="GetRowNumById">
                    <PropertyRead/>
                    <PropertyWrite/>
                    <ServiceInvoke>
                        <Principal isPermitted="true" name="Role.BayerProductionLine.Any" type="Group"/>
                    </ServiceInvoke>
                    <EventInvoke/>
                    <EventSubscribe/>
                </Permissions>
                <Permissions resourceName="GetMachineState">
                    <PropertyRead/>
                    <PropertyWrite/>
                    <ServiceInvoke>
                        <Principal isPermitted="true" name="Role.BayerProductionLine.Any" type="Group"/>
                    </ServiceInvoke>
                    <EventInvoke/>
                    <EventSubscribe/>
                </Permissions>
            </RunTimePermissions>
            <VisibilityPermissions>
                <Visibility>
                    <Principal isPermitted="true" name="Bayer:PerformanceDashboard" type="OrganizationalUnit"/>
                </Visibility>
            </VisibilityPermissions>
            <ConfigurationTableDefinitions/>
            <ConfigurationTables/>
            <ThingShape>
                <PropertyDefinitions>
                    <PropertyDefinition aspect.cacheTime="0.0" aspect.dataChangeType="VALUE" aspect.dataShape="BayerDelayEditPopupDataShape" aspect.isPersistent="true" baseType="INFOTABLE" category="" description="" isLocalOnly="false" name="sourcesAndReasonCodes" ordinal="4"/>
                </PropertyDefinitions>
                <ServiceDefinitions>
                    <ServiceDefinition aspect.isAsync="false" category="" description="" isAllowOverride="false" isLocalOnly="false" isOpen="false" isPrivate="false" name="GetDelayInformation">
                        <ResultType aspect.dataShape="GetDelayShiftDetailsDataShape" baseType="INFOTABLE" description="" name="result" ordinal="0"/>
                        <ParameterDefinitions>
                            <FieldDefinition baseType="STRING" description="" name="productionLine" ordinal="1"/>
                            <FieldDefinition baseType="INTEGER" description="" name="shiftScheduleId" ordinal="2"/>
                        </ParameterDefinitions>
                    </ServiceDefinition>
                    <ServiceDefinition aspect.isAsync="false" category="" description="" isAllowOverride="false" isLocalOnly="false" isOpen="false" isPrivate="false" name="GetMachineState">
                        <ResultType aspect.dataShape="DelaysDetailsMaschineStateDataShape" baseType="INFOTABLE" description="" name="result" ordinal="0"/>
                        <ParameterDefinitions>
                            <FieldDefinition aspect.isRequired="true" aspect.thingTemplate="BayerProductionLine" baseType="THINGNAME" description="" name="line" ordinal="3"/>
                            <FieldDefinition aspect.isRequired="true" baseType="INTEGER" description="" name="shiftId" ordinal="1"/>
                            <FieldDefinition aspect.isRequired="true" baseType="DATETIME" description="" name="shiftStartTime" ordinal="2"/>
                        </ParameterDefinitions>
                    </ServiceDefinition>
                    <ServiceDefinition aspect.isAsync="false" category="" description="" isAllowOverride="false" isLocalOnly="false" isOpen="false" isPrivate="false" name="GetRowNumById">
                        <ResultType baseType="INTEGER" description="" name="result" ordinal="0"/>
                        <ParameterDefinitions>
                            <FieldDefinition aspect.defaultValue="0" aspect.isRequired="true" baseType="INTEGER" description="" name="shiftId" ordinal="1"/>
                            <FieldDefinition aspect.dataShape="BayerShiftSchedulesDataShape" baseType="INFOTABLE" description="" name="shiftSchedules" ordinal="2"/>
                        </ParameterDefinitions>
                    </ServiceDefinition>
                    <ServiceDefinition aspect.isAsync="false" category="" description="" isAllowOverride="false" isLocalOnly="false" isOpen="false" isPrivate="false" name="UpdateDelayInformation">
                        <ResultType baseType="NOTHING" description="" name="result" ordinal="0"/>
                        <ParameterDefinitions>
                            <FieldDefinition aspect.dataShape="BayerDelayDataShape" baseType="INFOTABLE" description="" name="delayShift" ordinal="2"/>
                            <FieldDefinition baseType="NUMBER" description="" name="id" ordinal="3"/>
                        </ParameterDefinitions>
                    </ServiceDefinition>
                </ServiceDefinitions>
                <EventDefinitions/>
                <ServiceMappings/>
                <ServiceImplementations>
                    <ServiceImplementation description="" handlerName="Script" name="GetDelayInformation">
                        <ConfigurationTables>
                            <ConfigurationTable description="" isMultiRow="false" name="Script" ordinal="0">
                                <DataShape>
                                    <FieldDefinitions>
                                        <FieldDefinition baseType="STRING" description="code" name="code" ordinal="0"/>
                                    </FieldDefinitions>
                                </DataShape>
                                <Rows>
                                    <Row>
                                        <code>
                                        <![CDATA[
                                        var result =  Things["BayerDBDataProvider"].GetDelayShiftDetails({
                                        	productionLine: productionLine /* THINGNAME */,
                                        	shiftScheduleId: shiftScheduleId /* INTEGER */
                                        });
                                        ]]>
                                        </code>
                                    </Row>
                                </Rows>
                            </ConfigurationTable>
                        </ConfigurationTables>
                    </ServiceImplementation>
                    <ServiceImplementation description="" handlerName="Script" name="GetMachineState">
                        <ConfigurationTables>
                            <ConfigurationTable description="" isMultiRow="false" name="Script" ordinal="0">
                                <DataShape>
                                    <FieldDefinitions>
                                        <FieldDefinition baseType="STRING" description="code" name="code" ordinal="0"/>
                                    </FieldDefinitions>
                                </DataShape>
                                <Rows>
                                    <Row>
                                        <code>
                                        <![CDATA[
                                        function createStateTableEntry(duration,category,startTime){
                                        	var entry = new Object();
                                            entry.duration = duration;
                                           	entry.sectionColorState = category;
                                            entry.time = startTime;
                                            return entry;
                                        }
                                        
                                        var events = Things["BayerDBDataProvider"].GetShiftEvents({
                                        	shiftScheduleId: shiftId /* INTEGER */
                                        });
                                        var isCurrentShift = (shiftId === Things[line].currentShiftId);
                                        var shift = 28800000; //ms = 8h
                                        var shiftLeft = shift;
                                        var breakdownEvent;
                                        var breakdownDuration;
                                        // CreateInfoTableFromDataShape(infoTableName:STRING("InfoTable"), dataShapeName:STRING):INFOTABLE(DelaysDetailsMaschineStateDataShape)
                                        var result = Resources["InfoTableFunctions"].CreateInfoTableFromDataShape({
                                            infoTableName : "InfoTable",
                                            dataShapeName : "DelaysDetailsMaschineStateDataShape"
                                        });
                                        
                                        var lastEventEndTime = new Date(shiftStartTime);
                                        
                                        if (events.getRowCount() > 0) {
                                            var tableLength = events.rows.length;
                                            //create entry for every event in shift
                                            for (var x=0; x < tableLength; x++) {
                                                var event = events.rows[x];
                                                var duration = event.durationMs;
                                                var eventInfo = new Object();
                                                result.AddRow(createStateTableEntry(duration,event.category,event.startTime));
                                                shiftLeft-= duration;
                                            }
                                            lastEventEndTime = events.rows[tableLength-1].endTime;
                                        }
                                        if(isCurrentShift && !Things[line].productionRunning){
                                                breakdownDuration =  dateDifference(Date.now(), lastEventEndTime);
                                                result.AddRow(createStateTableEntry(breakdownDuration,'breakdown',lastEventEndTime));
                                                shiftLeft-= breakdownDuration;
                                            	lastEventEndTime =  dateAddMilliseconds(lastEventEndTime, breakdownDuration);
                                        }
                                        if(shiftLeft > 0) {
                                           var endShift = new Object();
                                           endShift.time = lastEventEndTime;
                                           endShift.sectionColorState = 'unknown';
                                           endShift.duration = shiftLeft;
                                           result.AddRow(endShift);
                                        }
                                        ]]>
                                        </code>
                                    </Row>
                                </Rows>
                            </ConfigurationTable>
                        </ConfigurationTables>
                    </ServiceImplementation>
                    <ServiceImplementation description="" handlerName="Script" name="GetRowNumById">
                        <ConfigurationTables>
                            <ConfigurationTable description="" isMultiRow="false" name="Script" ordinal="0">
                                <DataShape>
                                    <FieldDefinitions>
                                        <FieldDefinition baseType="STRING" description="code" name="code" ordinal="0"/>
                                    </FieldDefinitions>
                                </DataShape>
                                <Rows>
                                    <Row>
                                        <code>
                                        <![CDATA[
                                        var tableLength = shiftSchedules ? shiftSchedules.rows.length : 0;
                                        
                                        var result = -1;
                                        for (var x = 0; x < tableLength; x++) {
                                        	var row = shiftSchedules.rows[x];
                                        	
                                            if (row.id === shiftId) {
                                                result = x;
                                                break;
                                            }
                                        }
                                        ]]>
                                        </code>
                                    </Row>
                                </Rows>
                            </ConfigurationTable>
                        </ConfigurationTables>
                    </ServiceImplementation>
                    <ServiceImplementation description="" handlerName="Script" name="UpdateDelayInformation">
                        <ConfigurationTables>
                            <ConfigurationTable description="" isMultiRow="false" name="Script" ordinal="0">
                                <DataShape>
                                    <FieldDefinitions>
                                        <FieldDefinition baseType="STRING" description="code" name="code" ordinal="0"/>
                                    </FieldDefinitions>
                                </DataShape>
                                <Rows>
                                    <Row>
                                        <code>
                                        <![CDATA[
                                        var result =  Things["BayerDBDataProvider"].UpdateDelayShift({
                                        	delayShift: delayShift /* INFOTABLE */,
                                        	id: id /* INTEGER */
                                        });
                                        ]]>
                                        </code>
                                    </Row>
                                </Rows>
                            </ConfigurationTable>
                        </ConfigurationTables>
                    </ServiceImplementation>
                </ServiceImplementations>
                <Subscriptions/>
            </ThingShape>
            <PropertyBindings/>
            <RemotePropertyBindings/>
            <RemoteServiceBindings/>
            <RemoteEventBindings/>
            <AlertConfigurations>
                <AlertDefinitions name="sourcesAndReasonCodes"/>
            </AlertConfigurations>
            <ImplementedShapes/>
            <ThingProperties>
                <sourcesAndReasonCodes>
                    <Value>
                        <infoTable>
                            <DataShape>
                                <FieldDefinitions>
                                    <FieldDefinition aspect.isPrimaryKey="false" baseType="STRING" description="" name="name" ordinal="1"/>
                                    <FieldDefinition aspect.dataShape="BayerDropDownGenericShape" aspect.isPrimaryKey="false" baseType="INFOTABLE" description="" name="reasonCodes" ordinal="3"/>
                                    <FieldDefinition aspect.isPrimaryKey="false" baseType="STRING" description="" name="value" ordinal="2"/>
                                </FieldDefinitions>
                            </DataShape>
                            <Rows>
                                <Row>
                                    <name>
                                    <![CDATA[
                                    Beschickung
                                    ]]>
                                    </name>
                                    <reasonCodes>
                                        <infoTable>
                                            <DataShape>
                                                <FieldDefinitions>
                                                    <FieldDefinition aspect.friendlyName="Name" aspect.isPrimaryKey="false" baseType="STRING" description="" name="name" ordinal="0"/>
                                                    <FieldDefinition aspect.isPrimaryKey="false" baseType="STRING" description="" name="value" ordinal="0"/>
                                                </FieldDefinitions>
                                            </DataShape>
                                            <Rows>
                                                <Row>
                                                    <name>
                                                    <![CDATA[
                                                    Beschickung
                                                    ]]>
                                                    </name>
                                                    <value>
                                                    <![CDATA[
                                                    Beschickung
                                                    ]]>
                                                    </value>
                                                </Row>
                                                <Row>
                                                    <name>
                                                    <![CDATA[
                                                    Büchsen-Übersetzer
                                                    ]]>
                                                    </name>
                                                    <value>
                                                    <![CDATA[
                                                    Buchsen-Ubersetzer
                                                    ]]>
                                                    </value>
                                                </Row>
                                                <Row>
                                                    <name>
                                                    <![CDATA[
                                                    Waage GRT
                                                    ]]>
                                                    </name>
                                                    <value>
                                                    <![CDATA[
                                                    Waage GRT
                                                    ]]>
                                                    </value>
                                                </Row>
                                                <Row/>
                                            </Rows>
                                        </infoTable>
                                    </reasonCodes>
                                    <value>
                                    <![CDATA[
                                    Beschickung
                                    ]]>
                                    </value>
                                </Row>
                                <Row>
                                    <name>
                                    <![CDATA[
                                    Rangiereinheit
                                    ]]>
                                    </name>
                                    <reasonCodes>
                                        <infoTable>
                                            <DataShape>
                                                <FieldDefinitions>
                                                    <FieldDefinition aspect.friendlyName="Name" aspect.isPrimaryKey="false" baseType="STRING" description="" name="name" ordinal="0"/>
                                                    <FieldDefinition aspect.isPrimaryKey="false" baseType="STRING" description="" name="value" ordinal="0"/>
                                                </FieldDefinitions>
                                            </DataShape>
                                            <Rows>
                                                <Row>
                                                    <name>
                                                    <![CDATA[
                                                    Rangiereinheit
                                                    ]]>
                                                    </name>
                                                    <value>
                                                    <![CDATA[
                                                    Rangiereinheit
                                                    ]]>
                                                    </value>
                                                </Row>
                                                <Row>
                                                    <name>
                                                    <![CDATA[
                                                    TZ-Folie Rollenbock
                                                    ]]>
                                                    </name>
                                                    <value>
                                                    <![CDATA[
                                                    TZ-Folie Rollenbock
                                                    ]]>
                                                    </value>
                                                </Row>
                                            </Rows>
                                        </infoTable>
                                    </reasonCodes>
                                    <value>
                                    <![CDATA[
                                    Rangiereinheit
                                    ]]>
                                    </value>
                                </Row>
                                <Row>
                                    <name>
                                    <![CDATA[
                                    OCS Waage GRT
                                    ]]>
                                    </name>
                                    <reasonCodes>
                                        <infoTable>
                                            <DataShape>
                                                <FieldDefinitions>
                                                    <FieldDefinition aspect.friendlyName="Name" aspect.isPrimaryKey="false" baseType="STRING" description="" name="name" ordinal="0"/>
                                                    <FieldDefinition aspect.isPrimaryKey="false" baseType="STRING" description="" name="value" ordinal="0"/>
                                                </FieldDefinitions>
                                            </DataShape>
                                            <Rows>
                                                <Row>
                                                    <name>
                                                    <![CDATA[
                                                    OCS Waage GRT
                                                    ]]>
                                                    </name>
                                                    <value>
                                                    <![CDATA[
                                                    OCS Waage GRT
                                                    ]]>
                                                    </value>
                                                </Row>
                                                <Row>
                                                    <name>
                                                    <![CDATA[
                                                    Faltschachtelbedruckung/Kontrolle
                                                    ]]>
                                                    </name>
                                                    <value>
                                                    <![CDATA[
                                                    Faltschachtelbedruckung/Kontrolle
                                                    ]]>
                                                    </value>
                                                </Row>
                                            </Rows>
                                        </infoTable>
                                    </reasonCodes>
                                    <value>
                                    <![CDATA[
                                    OCS Waage GRT
                                    ]]>
                                    </value>
                                </Row>
                                <Row>
                                    <name>
                                    <![CDATA[
                                    Kartonierer
                                    ]]>
                                    </name>
                                    <reasonCodes>
                                        <infoTable>
                                            <DataShape>
                                                <FieldDefinitions>
                                                    <FieldDefinition aspect.friendlyName="Name" aspect.isPrimaryKey="false" baseType="STRING" description="" name="name" ordinal="0"/>
                                                    <FieldDefinition aspect.isPrimaryKey="false" baseType="STRING" description="" name="value" ordinal="0"/>
                                                </FieldDefinitions>
                                            </DataShape>
                                            <Rows>
                                                <Row>
                                                    <name>
                                                    <![CDATA[
                                                    Kartonierer
                                                    ]]>
                                                    </name>
                                                    <value>
                                                    <![CDATA[
                                                    Kartonierer
                                                    ]]>
                                                    </value>
                                                </Row>
                                                <Row>
                                                    <name>
                                                    <![CDATA[
                                                    Beilagenzuführung 1 (Insert)
                                                    ]]>
                                                    </name>
                                                    <value>
                                                    <![CDATA[
                                                    Beilagenzufuhrung 1 (Insert)
                                                    ]]>
                                                    </value>
                                                </Row>
                                                <Row>
                                                    <name>
                                                    <![CDATA[
                                                    Beilagenzuführung 2 (Insert)
                                                    ]]>
                                                    </name>
                                                    <value>
                                                    <![CDATA[
                                                    Beilagenzufuhrung 2 (Insert)
                                                    ]]>
                                                    </value>
                                                </Row>
                                                <Row>
                                                    <name>
                                                    <![CDATA[
                                                    Prospektzuführung
                                                    ]]>
                                                    </name>
                                                    <value>
                                                    <![CDATA[
                                                    Prospektzufuhrung
                                                    ]]>
                                                    </value>
                                                </Row>
                                                <Row>
                                                    <name>
                                                    <![CDATA[
                                                    Blisterzwischenanablage
                                                    ]]>
                                                    </name>
                                                    <value>
                                                    <![CDATA[
                                                    Blisterzwischenanablage
                                                    ]]>
                                                    </value>
                                                </Row>
                                                <Row>
                                                    <name>
                                                    <![CDATA[
                                                    Faltschachtelzuführung
                                                    ]]>
                                                    </name>
                                                    <value>
                                                    <![CDATA[
                                                    Faltschachtelzufuhrung
                                                    ]]>
                                                    </value>
                                                </Row>
                                                <Row>
                                                    <name>
                                                    <![CDATA[
                                                    Trayzuführung
                                                    ]]>
                                                    </name>
                                                    <value>
                                                    <![CDATA[
                                                    Trayzufuhrung
                                                    ]]>
                                                    </value>
                                                </Row>
                                                <Row>
                                                    <name>
                                                    <![CDATA[
                                                    Prospekttransport
                                                    ]]>
                                                    </name>
                                                    <value>
                                                    <![CDATA[
                                                    Prospekttransport
                                                    ]]>
                                                    </value>
                                                </Row>
                                                <Row>
                                                    <name>
                                                    <![CDATA[
                                                    Packguttransport
                                                    ]]>
                                                    </name>
                                                    <value>
                                                    <![CDATA[
                                                    Packguttransport
                                                    ]]>
                                                    </value>
                                                </Row>
                                                <Row>
                                                    <name>
                                                    <![CDATA[
                                                    Leimstation
                                                    ]]>
                                                    </name>
                                                    <value>
                                                    <![CDATA[
                                                    Leimstation
                                                    ]]>
                                                    </value>
                                                </Row>
                                                <Row>
                                                    <name>
                                                    <![CDATA[
                                                    Prospektcodelesung
                                                    ]]>
                                                    </name>
                                                    <value>
                                                    <![CDATA[
                                                    Prospektcodelesung
                                                    ]]>
                                                    </value>
                                                </Row>
                                                <Row>
                                                    <name>
                                                    <![CDATA[
                                                    Code Beilagen 1 (Insert)
                                                    ]]>
                                                    </name>
                                                    <value>
                                                    <![CDATA[
                                                    Code Beilagen 1 (Insert)
                                                    ]]>
                                                    </value>
                                                </Row>
                                                <Row>
                                                    <name>
                                                    <![CDATA[
                                                    Code Beilagen 2 (Insert)
                                                    ]]>
                                                    </name>
                                                    <value>
                                                    <![CDATA[
                                                    Code Beilagen 2 (Insert)
                                                    ]]>
                                                    </value>
                                                </Row>
                                                <Row>
                                                    <name>
                                                    <![CDATA[
                                                    Faltschachtelcodeerfassung
                                                    ]]>
                                                    </name>
                                                    <value>
                                                    <![CDATA[
                                                    Faltschachtelcodeerfassung
                                                    ]]>
                                                    </value>
                                                </Row>
                                            </Rows>
                                        </infoTable>
                                    </reasonCodes>
                                    <value>
                                    <![CDATA[
                                    Kartonierer
                                    ]]>
                                    </value>
                                </Row>
                                <Row>
                                    <name>
                                    <![CDATA[
                                    Etikettierer
                                    ]]>
                                    </name>
                                    <reasonCodes>
                                        <infoTable>
                                            <DataShape>
                                                <FieldDefinitions>
                                                    <FieldDefinition aspect.friendlyName="Name" aspect.isPrimaryKey="false" baseType="STRING" description="" name="name" ordinal="0"/>
                                                    <FieldDefinition aspect.isPrimaryKey="false" baseType="STRING" description="" name="value" ordinal="0"/>
                                                </FieldDefinitions>
                                            </DataShape>
                                            <Rows>
                                                <Row>
                                                    <name>
                                                    <![CDATA[
                                                    Etikettierer
                                                    ]]>
                                                    </name>
                                                    <value>
                                                    <![CDATA[
                                                    Etikettierer
                                                    ]]>
                                                    </value>
                                                </Row>
                                                <Row>
                                                    <name>
                                                    <![CDATA[
                                                    Wärmetauscher 1 (Extern)
                                                    ]]>
                                                    </name>
                                                    <value>
                                                    <![CDATA[
                                                    Warmetauscher 1 (Extern)
                                                    ]]>
                                                    </value>
                                                </Row>
                                                <Row>
                                                    <name>
                                                    <![CDATA[
                                                    Wärmetauscher 2 (Extern)
                                                    ]]>
                                                    </name>
                                                    <value>
                                                    <![CDATA[
                                                    Warmetauscher 2 (Extern)
                                                    ]]>
                                                    </value>
                                                </Row>
                                            </Rows>
                                        </infoTable>
                                    </reasonCodes>
                                    <value>
                                    <![CDATA[
                                    Etikettierer
                                    ]]>
                                    </value>
                                </Row>
                                <Row>
                                    <name>
                                    <![CDATA[
                                    Bündeletikettierer
                                    ]]>
                                    </name>
                                    <reasonCodes>
                                        <infoTable>
                                            <DataShape>
                                                <FieldDefinitions>
                                                    <FieldDefinition aspect.friendlyName="Name" aspect.isPrimaryKey="false" baseType="STRING" description="" name="name" ordinal="0"/>
                                                    <FieldDefinition aspect.isPrimaryKey="false" baseType="STRING" description="" name="value" ordinal="0"/>
                                                </FieldDefinitions>
                                            </DataShape>
                                            <Rows>
                                                <Row>
                                                    <name>
                                                    <![CDATA[
                                                    Bündeletikettierer
                                                    ]]>
                                                    </name>
                                                    <value>
                                                    <![CDATA[
                                                    Bundeletikettierer
                                                    ]]>
                                                    </value>
                                                </Row>
                                            </Rows>
                                        </infoTable>
                                    </reasonCodes>
                                    <value>
                                    <![CDATA[
                                    Bundeletikettierer
                                    ]]>
                                    </value>
                                </Row>
                                <Row>
                                    <name>
                                    <![CDATA[
                                    Tiefziehanlage
                                    ]]>
                                    </name>
                                    <reasonCodes>
                                        <infoTable>
                                            <DataShape>
                                                <FieldDefinitions>
                                                    <FieldDefinition aspect.friendlyName="Name" aspect.isPrimaryKey="false" baseType="STRING" description="" name="name" ordinal="0"/>
                                                    <FieldDefinition aspect.isPrimaryKey="false" baseType="STRING" description="" name="value" ordinal="0"/>
                                                </FieldDefinitions>
                                            </DataShape>
                                            <Rows>
                                                <Row>
                                                    <name>
                                                    <![CDATA[
                                                    Tiefziehanlage
                                                    ]]>
                                                    </name>
                                                    <value>
                                                    <![CDATA[
                                                    Tiefziehanlage
                                                    ]]>
                                                    </value>
                                                </Row>
                                                <Row>
                                                    <name>
                                                    <![CDATA[
                                                    Deckfolienbahnsteuerung
                                                    ]]>
                                                    </name>
                                                    <value>
                                                    <![CDATA[
                                                    Deckfolienbahnsteuerung
                                                    ]]>
                                                    </value>
                                                </Row>
                                                <Row>
                                                    <name>
                                                    <![CDATA[
                                                    Ausgleichsschlaufe nach Formen
                                                    ]]>
                                                    </name>
                                                    <value>
                                                    <![CDATA[
                                                    Ausgleichsschlaufe nach Formen
                                                    ]]>
                                                    </value>
                                                </Row>
                                                <Row>
                                                    <name>
                                                    <![CDATA[
                                                    Bahnkantensteuerung Bodenfolie
                                                    ]]>
                                                    </name>
                                                    <value>
                                                    <![CDATA[
                                                    Bahnkantensteuerung Bodenfolie
                                                    ]]>
                                                    </value>
                                                </Row>
                                                <Row>
                                                    <name>
                                                    <![CDATA[
                                                    Vorschub ET rotativ
                                                    ]]>
                                                    </name>
                                                    <value>
                                                    <![CDATA[
                                                    Vorschub ET rotativ
                                                    ]]>
                                                    </value>
                                                </Row>
                                                <Row>
                                                    <name>
                                                    <![CDATA[
                                                    Vorschub ET nach Formen
                                                    ]]>
                                                    </name>
                                                    <value>
                                                    <![CDATA[
                                                    Vorschub ET nach Formen
                                                    ]]>
                                                    </value>
                                                </Row>
                                                <Row>
                                                    <name>
                                                    <![CDATA[
                                                    Vorschub MT
                                                    ]]>
                                                    </name>
                                                    <value>
                                                    <![CDATA[
                                                    Vorschub MT
                                                    ]]>
                                                    </value>
                                                </Row>
                                                <Row>
                                                    <name>
                                                    <![CDATA[
                                                    Ausgleichsschlaufe nach Siegeln
                                                    ]]>
                                                    </name>
                                                    <value>
                                                    <![CDATA[
                                                    Ausgleichsschlaufe nach Siegeln
                                                    ]]>
                                                    </value>
                                                </Row>
                                                <Row>
                                                    <name>
                                                    <![CDATA[
                                                    Deckfolienbedruckung
                                                    ]]>
                                                    </name>
                                                    <value>
                                                    <![CDATA[
                                                    Deckfolienbedruckung
                                                    ]]>
                                                    </value>
                                                </Row>
                                                <Row>
                                                    <name>
                                                    <![CDATA[
                                                    Heizplatten vor Formen
                                                    ]]>
                                                    </name>
                                                    <value>
                                                    <![CDATA[
                                                    Heizplatten vor Formen
                                                    ]]>
                                                    </value>
                                                </Row>
                                                <Row>
                                                    <name>
                                                    <![CDATA[
                                                    Kühlwalze nach Siegeln
                                                    ]]>
                                                    </name>
                                                    <value>
                                                    <![CDATA[
                                                    Kuhlwalze nach Siegeln
                                                    ]]>
                                                    </value>
                                                </Row>
                                                <Row>
                                                    <name>
                                                    <![CDATA[
                                                    Tablettenzuführung
                                                    ]]>
                                                    </name>
                                                    <value>
                                                    <![CDATA[
                                                    Tablettenzufuhrung
                                                    ]]>
                                                    </value>
                                                </Row>
                                                <Row>
                                                    <name>
                                                    <![CDATA[
                                                    Formstation
                                                    ]]>
                                                    </name>
                                                    <value>
                                                    <![CDATA[
                                                    Formstation
                                                    ]]>
                                                    </value>
                                                </Row>
                                                <Row>
                                                    <name>
                                                    <![CDATA[
                                                    Glätteinheit Folienstrang
                                                    ]]>
                                                    </name>
                                                    <value>
                                                    <![CDATA[
                                                    Glatteinheit Folienstrang
                                                    ]]>
                                                    </value>
                                                </Row>
                                                <Row>
                                                    <name>
                                                    <![CDATA[
                                                    Saugband und Blisterzwischenablage
                                                    ]]>
                                                    </name>
                                                    <value>
                                                    <![CDATA[
                                                    Saugband und Blisterzwischenablage
                                                    ]]>
                                                    </value>
                                                </Row>
                                                <Row>
                                                    <name>
                                                    <![CDATA[
                                                    Stanze
                                                    ]]>
                                                    </name>
                                                    <value>
                                                    <![CDATA[
                                                    Stanze
                                                    ]]>
                                                    </value>
                                                </Row>
                                                <Row>
                                                    <name>
                                                    <![CDATA[
                                                    Perforationsstation
                                                    ]]>
                                                    </name>
                                                    <value>
                                                    <![CDATA[
                                                    Perforationsstation
                                                    ]]>
                                                    </value>
                                                </Row>
                                                <Row>
                                                    <name>
                                                    <![CDATA[
                                                    Foliendruckmaschine
                                                    ]]>
                                                    </name>
                                                    <value>
                                                    <![CDATA[
                                                    Foliendruckmaschine
                                                    ]]>
                                                    </value>
                                                </Row>
                                                <Row>
                                                    <name>
                                                    <![CDATA[
                                                    Siegelstation
                                                    ]]>
                                                    </name>
                                                    <value>
                                                    <![CDATA[
                                                    Siegelstation
                                                    ]]>
                                                    </value>
                                                </Row>
                                                <Row>
                                                    <name>
                                                    <![CDATA[
                                                    Leerfeldkontrolle
                                                    ]]>
                                                    </name>
                                                    <value>
                                                    <![CDATA[
                                                    Leerfeldkontrolle
                                                    ]]>
                                                    </value>
                                                </Row>
                                                <Row>
                                                    <name>
                                                    <![CDATA[
                                                    Druck Napfausformung
                                                    ]]>
                                                    </name>
                                                    <value>
                                                    <![CDATA[
                                                    Druck Napfausformung
                                                    ]]>
                                                    </value>
                                                </Row>
                                                <Row>
                                                    <name>
                                                    <![CDATA[
                                                    Druck Siegelwalze
                                                    ]]>
                                                    </name>
                                                    <value>
                                                    <![CDATA[
                                                    Druck Siegelwalze
                                                    ]]>
                                                    </value>
                                                </Row>
                                                <Row>
                                                    <name>
                                                    <![CDATA[
                                                    Druckmarkensteuerung und Reckung
                                                    ]]>
                                                    </name>
                                                    <value>
                                                    <![CDATA[
                                                    Druckmarkensteuerung und Reckung
                                                    ]]>
                                                    </value>
                                                </Row>
                                                <Row>
                                                    <name>
                                                    <![CDATA[
                                                    Temperatur Heizplatte oben Heizkreis
                                                    ]]>
                                                    </name>
                                                    <value>
                                                    <![CDATA[
                                                    Temperatur Heizplatte oben Heizkreis
                                                    ]]>
                                                    </value>
                                                </Row>
                                                <Row>
                                                    <name>
                                                    <![CDATA[
                                                    Temperatur Heizplatte unten Heizkreis
                                                    ]]>
                                                    </name>
                                                    <value>
                                                    <![CDATA[
                                                    Temperatur Heizplatte unten Heizkreis
                                                    ]]>
                                                    </value>
                                                </Row>
                                                <Row>
                                                    <name>
                                                    <![CDATA[
                                                    Temperatur Siegelheizung
                                                    ]]>
                                                    </name>
                                                    <value>
                                                    <![CDATA[
                                                    Temperatur Siegelheizung
                                                    ]]>
                                                    </value>
                                                </Row>
                                                <Row>
                                                    <name>
                                                    <![CDATA[
                                                    Temperatur Vorstreckheizung
                                                    ]]>
                                                    </name>
                                                    <value>
                                                    <![CDATA[
                                                    Temperatur Vorstreckheizung
                                                    ]]>
                                                    </value>
                                                </Row>
                                                <Row>
                                                    <name>
                                                    <![CDATA[
                                                    Temperatur Füllstreckheizung
                                                    ]]>
                                                    </name>
                                                    <value>
                                                    <![CDATA[
                                                    Temperatur Fullstreckheizung
                                                    ]]>
                                                    </value>
                                                </Row>
                                            </Rows>
                                        </infoTable>
                                    </reasonCodes>
                                    <value>
                                    <![CDATA[
                                    Tiefziehanlage
                                    ]]>
                                    </value>
                                </Row>
                                <Row>
                                    <name>
                                    <![CDATA[
                                    Bündelpacker
                                    ]]>
                                    </name>
                                    <reasonCodes>
                                        <infoTable>
                                            <DataShape>
                                                <FieldDefinitions>
                                                    <FieldDefinition aspect.friendlyName="Name" aspect.isPrimaryKey="false" baseType="STRING" description="" name="name" ordinal="0"/>
                                                    <FieldDefinition aspect.isPrimaryKey="false" baseType="STRING" description="" name="value" ordinal="0"/>
                                                </FieldDefinitions>
                                            </DataShape>
                                            <Rows>
                                                <Row>
                                                    <name>
                                                    <![CDATA[
                                                    Bündelpacker
                                                    ]]>
                                                    </name>
                                                    <value>
                                                    <![CDATA[
                                                    Bundelpacker
                                                    ]]>
                                                    </value>
                                                </Row>
                                                <Row>
                                                    <name>
                                                    <![CDATA[
                                                    Transportband
                                                    ]]>
                                                    </name>
                                                    <value>
                                                    <![CDATA[
                                                    Transportband
                                                    ]]>
                                                    </value>
                                                </Row>
                                                <Row>
                                                    <name>
                                                    <![CDATA[
                                                    Schweißstationen
                                                    ]]>
                                                    </name>
                                                    <value>
                                                    <![CDATA[
                                                    Schweissstationen
                                                    ]]>
                                                    </value>
                                                </Row>
                                                <Row>
                                                    <name>
                                                    <![CDATA[
                                                    Seidenader Ext.Unit 1
                                                    ]]>
                                                    </name>
                                                    <value>
                                                    <![CDATA[
                                                    Seidenader Ext.Unit 1
                                                    ]]>
                                                    </value>
                                                </Row>
                                            </Rows>
                                        </infoTable>
                                    </reasonCodes>
                                    <value>
                                    <![CDATA[
                                    Bundelpacker
                                    ]]>
                                    </value>
                                </Row>
                                <Row>
                                    <name>
                                    <![CDATA[
                                    Palettierer
                                    ]]>
                                    </name>
                                    <reasonCodes>
                                        <infoTable>
                                            <DataShape>
                                                <FieldDefinitions>
                                                    <FieldDefinition aspect.friendlyName="Name" aspect.isPrimaryKey="false" baseType="STRING" description="" name="name" ordinal="0"/>
                                                    <FieldDefinition aspect.isPrimaryKey="false" baseType="STRING" description="" name="value" ordinal="0"/>
                                                </FieldDefinitions>
                                            </DataShape>
                                            <Rows>
                                                <Row>
                                                    <name>
                                                    <![CDATA[
                                                    Palettierer
                                                    ]]>
                                                    </name>
                                                    <value>
                                                    <![CDATA[
                                                    Palettierer
                                                    ]]>
                                                    </value>
                                                </Row>
                                                <Row>
                                                    <name>
                                                    <![CDATA[
                                                    Greifwerkzeug (Saugplatte)
                                                    ]]>
                                                    </name>
                                                    <value>
                                                    <![CDATA[
                                                    Greifwerkzeug (Saugplatte)
                                                    ]]>
                                                    </value>
                                                </Row>
                                                <Row>
                                                    <name>
                                                    <![CDATA[
                                                    Seidenader Ext. Unit 3
                                                    ]]>
                                                    </name>
                                                    <value>
                                                    <![CDATA[
                                                    Seidenader Ext. Unit 3
                                                    ]]>
                                                    </value>
                                                </Row>
                                                <Row>
                                                    <name>
                                                    <![CDATA[
                                                    Handhabungsroboter
                                                    ]]>
                                                    </name>
                                                    <value>
                                                    <![CDATA[
                                                    Handhabungsroboter
                                                    ]]>
                                                    </value>
                                                </Row>
                                            </Rows>
                                        </infoTable>
                                    </reasonCodes>
                                    <value>
                                    <![CDATA[
                                    Palettierer
                                    ]]>
                                    </value>
                                </Row>
                                <Row>
                                    <name>
                                    <![CDATA[
                                    Endverpackung
                                    ]]>
                                    </name>
                                    <reasonCodes>
                                        <infoTable>
                                            <DataShape>
                                                <FieldDefinitions>
                                                    <FieldDefinition aspect.friendlyName="Name" aspect.isPrimaryKey="false" baseType="STRING" description="" name="name" ordinal="0"/>
                                                    <FieldDefinition aspect.isPrimaryKey="false" baseType="STRING" description="" name="value" ordinal="0"/>
                                                </FieldDefinitions>
                                            </DataShape>
                                            <Rows>
                                                <Row>
                                                    <name>
                                                    <![CDATA[
                                                    Transportband EG-UG
                                                    ]]>
                                                    </name>
                                                    <value>
                                                    <![CDATA[
                                                    Transportband EG-UG
                                                    ]]>
                                                    </value>
                                                </Row>
                                                <Row>
                                                    <name>
                                                    <![CDATA[
                                                    WPV Etikettierer
                                                    ]]>
                                                    </name>
                                                    <value>
                                                    <![CDATA[
                                                    WPV Etikettierer
                                                    ]]>
                                                    </value>
                                                </Row>
                                                <Row>
                                                    <name>
                                                    <![CDATA[
                                                    Serialisierung Drucker
                                                    ]]>
                                                    </name>
                                                    <value>
                                                    <![CDATA[
                                                    Serialisierung Drucker
                                                    ]]>
                                                    </value>
                                                </Row>
                                                <Row>
                                                    <name>
                                                    <![CDATA[
                                                    Versandkartonpalettierer
                                                    ]]>
                                                    </name>
                                                    <value>
                                                    <![CDATA[
                                                    Versandkartonpalettierer
                                                    ]]>
                                                    </value>
                                                </Row>
                                                <Row>
                                                    <name>
                                                    <![CDATA[
                                                    Extendend Unit 2
                                                    ]]>
                                                    </name>
                                                    <value>
                                                    <![CDATA[
                                                    Extendend Unit 2
                                                    ]]>
                                                    </value>
                                                </Row>
                                                <Row>
                                                    <name>
                                                    <![CDATA[
                                                    Stautisch
                                                    ]]>
                                                    </name>
                                                    <value>
                                                    <![CDATA[
                                                    Stautisch
                                                    ]]>
                                                    </value>
                                                </Row>
                                            </Rows>
                                        </infoTable>
                                    </reasonCodes>
                                    <value>
                                    <![CDATA[
                                    Endverpackung
                                    ]]>
                                    </value>
                                </Row>
                                <Row>
                                    <name>
                                    <![CDATA[
                                    Versandkartonierer
                                    ]]>
                                    </name>
                                    <reasonCodes>
                                        <infoTable>
                                            <DataShape>
                                                <FieldDefinitions>
                                                    <FieldDefinition aspect.friendlyName="Name" aspect.isPrimaryKey="false" baseType="STRING" description="" name="name" ordinal="0"/>
                                                    <FieldDefinition aspect.isPrimaryKey="false" baseType="STRING" description="" name="value" ordinal="0"/>
                                                </FieldDefinitions>
                                            </DataShape>
                                            <Rows>
                                                <Row>
                                                    <name>
                                                    <![CDATA[
                                                    Versandkartonierer
                                                    ]]>
                                                    </name>
                                                    <value>
                                                    <![CDATA[
                                                    Versandkartonierer
                                                    ]]>
                                                    </value>
                                                </Row>
                                                <Row>
                                                    <name>
                                                    <![CDATA[
                                                    Transportband EG-UG
                                                    ]]>
                                                    </name>
                                                    <value>
                                                    <![CDATA[
                                                    Transportband EG-UG
                                                    ]]>
                                                    </value>
                                                </Row>
                                                <Row>
                                                    <name>
                                                    <![CDATA[
                                                    WPV-Drucker
                                                    ]]>
                                                    </name>
                                                    <value>
                                                    <![CDATA[
                                                    WPV-Drucker
                                                    ]]>
                                                    </value>
                                                </Row>
                                                <Row>
                                                    <name>
                                                    <![CDATA[
                                                    Serialisierung Drucker
                                                    ]]>
                                                    </name>
                                                    <value>
                                                    <![CDATA[
                                                    Serialisierung Drucker
                                                    ]]>
                                                    </value>
                                                </Row>
                                                <Row>
                                                    <name>
                                                    <![CDATA[
                                                    Kartonmagazin, Faltschachtel Einschub
                                                    ]]>
                                                    </name>
                                                    <value>
                                                    <![CDATA[
                                                    Kartonmagazin, Faltschachtel Einschub
                                                    ]]>
                                                    </value>
                                                </Row>
                                                <Row>
                                                    <name>
                                                    <![CDATA[
                                                    Seidenader Ext. Unit 2
                                                    ]]>
                                                    </name>
                                                    <value>
                                                    <![CDATA[
                                                    Seidenader Ext. Unit 2
                                                    ]]>
                                                    </value>
                                                </Row>
                                                <Row>
                                                    <name>
                                                    <![CDATA[
                                                    Klebestation
                                                    ]]>
                                                    </name>
                                                    <value>
                                                    <![CDATA[
                                                    Klebestation
                                                    ]]>
                                                    </value>
                                                </Row>
                                            </Rows>
                                        </infoTable>
                                    </reasonCodes>
                                    <value>
                                    <![CDATA[
                                    Versandkartonierer
                                    ]]>
                                    </value>
                                </Row>
                            </Rows>
                        </infoTable>
                    </Value>
                    <Timestamp>2019-12-05T08:15:31.860Z</Timestamp>
                    <Quality>GOOD</Quality>
                </sourcesAndReasonCodes>
            </ThingProperties>
        </Thing>
    </Things>
</Entities>
