<?xml version="1.0" encoding="UTF-8" standalone="no"?>
<Entities build="b222" majorVersion="8" minorVersion="5" modelPersistenceProviderPackage="PostgresPersistenceProviderPackage" revision="4" schemaVersion="1053" universal="">
    <DataShapes>
        <DataShape baseDataShape="" description="TA-Numbers Mapping Info (TA &amp; Format Type)" documentationContent="" homeMashup="" lastModifiedDate="2020-05-27T18:40:08.826Z" name="BayerTANumbersInfoDataShape" projectName="BayerIoT" tags="">
            <avatar/>
            <DesignTimePermissions>
                <Create/>
                <Read/>
                <Update/>
                <Delete/>
                <Metadata/>
            </DesignTimePermissions>
            <RunTimePermissions/>
            <VisibilityPermissions>
                <Visibility/>
            </VisibilityPermissions>
            <ConfigurationTableDefinitions/>
            <ConfigurationTables/>
            <FieldDefinitions>
                <FieldDefinition aspect.isPrimaryKey="false" baseType="STRING" description="Format Type" name="formatType" ordinal="4"/>
                <FieldDefinition aspect.isPrimaryKey="true" baseType="STRING" description="TA-Number" name="taNumber" ordinal="3"/>
            </FieldDefinitions>
        </DataShape>
    </DataShapes>
</Entities>
