<?xml version="1.0" encoding="UTF-8" standalone="no"?>
<Entities build="b222" majorVersion="8" minorVersion="5" modelPersistenceProviderPackage="PostgresPersistenceProviderPackage" revision="4" schemaVersion="1053" universal="">
    <DataShapes>
        <DataShape baseDataShape="" description="" documentationContent="" homeMashup="" lastModifiedDate="2020-05-10T12:47:44.687Z" name="BayerDelaysTrendDataShape" projectName="BayerIoT" tags="">
            <avatar/>
            <DesignTimePermissions>
                <Create/>
                <Read/>
                <Update/>
                <Delete/>
                <Metadata/>
            </DesignTimePermissions>
            <RunTimePermissions/>
            <VisibilityPermissions>
                <Visibility/>
            </VisibilityPermissions>
            <ConfigurationTableDefinitions/>
            <ConfigurationTables/>
            <FieldDefinitions>
                <FieldDefinition baseType="STRING" description="duration" name="duration" ordinal="5"/>
                <FieldDefinition baseType="DATETIME" description="endTime" name="endTime" ordinal="3"/>
                <FieldDefinition baseType="INTEGER" description="id" name="id" ordinal="1"/>
                <FieldDefinition baseType="DATETIME" description="startTime" name="startTime" ordinal="2"/>
                <FieldDefinition baseType="STRING" description="totalDuration" name="totalDuration" ordinal="6"/>
                <FieldDefinition aspect.isPrimaryKey="false" baseType="NUMBER" description="" name="totalDurationMins" ordinal="7"/>
                <FieldDefinition aspect.isPrimaryKey="false" baseType="NUMBER" description="" name="totalDurationMs" ordinal="4"/>
            </FieldDefinitions>
        </DataShape>
    </DataShapes>
</Entities>
