<?xml version="1.0" encoding="UTF-8" standalone="no"?>
<Entities build="b222" majorVersion="8" minorVersion="5" modelPersistenceProviderPackage="PostgresPersistenceProviderPackage" revision="4" schemaVersion="1053" universal="">
    <DataShapes>
        <DataShape baseDataShape="" description="Information on how to extract data from a given column" documentationContent="" homeMashup="" lastModifiedDate="2020-05-28T04:03:50.889Z" name="BayerExtractColumnInfo" projectName="BayerIoT" tags="">
            <avatar/>
            <DesignTimePermissions>
                <Create/>
                <Read/>
                <Update/>
                <Delete/>
                <Metadata/>
            </DesignTimePermissions>
            <RunTimePermissions/>
            <VisibilityPermissions>
                <Visibility/>
            </VisibilityPermissions>
            <ConfigurationTableDefinitions/>
            <ConfigurationTables/>
            <FieldDefinitions>
                <FieldDefinition aspect.isPrimaryKey="true" baseType="STRING" description="Name of the field to extract data from" name="fieldName" ordinal="1"/>
                <FieldDefinition aspect.defaultValue="0" aspect.isPrimaryKey="true" aspect.minimumValue="0" baseType="INTEGER" description="Which splitted part to take as meaningful?" name="partIndex" ordinal="3"/>
                <FieldDefinition aspect.isPrimaryKey="true" baseType="STRING" description="Separator to use when splitting the field data" name="separator" ordinal="2"/>
            </FieldDefinitions>
        </DataShape>
    </DataShapes>
</Entities>
