<?xml version="1.0" encoding="UTF-8" standalone="no"?>
<Entities build="b222" majorVersion="8" minorVersion="5" modelPersistenceProviderPackage="PostgresPersistenceProviderPackage" revision="4" schemaVersion="1053" universal="">
    <DataShapes>
        <DataShape baseDataShape="" description="Production Line Configuration Info" documentationContent="" homeMashup="" lastModifiedDate="2020-05-28T19:12:51.737Z" name="BayerProductionLineConfigurationDataShape" projectName="BayerIoT" tags="Applications:Bayer">
            <avatar/>
            <DesignTimePermissions>
                <Create/>
                <Read/>
                <Update/>
                <Delete/>
                <Metadata/>
            </DesignTimePermissions>
            <RunTimePermissions/>
            <VisibilityPermissions>
                <Visibility>
                    <Principal isPermitted="true" name="Bayer:PerformanceDashboard" type="OrganizationalUnit"/>
                </Visibility>
            </VisibilityPermissions>
            <ConfigurationTableDefinitions/>
            <ConfigurationTables/>
            <FieldDefinitions>
                <FieldDefinition aspect.defaultValue="90" aspect.isPrimaryKey="true" aspect.units="minutes" baseType="INTEGER" description="" name="additionalChangeoverTime" ordinal="1"/>
                <FieldDefinition aspect.defaultValue="false" aspect.isPrimaryKey="true" baseType="BOOLEAN" description="" name="allowManualAdjustment" ordinal="8"/>
                <FieldDefinition aspect.defaultValue="BayerChangeoverDefaultCalculationThing" aspect.isPrimaryKey="true" aspect.thingShape="BayerChangeoverCalculationShape" baseType="THINGNAME" description="Changeover Calculation Thing Name" name="changeoverCalculationThing" ordinal="9"/>
                <FieldDefinition aspect.defaultValue="2.3" aspect.isPrimaryKey="true" aspect.units="minutes" baseType="NUMBER" description="" name="delayMicrostopBreakdownThreshold" ordinal="6"/>
                <FieldDefinition aspect.defaultValue="3.0" aspect.isPrimaryKey="true" aspect.units="occurences" baseType="NUMBER" description="" name="delayMicrostopCountMax" ordinal="5"/>
                <FieldDefinition aspect.defaultValue="5.0" aspect.isPrimaryKey="true" aspect.units="minutes" baseType="NUMBER" description="" name="delayMicrostopTimeMax" ordinal="4"/>
                <FieldDefinition aspect.defaultValue="0.6" aspect.isPrimaryKey="true" aspect.units="multiplier" baseType="NUMBER" description="" name="nominalRateCorrection" ordinal="2"/>
                <FieldDefinition aspect.defaultValue="false" aspect.isPrimaryKey="true" baseType="BOOLEAN" description="Select &quot;true&quot; if Material Performance Table contains value of blisters per hour (instead of boxes per hour)" name="nominalRateInBlisters" ordinal="7"/>
                <FieldDefinition aspect.isPrimaryKey="true" baseType="STRING" description="" name="notificationSender" ordinal="3"/>
            </FieldDefinitions>
        </DataShape>
    </DataShapes>
</Entities>
