<?xml version="1.0" encoding="UTF-8" standalone="no"?>
<Entities build="b222" majorVersion="8" minorVersion="5" modelPersistenceProviderPackage="PostgresPersistenceProviderPackage" revision="4" schemaVersion="1053" universal="">
    <DataShapes>
        <DataShape baseDataShape="" description="Combined lines for Microstops, Changeover, Breakdowns" documentationContent="" homeMashup="" lastModifiedDate="2020-07-28T04:27:29.438Z" name="BayerTrendsCombinedDataShape" projectName="BayerIoT" tags="">
            <avatar/>
            <DesignTimePermissions>
                <Create/>
                <Read/>
                <Update/>
                <Delete/>
                <Metadata/>
            </DesignTimePermissions>
            <RunTimePermissions/>
            <VisibilityPermissions>
                <Visibility/>
            </VisibilityPermissions>
            <ConfigurationTableDefinitions/>
            <ConfigurationTables/>
            <FieldDefinitions>
                <FieldDefinition aspect.isPrimaryKey="true" baseType="DATETIME" description="Hourly TS" name="timestamp" ordinal="1"/>
                <FieldDefinition aspect.isPrimaryKey="false" baseType="STRING" description="Timestamp formatted string" name="timestampStr" ordinal="2"/>
                <FieldDefinition aspect.isPrimaryKey="false" baseType="NUMBER" description="" name="totalBreakdownsMins" ordinal="4"/>
                <FieldDefinition aspect.isPrimaryKey="false" baseType="STRING" description="Combined time in HH:mm:ss format" name="totalBreakdownsStr" ordinal="7"/>
                <FieldDefinition aspect.isPrimaryKey="false" baseType="NUMBER" description="" name="totalChangeoverMins" ordinal="5"/>
                <FieldDefinition aspect.isPrimaryKey="false" baseType="STRING" description="Combined time in HH:mm:ss format" name="totalChangeoverStr" ordinal="8"/>
                <FieldDefinition aspect.isPrimaryKey="false" baseType="NUMBER" description="" name="totalMicrostopsMins" ordinal="3"/>
                <FieldDefinition aspect.isPrimaryKey="false" baseType="STRING" description="Total time in HH:mm:ss format" name="totalMicrostopsStr" ordinal="6"/>
            </FieldDefinitions>
        </DataShape>
    </DataShapes>
</Entities>
