<?xml version="1.0" encoding="UTF-8" standalone="no"?>
<Entities build="b222" majorVersion="8" minorVersion="5" modelPersistenceProviderPackage="PostgresPersistenceProviderPackage" revision="4" schemaVersion="1053" universal="">
    <Things>
        <Thing description="Bayer Product Formats Matrix (Data Table) - Extra Info" documentationContent="" effectiveThingPackage="DataTableThing" enabled="true" homeMashup="DataTableEditor" identifier="" lastModifiedDate="2020-06-18T05:45:40.080Z" name="BayerProductFormatsDataTable" projectName="BayerIoT" published="false" tags="" thingTemplate="DataTable" valueStream="">
            <avatar/>
            <DesignTimePermissions>
                <Create/>
                <Read/>
                <Update/>
                <Delete/>
                <Metadata/>
            </DesignTimePermissions>
            <RunTimePermissions>
                <Permissions resourceName="AddOrUpdateRecord">
                    <PropertyRead/>
                    <PropertyWrite/>
                    <ServiceInvoke>
                        <Principal isPermitted="true" name="Role.BayerProductionLine.Any" type="Group"/>
                    </ServiceInvoke>
                    <EventInvoke/>
                    <EventSubscribe/>
                </Permissions>
                <Permissions resourceName="*">
                    <PropertyRead>
                        <Principal isPermitted="true" name="System" type="User"/>
                    </PropertyRead>
                    <PropertyWrite/>
                    <ServiceInvoke>
                        <Principal isPermitted="true" name="System" type="User"/>
                    </ServiceInvoke>
                    <EventInvoke/>
                    <EventSubscribe/>
                </Permissions>
                <Permissions resourceName="GetEntriesForLine">
                    <PropertyRead/>
                    <PropertyWrite/>
                    <ServiceInvoke>
                        <Principal isPermitted="true" name="Role.BayerProductionLine.Any" type="Group"/>
                    </ServiceInvoke>
                    <EventInvoke/>
                    <EventSubscribe/>
                </Permissions>
                <Permissions resourceName="DeleteDataTableEntryByKey">
                    <PropertyRead/>
                    <PropertyWrite/>
                    <ServiceInvoke>
                        <Principal isPermitted="true" name="Role.BayerProductionLine.Any" type="Group"/>
                    </ServiceInvoke>
                    <EventInvoke/>
                    <EventSubscribe/>
                </Permissions>
            </RunTimePermissions>
            <VisibilityPermissions>
                <Visibility>
                    <Principal isPermitted="true" name="Bayer:PerformanceDashboard" type="OrganizationalUnit"/>
                </Visibility>
            </VisibilityPermissions>
            <ConfigurationTableDefinitions>
                <ConfigurationTableDefinition category="Parser" dataShapeName="BayerProductFormatsInfoDataShape" description="" isHidden="false" isMultiRow="false" name="ColumnMapping" ordinal="0" source="IMPORT"/>
            </ConfigurationTableDefinitions>
            <ConfigurationTables>
                <ConfigurationTable description="" isMultiRow="false" name="ColumnMapping" ordinal="0">
                    <DataShape>
                        <FieldDefinitions>
                            <FieldDefinition aspect.isPrimaryKey="false" baseType="STRING" description="Blister Size" name="blisterSize" ordinal="7"/>
                            <FieldDefinition aspect.isPrimaryKey="false" baseType="STRING" description="Blisters Per Folded Box (Blister Amount)" name="blistersPerFoldedBox" ordinal="9"/>
                            <FieldDefinition aspect.isPrimaryKey="false" baseType="STRING" description="Blister Type" name="blisterType" ordinal="5"/>
                            <FieldDefinition aspect.isPrimaryKey="false" baseType="STRING" description="Bundle Format" name="bundleFormat" ordinal="10"/>
                            <FieldDefinition aspect.isPrimaryKey="false" baseType="STRING" description="Folded Box Format" name="foldedBoxFormat" ordinal="8"/>
                            <FieldDefinition aspect.isPrimaryKey="true" baseType="STRING" description="Format Type" name="formatType" ordinal="1"/>
                            <FieldDefinition aspect.isPrimaryKey="false" baseType="STRING" description="Ground Foil" name="groundFoil" ordinal="6"/>
                            <FieldDefinition aspect.isPrimaryKey="true" baseType="STRING" description="Product Type" name="productType" ordinal="3"/>
                        </FieldDefinitions>
                    </DataShape>
                    <Rows>
                        <Row>
                            <blisterSize>
                            <![CDATA[
                            Blister size
                            ]]>
                            </blisterSize>
                            <blisterType>
                            <![CDATA[
                            Blister type
                            ]]>
                            </blisterType>
                            <blistersPerFoldedBox>
                            <![CDATA[
                            Blister amount
                            ]]>
                            </blistersPerFoldedBox>
                            <bundleFormat>
                            <![CDATA[
                            Bundle format
                            ]]>
                            </bundleFormat>
                            <foldedBoxFormat>
                            <![CDATA[
                            Box format
                            ]]>
                            </foldedBoxFormat>
                            <formatType>
                            <![CDATA[
                            Format type
                            ]]>
                            </formatType>
                            <groundFoil>
                            <![CDATA[
                            Ground foil
                            ]]>
                            </groundFoil>
                            <productType>
                            <![CDATA[
                            Product type
                            ]]>
                            </productType>
                        </Row>
                    </Rows>
                </ConfigurationTable>
                <ConfigurationTable description="Data Thing Configuration" isMultiRow="false" name="DataThingSettings" ordinal="0">
                    <DataShape>
                        <FieldDefinitions>
                            <FieldDefinition baseType="STRING" description="Persistence Provider Name" name="persistenceProvider" ordinal="0"/>
                        </FieldDefinitions>
                    </DataShape>
                    <Rows>
                        <Row>
                            <persistenceProvider>
                            <![CDATA[
                            ThingworxPersistenceProvider
                            ]]>
                            </persistenceProvider>
                        </Row>
                    </Rows>
                </ConfigurationTable>
                <ConfigurationTable description="Data Shape Configuration" isMultiRow="false" name="Settings" ordinal="0">
                    <DataShape>
                        <FieldDefinitions>
                            <FieldDefinition aspect.friendlyName="Data Shape" baseType="DATASHAPENAME" description="Data shape" name="dataShape" ordinal="0"/>
                        </FieldDefinitions>
                    </DataShape>
                    <Rows>
                        <Row>
                            <accumulatedDataShape>
                                <json>
                                <![CDATA[
                                {"fieldDefinitions":{"bundleFormat":{"name":"bundleFormat","aspects":{"isPrimaryKey":false},"description":"Bundle Format","baseType":"STRING","ordinal":3},"blisterSize":{"name":"blisterSize","aspects":{"isPrimaryKey":false},"description":"Blister Size","baseType":"STRING","ordinal":0},"productId":{"name":"productId","aspects":{"isDeleted":true,"isPrimaryKey":true},"description":"Product Id (Product Type)","baseType":"STRING","ordinal":8},"blistersPerFoldedBox":{"name":"blistersPerFoldedBox","aspects":{"isPrimaryKey":false},"description":"Blisters Per Folded Box (Blister Amount)","baseType":"INTEGER","ordinal":1},"productionLine":{"name":"productionLine","aspects":{"isPrimaryKey":true,"thingTemplate":"BayerProductionLine"},"description":"Production Line Thing Name","baseType":"THINGNAME","ordinal":9},"foldedBoxFormat":{"name":"foldedBoxFormat","aspects":{"isPrimaryKey":false},"description":"Folded Box Format","baseType":"STRING","ordinal":4},"groundFoil":{"name":"groundFoil","aspects":{"isPrimaryKey":false},"description":"","baseType":"STRING","ordinal":6},"blisterType":{"name":"blisterType","aspects":{"isPrimaryKey":false},"description":"","baseType":"STRING","ordinal":2},"formatType":{"name":"formatType","aspects":{"isPrimaryKey":true},"description":"Format Type","baseType":"STRING","ordinal":5},"productDescription":{"name":"productDescription","aspects":{"isDeleted":true,"isPrimaryKey":false},"description":"Product Description","baseType":"STRING","ordinal":7},"productType":{"name":"productType","aspects":{"isPrimaryKey":false},"description":"Product Type","baseType":"STRING","ordinal":10}}}
                                ]]>
                                </json>
                            </accumulatedDataShape>
                            <dataShape>
                            <![CDATA[
                            BayerProductFormatsRecordDataShape
                            ]]>
                            </dataShape>
                        </Row>
                    </Rows>
                </ConfigurationTable>
                <ConfigurationTable description="Index Settings" isMultiRow="true" name="Indexes" ordinal="1">
                    <DataShape>
                        <FieldDefinitions>
                            <FieldDefinition aspect.friendlyName="Index Field Names" baseType="STRING" description="Index fields" name="fieldNames" ordinal="1"/>
                            <FieldDefinition aspect.friendlyName="Index Name" baseType="STRING" description="Index name" name="name" ordinal="0"/>
                        </FieldDefinitions>
                    </DataShape>
                    <Rows/>
                </ConfigurationTable>
                <ConfigurationTable description="How to extract production line id from a given column (if needed)" isMultiRow="false" name="ProductionLineExtractColumn" ordinal="5">
                    <DataShape>
                        <FieldDefinitions>
                            <FieldDefinition aspect.isPrimaryKey="true" baseType="STRING" description="Name of the field to extract data from" name="fieldName" ordinal="1"/>
                            <FieldDefinition aspect.defaultValue="0" aspect.isPrimaryKey="true" aspect.minimumValue="0" baseType="INTEGER" description="Which splitted part to take as meaningful?" name="partIndex" ordinal="3"/>
                            <FieldDefinition aspect.isPrimaryKey="true" baseType="STRING" description="Separator to use when splitting the field data" name="separator" ordinal="2"/>
                        </FieldDefinitions>
                    </DataShape>
                    <Rows>
                        <Row>
                            <fieldName>
                            <![CDATA[
                            formatType
                            ]]>
                            </fieldName>
                            <partIndex>0</partIndex>
                            <separator>
                            <![CDATA[
                            -
                            ]]>
                            </separator>
                        </Row>
                    </Rows>
                </ConfigurationTable>
            </ConfigurationTables>
            <ThingShape>
                <PropertyDefinitions/>
                <ServiceDefinitions>
                    <ServiceDefinition aspect.isAsync="false" category="" description="" isAllowOverride="false" isLocalOnly="false" isOpen="false" isPrivate="false" name="AddOrUpdateRecord">
                        <ResultType aspect.dataShape="BayerProductFormatsRecordDataShape" aspect.isDataTableEntry="true" baseType="INFOTABLE" description="" name="result" ordinal="0"/>
                        <ParameterDefinitions>
                            <FieldDefinition baseType="STRING" description="" name="blisterSize" ordinal="3"/>
                            <FieldDefinition baseType="STRING" description="" name="blistersPerFoldedBox" ordinal="5"/>
                            <FieldDefinition baseType="STRING" description="" name="blisterType" ordinal="8"/>
                            <FieldDefinition baseType="STRING" description="" name="bundleFormat" ordinal="2"/>
                            <FieldDefinition baseType="STRING" description="" name="foldedBoxFormat" ordinal="6"/>
                            <FieldDefinition baseType="STRING" description="" name="formatType" ordinal="9"/>
                            <FieldDefinition baseType="STRING" description="" name="groundFoil" ordinal="7"/>
                            <FieldDefinition baseType="STRING" description="" name="productId" ordinal="4"/>
                            <FieldDefinition aspect.thingTemplate="BayerProductionLine" baseType="THINGNAME" description="Production Line" name="productionLine" ordinal="1"/>
                        </ParameterDefinitions>
                    </ServiceDefinition>
                    <ServiceDefinition aspect.isAsync="false" category="" description="" isAllowOverride="false" isLocalOnly="false" isOpen="false" isPrivate="false" name="GetEntriesForLine">
                        <ResultType aspect.dataShape="BayerProductFormatsRecordDataShape" aspect.isDataTableEntry="true" baseType="INFOTABLE" description="" name="result" ordinal="0"/>
                        <ParameterDefinitions>
                            <FieldDefinition aspect.thingTemplate="BayerProductionLine" baseType="THINGNAME" description="Production Line" name="productionLine" ordinal="1"/>
                        </ParameterDefinitions>
                    </ServiceDefinition>
                </ServiceDefinitions>
                <EventDefinitions/>
                <ServiceMappings/>
                <ServiceImplementations>
                    <ServiceImplementation description="" handlerName="Script" name="AddOrUpdateRecord">
                        <ConfigurationTables>
                            <ConfigurationTable description="" isMultiRow="false" name="Script" ordinal="0">
                                <DataShape>
                                    <FieldDefinitions>
                                        <FieldDefinition baseType="STRING" description="code" name="code" ordinal="0"/>
                                    </FieldDefinitions>
                                </DataShape>
                                <Rows>
                                    <Row>
                                        <code>
                                        <![CDATA[
                                        try {
                                            // tags:TAGS
                                            var tags = new Array();
                                        
                                            // values:INFOTABLE(Datashape: BayerProductFormatsRecordDataShape)
                                            var values = me.CreateValues();
                                            values.bundleFormat = bundleFormat; // STRING
                                            values.blisterSize = blisterSize; // STRING
                                            values.productType = productId; // STRING
                                            values.blistersPerFoldedBox = blistersPerFoldedBox; // INTEGER
                                            values.productionLine = productionLine; // THINGNAME [Primary Key]
                                            values.foldedBoxFormat = foldedBoxFormat; // STRING
                                            values.groundFoil = groundFoil; // STRING
                                            values.blisterType = blisterType; // STRING
                                            values.formatType = formatType; // STRING [Primary Key]
                                        
                                            // location:LOCATION
                                            var location = new Object();
                                            location.latitude = 0;
                                            location.longitude = 0;
                                            location.elevation = 0;
                                            location.units ="WGS84";
                                        
                                            // AddOrUpdateDataTableEntry(tags:TAGS, source:STRING("me.name"), values:INFOTABLE(BayerProductFormatsDataTable), location:LOCATION):STRING
                                            var keyEntry = me.AddOrUpdateDataTableEntry({
                                                tags : tags,
                                                source : Resources["CurrentSessionInfo"].GetCurrentUser(),
                                                sourceType: "User",
                                                values : values,
                                                location : location
                                            });
                                            var result = me.GetDataTableEntry({
                                        		values: values /* INFOTABLE */
                                        	});
                                                
                                        } catch(ex) {
                                            logger.error(me.name+  ": Error: " + ex + " " + ex.stack);
                                            throw ex;
                                        }
                                        ]]>
                                        </code>
                                    </Row>
                                </Rows>
                            </ConfigurationTable>
                        </ConfigurationTables>
                    </ServiceImplementation>
                    <ServiceImplementation description="" handlerName="Script" name="GetEntriesForLine">
                        <ConfigurationTables>
                            <ConfigurationTable description="" isMultiRow="false" name="Script" ordinal="0">
                                <DataShape>
                                    <FieldDefinitions>
                                        <FieldDefinition baseType="STRING" description="code" name="code" ordinal="0"/>
                                    </FieldDefinitions>
                                </DataShape>
                                <Rows>
                                    <Row>
                                        <code>
                                        <![CDATA[
                                        // 
                                        // GetEntriesForLine service
                                        // * productionLine - THINGNAME
                                        var query;
                                        if(!!productionLine) {
                                            query = {
                                                "filters": {
                                                    "type": "EQ",
                                                    "fieldName": "productionLine",
                                                    "value": productionLine
                                                }
                                            };
                                        } //? productionLine
                                        
                                        // result: INFOTABLE dataShape: ""
                                        var result =  me.QueryDataTableEntries({
                                            maxItems: 500 /* NUMBER */,
                                            query: query /* QUERY */,
                                            values: undefined /* INFOTABLE */,
                                            source: undefined /* STRING */,
                                            tags: undefined /* TAGS */
                                        });
                                        ]]>
                                        </code>
                                    </Row>
                                </Rows>
                            </ConfigurationTable>
                        </ConfigurationTables>
                    </ServiceImplementation>
                </ServiceImplementations>
                <Subscriptions/>
            </ThingShape>
            <PropertyBindings/>
            <RemotePropertyBindings/>
            <RemoteServiceBindings/>
            <RemoteEventBindings/>
            <AlertConfigurations/>
            <ImplementedShapes>
                <ImplementedShape name="BayerChangeoverMatrixHelper" type="ThingShape"/>
            </ImplementedShapes>
            <ThingProperties/>
        </Thing>
    </Things>
</Entities>
