<?xml version="1.0" encoding="UTF-8" standalone="no"?>
<Entities>
    <ExtensionPackages>
        <ExtensionPackage dependsOn="" description="" minimumThingWorxVersion="8.0.0" name="ttpsc-twx-utilities-extension" packageVersion="1.2.0" vendor="">
            <JarResources>
                <FileResource description="" file="ttpsc-twx-utilities-extension.jar" type="JAR"/>
            </JarResources>
        </ExtensionPackage>
    </ExtensionPackages>
    <Resources>
        <Resource aspect.isCreatable="false" aspect.isEditableExtensionObject="false" className="pl.ttpsc.thingworx.utilities.UtilityServices" description="" name="TTPSC.Utilities.UtilityServices"/>
    </Resources>
</Entities>
