<?xml version="1.0" encoding="UTF-8"?>
<Entities
 build="b2319"
 majorVersion="8"
 minorVersion="4"
 modelPersistenceProviderPackage="PostgresPersistenceProviderPackage"
 revision="4"
 schemaVersion="1041"
 universal="">
    <StateDefinitions>
        <StateDefinition
         description=""
         documentationContent=""
         homeMashup=""
         lastModifiedDate="2019-12-02T16:14:27.817Z"
         name="BayerDelaysTooltipColorStateFormatting"
         projectName="BayerIoT"
         tags="">
            <avatar></avatar>
            <DesignTimePermissions>
                <Create></Create>
                <Read></Read>
                <Update></Update>
                <Delete></Delete>
                <Metadata></Metadata>
            </DesignTimePermissions>
            <RunTimePermissions></RunTimePermissions>
            <VisibilityPermissions>
                <Visibility></Visibility>
            </VisibilityPermissions>
            <ConfigurationTableDefinitions></ConfigurationTableDefinitions>
            <ConfigurationTables></ConfigurationTables>
            <content>
            <![CDATA[
            {
              "stateDefinitions" : [ {
                "defaultStyleDefinition" : "Bayer_Tooltip_Grey",
                "defaultValue" : "changeover",
                "description" : "",
                "displayString" : "Changeover \\2f  Standby",
                "name" : ""
              }, {
                "defaultStyleDefinition" : "Bayer_Tooltip_Orange",
                "defaultValue" : "microstop",
                "description" : "",
                "displayString" : "Microstop",
                "name" : ""
              }, {
                "defaultStyleDefinition" : "Bayer_Tooltip_Green",
                "defaultValue" : "running",
                "description" : "",
                "displayString" : "Running",
                "name" : ""
              }, {
                "defaultStyleDefinition" : "Bayer_Tooltip_Red",
                "defaultValue" : "breakdown",
                "description" : "",
                "displayString" : "Breakdown",
                "name" : ""
              }, {
                "defaultStyleDefinition" : "Bayer_Tooltip_White",
                "defaultValue" : "unknown",
                "description" : "",
                "displayString" : "Unknown",
                "name" : ""
              }, {
                "defaultStyleDefinition" : "Bayer_Tooltip_White",
                "description" : "",
                "displayString" : "Gap",
                "name" : ""
              } ],
              "stateType" : "string"
            }
            ]]>
            </content>
        </StateDefinition>
    </StateDefinitions>
</Entities>
