<?xml version="1.0" encoding="UTF-8"?>
<Entities
 build="b222"
 majorVersion="8"
 minorVersion="5"
 modelPersistenceProviderPackage="PostgresPersistenceProviderPackage"
 revision="4"
 schemaVersion="1053"
 universal="">
    <Users>
        <User
         description="User to pull production data from production DB and assign its' value to counter"
         documentationContent=""
         enabled="true"
         homeMashup=""
         lastModifiedDate="2020-02-20T19:00:14.666Z"
         locked="false"
         lockedTime="2019-02-11T12:00:04.615Z"
         mobileMashup=""
         name="BayerProductionDbSchedulerUser"
         passwordHash=""
         passwordHashAlgorithm=""
         passwordHashIterationCount="0"
         passwordHashSaltSizeInBytes="0"
         passwordHashSizeInBytes="0"
         projectName="BayerIoT"
         scimExternalId=""
         scimId=""
         tags="Applications:Bayer">
            <avatar></avatar>
            <DesignTimePermissions>
                <Create></Create>
                <Read></Read>
                <Update></Update>
                <Delete></Delete>
                <Metadata></Metadata>
            </DesignTimePermissions>
            <RunTimePermissions>
                <Permissions
                 resourceName="*">
                    <PropertyRead>
                        <Principal
                         isPermitted="true"
                         name="Role.BayerOffice"
                         type="Group"></Principal>
                        <Principal
                         isPermitted="true"
                         name="Role.BayerProductionLine.Any"
                         type="Group"></Principal>
                        <Principal
                         isPermitted="true"
                         name="Visibility.BayerProductionLine.All"
                         type="Group"></Principal>
                    </PropertyRead>
                    <PropertyWrite>
                        <Principal
                         isPermitted="true"
                         name="Role.BayerOffice"
                         type="Group"></Principal>
                        <Principal
                         isPermitted="true"
                         name="Role.BayerProductionLine.Any"
                         type="Group"></Principal>
                        <Principal
                         isPermitted="true"
                         name="Visibility.BayerProductionLine.All"
                         type="Group"></Principal>
                    </PropertyWrite>
                    <ServiceInvoke>
                        <Principal
                         isPermitted="true"
                         name="Role.BayerOffice"
                         type="Group"></Principal>
                        <Principal
                         isPermitted="true"
                         name="Role.BayerProductionLine.Any"
                         type="Group"></Principal>
                        <Principal
                         isPermitted="true"
                         name="Visibility.BayerProductionLine.All"
                         type="Group"></Principal>
                    </ServiceInvoke>
                    <EventInvoke>
                        <Principal
                         isPermitted="true"
                         name="Role.BayerOffice"
                         type="Group"></Principal>
                        <Principal
                         isPermitted="true"
                         name="Role.BayerProductionLine.Any"
                         type="Group"></Principal>
                        <Principal
                         isPermitted="true"
                         name="Visibility.BayerProductionLine.All"
                         type="Group"></Principal>
                    </EventInvoke>
                    <EventSubscribe>
                        <Principal
                         isPermitted="true"
                         name="Role.BayerOffice"
                         type="Group"></Principal>
                        <Principal
                         isPermitted="true"
                         name="Role.BayerProductionLine.Any"
                         type="Group"></Principal>
                        <Principal
                         isPermitted="true"
                         name="Visibility.BayerProductionLine.All"
                         type="Group"></Principal>
                    </EventSubscribe>
                </Permissions>
            </RunTimePermissions>
            <VisibilityPermissions>
                <Visibility></Visibility>
            </VisibilityPermissions>
            <ConfigurationTableDefinitions></ConfigurationTableDefinitions>
            <ConfigurationTables>
                <ConfigurationTable
                 description="UserExtensions"
                 isMultiRow="true"
                 name="UserExtensions"
                 ordinal="1">
                    <DataShape>
                        <FieldDefinitions>
                            <FieldDefinition
                             baseType="DATETIME"
                             description="Last update time"
                             name="lastUpdateTime"
                             ordinal="3"></FieldDefinition>
                            <FieldDefinition
                             aspect.isPrimaryKey="true"
                             baseType="STRING"
                             description="Name"
                             name="name"
                             ordinal="1"></FieldDefinition>
                            <FieldDefinition
                             baseType="STRING"
                             description="Value"
                             name="value"
                             ordinal="2"></FieldDefinition>
                        </FieldDefinitions>
                    </DataShape>
                    <Rows>
                        <Row>
                            <lastUpdateTime>1970-01-01T00:00:00.000Z</lastUpdateTime>
                            <name>
                            <![CDATA[
                            altEmailAddresses
                            ]]>
                            </name>
                            <value></value>
                        </Row>
                        <Row>
                            <lastUpdateTime>1970-01-01T00:00:00.000Z</lastUpdateTime>
                            <name>
                            <![CDATA[
                            lastName
                            ]]>
                            </name>
                            <value></value>
                        </Row>
                        <Row>
                            <lastUpdateTime>1970-01-01T00:00:00.000Z</lastUpdateTime>
                            <name>
                            <![CDATA[
                            zipCode
                            ]]>
                            </name>
                            <value></value>
                        </Row>
                        <Row>
                            <lastUpdateTime>1970-01-01T00:00:00.000Z</lastUpdateTime>
                            <name>
                            <![CDATA[
                            smsAddress
                            ]]>
                            </name>
                            <value></value>
                        </Row>
                        <Row>
                            <lastUpdateTime>1970-01-01T00:00:00.000Z</lastUpdateTime>
                            <name>
                            <![CDATA[
                            city
                            ]]>
                            </name>
                            <value></value>
                        </Row>
                        <Row>
                            <lastUpdateTime>1970-01-01T00:00:00.000Z</lastUpdateTime>
                            <name>
                            <![CDATA[
                            homePhone
                            ]]>
                            </name>
                            <value></value>
                        </Row>
                        <Row>
                            <lastUpdateTime>1970-01-01T00:00:00.000Z</lastUpdateTime>
                            <name>
                            <![CDATA[
                            fullName
                            ]]>
                            </name>
                            <value></value>
                        </Row>
                        <Row>
                            <lastUpdateTime>1970-01-01T00:00:00.000Z</lastUpdateTime>
                            <name>
                            <![CDATA[
                            title
                            ]]>
                            </name>
                            <value></value>
                        </Row>
                        <Row>
                            <lastUpdateTime>1970-01-01T00:00:00.000Z</lastUpdateTime>
                            <name>
                            <![CDATA[
                            firstName
                            ]]>
                            </name>
                            <value></value>
                        </Row>
                        <Row>
                            <lastUpdateTime>1970-01-01T00:00:00.000Z</lastUpdateTime>
                            <name>
                            <![CDATA[
                            emailAddress
                            ]]>
                            </name>
                            <value></value>
                        </Row>
                        <Row>
                            <lastUpdateTime>1970-01-01T00:00:00.000Z</lastUpdateTime>
                            <name>
                            <![CDATA[
                            mobilePhone
                            ]]>
                            </name>
                            <value></value>
                        </Row>
                        <Row>
                            <lastUpdateTime>1970-01-01T00:00:00.000Z</lastUpdateTime>
                            <name>
                            <![CDATA[
                            mailingAddress
                            ]]>
                            </name>
                            <value></value>
                        </Row>
                        <Row>
                            <lastUpdateTime>1970-01-01T00:00:00.000Z</lastUpdateTime>
                            <name>
                            <![CDATA[
                            middleName
                            ]]>
                            </name>
                            <value></value>
                        </Row>
                        <Row>
                            <lastUpdateTime>1970-01-01T00:00:00.000Z</lastUpdateTime>
                            <name>
                            <![CDATA[
                            workPhone
                            ]]>
                            </name>
                            <value></value>
                        </Row>
                        <Row>
                            <lastUpdateTime>1970-01-01T00:00:00.000Z</lastUpdateTime>
                            <name>
                            <![CDATA[
                            state
                            ]]>
                            </name>
                            <value></value>
                        </Row>
                    </Rows>
                </ConfigurationTable>
                <ConfigurationTable
                 description="Settings"
                 isMultiRow="false"
                 name="Settings"
                 ordinal="2">
                    <DataShape>
                        <FieldDefinitions>
                            <FieldDefinition
                             aspect.defaultValue=""
                             aspect.isPrimaryKey="true"
                             baseType="STRING"
                             description="Primary language"
                             name="language"
                             ordinal="0"></FieldDefinition>
                        </FieldDefinitions>
                    </DataShape>
                    <Rows>
                        <Row>
                            <language></language>
                        </Row>
                    </Rows>
                </ConfigurationTable>
            </ConfigurationTables>
            <PersistentValues></PersistentValues>
        </User>
    </Users>
</Entities>
