<?xml version="1.0" encoding="UTF-8" standalone="no"?>
<Entities build="b2319" majorVersion="8" minorVersion="4" modelPersistenceProviderPackage="PostgresPersistenceProviderPackage" revision="4" schemaVersion="1041" universal="">
    <DataShapes>
        <DataShape baseDataShape="" description="" documentationContent="" homeMashup="" lastModifiedDate="2019-10-30T08:52:28.623Z" name="DelaysDetailsMaschineStateDataShape" projectName="BayerIoT" tags="Applications:Bayer">
            <avatar/>
            <DesignTimePermissions>
                <Create/>
                <Read/>
                <Update/>
                <Delete/>
                <Metadata/>
            </DesignTimePermissions>
            <RunTimePermissions/>
            <VisibilityPermissions>
                <Visibility>
                    <Principal isPermitted="true" name="Bayer:PerformanceDashboard" type="OrganizationalUnit"/>
                </Visibility>
            </VisibilityPermissions>
            <ConfigurationTableDefinitions/>
            <ConfigurationTables/>
            <FieldDefinitions>
                <FieldDefinition baseType="STRING" description="" name="category" ordinal="12"/>
                <FieldDefinition aspect.units="" baseType="NUMBER" description="" name="duration" ordinal="4"/>
                <FieldDefinition aspect.maximumValue="8" aspect.minimumValue="1" baseType="INTEGER" description="" name="hour" ordinal="2"/>
                <FieldDefinition baseType="STRING" description="" name="sectionColorState" ordinal="5"/>
                <FieldDefinition baseType="DATETIME" description="" name="time" ordinal="3"/>
            </FieldDefinitions>
        </DataShape>
    </DataShapes>
</Entities>
