<?xml version="1.0" encoding="UTF-8" standalone="no"?>
<Entities build="b222" majorVersion="8" minorVersion="5" modelPersistenceProviderPackage="PostgresPersistenceProviderPackage" revision="4" schemaVersion="1053" universal="">
    <DataShapes>
        <DataShape baseDataShape="" description="" documentationContent="" homeMashup="" lastModifiedDate="2019-09-27T11:07:01.658Z" name="BayerChangeoverTimeMatrixDataShape" projectName="BayerIoT" tags="Applications:Bayer">
            <avatar/>
            <DesignTimePermissions>
                <Create/>
                <Read/>
                <Update/>
                <Delete/>
                <Metadata/>
            </DesignTimePermissions>
            <RunTimePermissions/>
            <VisibilityPermissions>
                <Visibility>
                    <Principal isPermitted="true" name="Bayer:PerformanceDashboard" type="OrganizationalUnit"/>
                </Visibility>
            </VisibilityPermissions>
            <ConfigurationTableDefinitions/>
            <ConfigurationTables/>
            <FieldDefinitions>
                <FieldDefinition aspect.isPrimaryKey="true" aspect.thingTemplate="BayerProductionLine" baseType="THINGNAME" description="" name="productionLine" ordinal="1"/>
                <FieldDefinition aspect.isPrimaryKey="true" baseType="STRING" description="" name="sourceCode" ordinal="2"/>
                <FieldDefinition aspect.isPrimaryKey="true" baseType="STRING" description="" name="targetCode" ordinal="4"/>
                <FieldDefinition aspect.units="minutes" baseType="INTEGER" description="" name="time" ordinal="6"/>
            </FieldDefinitions>
        </DataShape>
    </DataShapes>
</Entities>
