<?xml version="1.0" encoding="UTF-8" standalone="no"?>
<Entities build="b222" majorVersion="8" minorVersion="5" modelPersistenceProviderPackage="PostgresPersistenceProviderPackage" revision="4" schemaVersion="1053" universal="">
    <DataShapes>
        <DataShape baseDataShape="" description="" documentationContent="" homeMashup="" lastModifiedDate="2019-09-27T11:07:01.674Z" name="BayerPerformancePerShiftDataShape" projectName="BayerIoT" tags="Applications:Bayer">
            <avatar/>
            <DesignTimePermissions>
                <Create/>
                <Read/>
                <Update/>
                <Delete/>
                <Metadata/>
            </DesignTimePermissions>
            <RunTimePermissions/>
            <VisibilityPermissions>
                <Visibility>
                    <Principal isPermitted="true" name="Bayer:PerformanceDashboard" type="OrganizationalUnit"/>
                </Visibility>
            </VisibilityPermissions>
            <ConfigurationTableDefinitions/>
            <ConfigurationTables/>
            <FieldDefinitions>
                <FieldDefinition aspect.units="%" baseType="NUMBER" description="" name="performance" ordinal="5"/>
                <FieldDefinition baseType="NUMBER" description="" name="quantityProduced" ordinal="2"/>
                <FieldDefinition baseType="STRING" description="" name="shift" ordinal="1"/>
                <FieldDefinition baseType="BOOLEAN" description="" name="status" ordinal="4"/>
                <FieldDefinition baseType="NUMBER" description="" name="targetQuantity" ordinal="3"/>
            </FieldDefinitions>
        </DataShape>
    </DataShapes>
</Entities>
