<?xml version="1.0" encoding="UTF-8"?>
<Entities>
	<ExtensionPackages>
		<ExtensionPackage name="FrameLayout_ExtensionPackage"
						  description="FrameLayout"
						  vendor="ThingWorx Customer Service"
						  packageVersion="1.0" 
						  minimumThingWorxVersion="4.1.0" />
	</ExtensionPackages>
	<StyleDefinitions>
		<StyleDefinition name="FrameLayoutDefaultStyle" description="Default frame layout style" documentationContent="" lastModifiedDate="2013-10-03T14:44:30.820-04:00" tags=""><content><![CDATA[{"displayString":"","fontEmphasisUnderline":false,"fontEmphasisItalic":false,"textSize":"normal","lineColor":"#000000","backgroundColor":"","lineStyle":"solid","lineThickness":0,"secondaryBackgroundColor":"","fontEmphasisBold":false,"foregroundColor":""}]]></content></StyleDefinition>
	</StyleDefinitions>
	<Widgets>
		<Widget name="framelayout">
			<UIResources>
				<!-- Studio ONLY -->
				<FileResource type="CSS" file="framelayout.ide.css" description="" isDevelopment="true" isRuntime="false" />
				<FileResource type="JS" file="framelayout.ide.js" description="" isDevelopment="true" isRuntime="false" />
				<!-- Runtime/Squeal ONLY -->
				<FileResource type="CSS" file="framelayout.runtime.css" description="" isDevelopment="false" isRuntime="true" />
				<FileResource type="JS" file="framelayout.runtime.js" description="" isDevelopment="false" isRuntime="true" />
			</UIResources>
		</Widget>
	</Widgets>
</Entities>
