<?xml version="1.0" encoding="UTF-8" standalone="no"?>
<Entities build="b2319" majorVersion="8" minorVersion="4" modelPersistenceProviderPackage="PostgresPersistenceProviderPackage" revision="4" schemaVersion="1041" universal="">
    <DataShapes>
        <DataShape baseDataShape="" description="" documentationContent="" homeMashup="" lastModifiedDate="2019-10-15T21:21:50.731Z" name="BayerDelayDataShape" projectName="BayerIoT" tags="Applications:Bayer">
            <avatar/>
            <DesignTimePermissions>
                <Create/>
                <Read/>
                <Update/>
                <Delete/>
                <Metadata/>
            </DesignTimePermissions>
            <RunTimePermissions/>
            <VisibilityPermissions>
                <Visibility>
                    <Principal isPermitted="true" name="Bayer:PerformanceDashboard" type="OrganizationalUnit"/>
                </Visibility>
            </VisibilityPermissions>
            <ConfigurationTableDefinitions/>
            <ConfigurationTables/>
            <FieldDefinitions>
                <FieldDefinition aspect.isPrimaryKey="false" baseType="STRING" description="" name="category" ordinal="3"/>
                <FieldDefinition aspect.isPrimaryKey="false" baseType="TEXT" description="" name="description" ordinal="8"/>
                <FieldDefinition aspect.isPrimaryKey="false" baseType="DATETIME" description="" name="endTime" ordinal="5"/>
                <FieldDefinition aspect.isPrimaryKey="true" baseType="INTEGER" description="" name="id" ordinal="1"/>
                <FieldDefinition aspect.isPrimaryKey="false" baseType="STRING" description="" name="reasonCode" ordinal="7"/>
                <FieldDefinition aspect.isPrimaryKey="false" baseType="INTEGER" description="fk" name="shiftScheduleId" ordinal="6"/>
                <FieldDefinition aspect.isPrimaryKey="false" aspect.thingTemplate="BayerProductionLine" baseType="THINGNAME" description="product line" name="source" ordinal="2"/>
                <FieldDefinition aspect.isPrimaryKey="false" baseType="DATETIME" description="" name="startTime" ordinal="4"/>
            </FieldDefinitions>
        </DataShape>
    </DataShapes>
</Entities>
