<?xml version="1.0" encoding="UTF-8" standalone="no"?>
<Entities build="b2319" majorVersion="8" minorVersion="4" modelPersistenceProviderPackage="PostgresPersistenceProviderPackage" revision="4" schemaVersion="1041" universal="">
    <Things>
        <Thing description="" documentationContent="" effectiveThingPackage="ConfiguredThing" enabled="true" homeMashup="" identifier="" lastModifiedDate="2019-11-14T09:15:21.390Z" name="BayerUtilities" projectName="BayerIoT" published="false" tags="Applications:Bayer" thingTemplate="GenericThing" valueStream="">
            <avatar/>
            <DesignTimePermissions>
                <Create/>
                <Read/>
                <Update/>
                <Delete/>
                <Metadata/>
            </DesignTimePermissions>
            <RunTimePermissions>
                <Permissions resourceName="GetCurrentShiftTime">
                    <PropertyRead/>
                    <PropertyWrite/>
                    <ServiceInvoke>
                        <Principal isPermitted="true" name="BayerDelaysSystemUser" type="User"/>
                        <Principal isPermitted="true" name="BayerNotificationSystemUser" type="User"/>
                        <Principal isPermitted="true" name="Role.BayerProductionLine.Any" type="Group"/>
                    </ServiceInvoke>
                    <EventInvoke/>
                    <EventSubscribe/>
                </Permissions>
                <Permissions resourceName="GetRowNumOfCurrentShift">
                    <PropertyRead/>
                    <PropertyWrite/>
                    <ServiceInvoke>
                        <Principal isPermitted="true" name="Role.BayerProductionLine.Any" type="Group"/>
                    </ServiceInvoke>
                    <EventInvoke/>
                    <EventSubscribe/>
                </Permissions>
                <Permissions resourceName="SleepHack">
                    <PropertyRead/>
                    <PropertyWrite/>
                    <ServiceInvoke>
                        <Principal isPermitted="true" name="Role.BayerProductionLine.Any" type="Group"/>
                    </ServiceInvoke>
                    <EventInvoke/>
                    <EventSubscribe/>
                </Permissions>
                <Permissions resourceName="GetPastDayStartEndTime">
                    <PropertyRead/>
                    <PropertyWrite/>
                    <ServiceInvoke>
                        <Principal isPermitted="true" name="Role.BayerProductionLine.Any" type="Group"/>
                    </ServiceInvoke>
                    <EventInvoke/>
                    <EventSubscribe/>
                </Permissions>
                <Permissions resourceName="*">
                    <PropertyRead>
                        <Principal isPermitted="true" name="System" type="User"/>
                    </PropertyRead>
                    <PropertyWrite/>
                    <ServiceInvoke/>
                    <EventInvoke/>
                    <EventSubscribe/>
                </Permissions>
                <Permissions resourceName="GetCurrentShift">
                    <PropertyRead/>
                    <PropertyWrite/>
                    <ServiceInvoke>
                        <Principal isPermitted="true" name="BayerDelaysSystemUser" type="User"/>
                        <Principal isPermitted="true" name="BayerNotificationSystemUser" type="User"/>
                        <Principal isPermitted="true" name="Role.BayerProductionLine.Any" type="Group"/>
                    </ServiceInvoke>
                    <EventInvoke/>
                    <EventSubscribe/>
                </Permissions>
                <Permissions resourceName="LoadCSVGeneric">
                    <PropertyRead/>
                    <PropertyWrite/>
                    <ServiceInvoke>
                        <Principal isPermitted="true" name="System" type="User"/>
                    </ServiceInvoke>
                    <EventInvoke/>
                    <EventSubscribe/>
                </Permissions>
                <Permissions resourceName="GetTranslation">
                    <PropertyRead/>
                    <PropertyWrite/>
                    <ServiceInvoke>
                        <Principal isPermitted="true" name="System" type="User"/>
                    </ServiceInvoke>
                    <EventInvoke/>
                    <EventSubscribe/>
                </Permissions>
            </RunTimePermissions>
            <VisibilityPermissions>
                <Visibility>
                    <Principal isPermitted="true" name="Bayer:PerformanceDashboard" type="OrganizationalUnit"/>
                </Visibility>
            </VisibilityPermissions>
            <ConfigurationTableDefinitions/>
            <ConfigurationTables/>
            <ThingShape>
                <PropertyDefinitions/>
                <ServiceDefinitions>
                    <ServiceDefinition aspect.isAsync="false" category="" description="" isAllowOverride="false" isLocalOnly="false" isOpen="false" isPrivate="false" name="GetCurrentShift">
                        <ResultType aspect.dataShape="BayerShiftScheduleDataShape" baseType="INFOTABLE" description="" name="result" ordinal="0"/>
                        <ParameterDefinitions>
                            <FieldDefinition aspect.isRequired="true" aspect.thingTemplate="BayerProductionLine" baseType="THINGNAME" description="" name="lineName" ordinal="1"/>
                        </ParameterDefinitions>
                    </ServiceDefinition>
                    <ServiceDefinition aspect.isAsync="false" category="" description="" isAllowOverride="false" isLocalOnly="false" isOpen="false" isPrivate="false" name="GetCurrentShiftTime">
                        <ResultType aspect.dataShape="BayerShiftTimeDataShape" baseType="INFOTABLE" description="" name="result" ordinal="0"/>
                        <ParameterDefinitions/>
                    </ServiceDefinition>
                    <ServiceDefinition aspect.isAsync="false" category="" description="" isAllowOverride="false" isLocalOnly="false" isOpen="false" isPrivate="false" name="GetLineName">
                        <ResultType baseType="STRING" description="" name="result" ordinal="0"/>
                        <ParameterDefinitions>
                            <FieldDefinition baseType="STRING" description="" name="line" ordinal="1"/>
                        </ParameterDefinitions>
                    </ServiceDefinition>
                    <ServiceDefinition aspect.isAsync="false" category="" description="" isAllowOverride="false" isLocalOnly="false" isOpen="false" isPrivate="false" name="GetPastDayStartEndTime">
                        <ResultType aspect.dataShape="BayerShiftTimeDataShape" baseType="INFOTABLE" description="" name="result" ordinal="0"/>
                        <ParameterDefinitions/>
                    </ServiceDefinition>
                    <ServiceDefinition aspect.isAsync="false" category="" description="" isAllowOverride="false" isLocalOnly="false" isOpen="false" isPrivate="false" name="GetRowNumOfCurrentShift">
                        <ResultType aspect.dataShape="BayerProductionPlanDataShape" baseType="INTEGER" description="" name="result" ordinal="0"/>
                        <ParameterDefinitions>
                            <FieldDefinition aspect.dataShape="BayerShiftSchedulesDataShape" aspect.isRequired="true" baseType="INFOTABLE" description="" name="shiftSchedules" ordinal="1"/>
                        </ParameterDefinitions>
                    </ServiceDefinition>
                    <ServiceDefinition aspect.isAsync="false" category="" description="" isAllowOverride="false" isLocalOnly="false" isOpen="false" isPrivate="false" name="LoadCSVGeneric">
                        <ResultType baseType="INFOTABLE" description="" name="result" ordinal="0"/>
                        <ParameterDefinitions>
                            <FieldDefinition aspect.defaultValue=";" aspect.isRequired="true" baseType="STRING" description="" name="delimiter" ordinal="3"/>
                            <FieldDefinition aspect.isRequired="true" baseType="STRING" description="" name="filePath" ordinal="1"/>
                            <FieldDefinition aspect.isRequired="true" aspect.thingTemplate="FileRepository" baseType="THINGNAME" description="" name="repository" ordinal="2"/>
                        </ParameterDefinitions>
                    </ServiceDefinition>
                    <ServiceDefinition aspect.isAsync="false" category="" description="" isAllowOverride="false" isLocalOnly="false" isOpen="false" isPrivate="false" name="SleepHack">
                        <ResultType baseType="NOTHING" description="" name="result" ordinal="0"/>
                        <ParameterDefinitions>
                            <FieldDefinition aspect.defaultValue="100" aspect.isRequired="true" aspect.units="ms" baseType="INTEGER" description="" name="time" ordinal="1"/>
                        </ParameterDefinitions>
                    </ServiceDefinition>
                </ServiceDefinitions>
                <EventDefinitions/>
                <ServiceMappings/>
                <ServiceImplementations>
                    <ServiceImplementation description="" handlerName="Script" name="GetCurrentShift">
                        <ConfigurationTables>
                            <ConfigurationTable description="Script" isMultiRow="false" name="Script" ordinal="0">
                                <DataShape>
                                    <FieldDefinitions>
                                        <FieldDefinition baseType="STRING" description="code" name="code" ordinal="0"/>
                                    </FieldDefinitions>
                                </DataShape>
                                <Rows>
                                    <Row>
                                        <code>
                                        <![CDATA[
                                        // result: INFOTABLE dataShape: "BayerShiftTimeDataShape"
                                        var shiftTime = me.GetCurrentShiftTime();
                                        
                                        // result: INFOTABLE dataShape: "BayerShiftScheduleDataShape"
                                        var result =  Things["BayerDBDataProvider"].GetSingleShiftByTime({
                                        	shiftTime: shiftTime.startTime /* DATETIME */,
                                        	productionLine: lineName /* THINGNAME */
                                        });
                                        ]]>
                                        </code>
                                    </Row>
                                </Rows>
                            </ConfigurationTable>
                        </ConfigurationTables>
                    </ServiceImplementation>
                    <ServiceImplementation description="" handlerName="Script" name="GetCurrentShiftTime">
                        <ConfigurationTables>
                            <ConfigurationTable description="Script" isMultiRow="false" name="Script" ordinal="0">
                                <DataShape>
                                    <FieldDefinitions>
                                        <FieldDefinition baseType="STRING" description="code" name="code" ordinal="0"/>
                                    </FieldDefinitions>
                                </DataShape>
                                <Rows>
                                    <Row>
                                        <code>
                                        <![CDATA[
                                        var params = {
                                        	infoTableName : "InfoTable",
                                        	dataShapeName : "BayerShiftTimeDataShape"
                                        };
                                        
                                        // CreateInfoTableFromDataShape(infoTableName:STRING("InfoTable"), dataShapeName:STRING):INFOTABLE(BayerShiftTimeDataShape)
                                        var result = Resources["InfoTableFunctions"].CreateInfoTableFromDataShape(params);
                                        
                                        // BayerShiftTimeDataShape entry object
                                        var newEntry = new Object();
                                        
                                        var startTime = new Date();
                                        var endTime = new Date();
                                        
                                        startTime.setMinutes(0);
                                        startTime.setSeconds(0);
                                        startTime.setMilliseconds(0);
                                        
                                        var hour = startTime.getHours();
                                        if (hour > 6 && hour < 14) {
                                            startTime.setHours(6);
                                        }
                                        else if (hour > 14 && hour < 22) {
                                            startTime.setHours(14);
                                        }
                                        else if (hour > 22 || hour < 6) {
                                            if (hour < 6) {
                                                startTime = dateAddDays(startTime, -1);
                                            }
                                            startTime.setHours(22);
                                        }
                                        
                                        newEntry.startTime = startTime; // DATETIME
                                        
                                        endTime.setMinutes(0);
                                        endTime.setSeconds(0);
                                        endTime.setMilliseconds(0);
                                        
                                        var hour = endTime.getHours();
                                        if (hour >= 6 && hour < 14) {
                                            endTime.setHours(14);
                                        }
                                        else if (hour >= 14 && hour < 22) {
                                            endTime.setHours(22);
                                        }
                                        else if (hour >= 22 || hour < 6) {
                                            if (hour >= 22) {
                                                endTime = dateAddDays(endTime, 1);
                                            }
                                            endTime.setHours(6);
                                        }
                                        
                                        newEntry.endTime = endTime; // DATETIME
                                        
                                        result.AddRow(newEntry);
                                        ]]>
                                        </code>
                                    </Row>
                                </Rows>
                            </ConfigurationTable>
                        </ConfigurationTables>
                    </ServiceImplementation>
                    <ServiceImplementation description="" handlerName="Script" name="GetLineName">
                        <ConfigurationTables>
                            <ConfigurationTable description="" isMultiRow="false" name="Script" ordinal="0">
                                <DataShape>
                                    <FieldDefinitions>
                                        <FieldDefinition baseType="STRING" description="code" name="code" ordinal="0"/>
                                    </FieldDefinitions>
                                </DataShape>
                                <Rows>
                                    <Row>
                                        <code>
                                        <![CDATA[
                                        var result = Things[line].displayName;
                                        ]]>
                                        </code>
                                    </Row>
                                </Rows>
                            </ConfigurationTable>
                        </ConfigurationTables>
                    </ServiceImplementation>
                    <ServiceImplementation description="" handlerName="Script" name="GetPastDayStartEndTime">
                        <ConfigurationTables>
                            <ConfigurationTable description="Script" isMultiRow="false" name="Script" ordinal="0">
                                <DataShape>
                                    <FieldDefinitions>
                                        <FieldDefinition baseType="STRING" description="code" name="code" ordinal="0"/>
                                    </FieldDefinitions>
                                </DataShape>
                                <Rows>
                                    <Row>
                                        <code>
                                        <![CDATA[
                                        var currentTime = new Date();
                                        
                                        var startTime = new Date(currentTime);
                                        startTime.setHours(6);
                                        startTime.setMinutes(0);
                                        startTime.setSeconds(0);
                                        startTime.setMilliseconds(0);
                                        
                                        var endTime = new Date(startTime);
                                        
                                        if (currentTime.getHours() < 6) {
                                        	startTime = dateAddDays(startTime, -2);
                                            endTime = dateAddDays(endTime, -2);
                                        }
                                        else {
                                            startTime = dateAddDays(startTime, -1);
                                        }
                                        
                                        endTime = dateAddMilliseconds(endTime, -1);
                                        
                                        var params = {
                                        	infoTableName : "InfoTable",
                                        	dataShapeName : "BayerShiftTimeDataShape"
                                        };
                                        
                                        // CreateInfoTableFromDataShape(infoTableName:STRING("InfoTable"), dataShapeName:STRING):INFOTABLE(BayerShiftTimeDataShape)
                                        var result = Resources["InfoTableFunctions"].CreateInfoTableFromDataShape(params);
                                        
                                        // BayerShiftTimeDataShape entry object
                                        var newEntry = new Object();
                                        newEntry.startTime = startTime; // DATETIME
                                        //newEntry.startTime = dateAddDays(newEntry.startTime, -4);
                                        newEntry.endTime = endTime; // DATETIME
                                        
                                        result.AddRow(newEntry);
                                        ]]>
                                        </code>
                                    </Row>
                                </Rows>
                            </ConfigurationTable>
                        </ConfigurationTables>
                    </ServiceImplementation>
                    <ServiceImplementation description="" handlerName="Script" name="GetRowNumOfCurrentShift">
                        <ConfigurationTables>
                            <ConfigurationTable description="Script" isMultiRow="false" name="Script" ordinal="0">
                                <DataShape>
                                    <FieldDefinitions>
                                        <FieldDefinition baseType="STRING" description="code" name="code" ordinal="0"/>
                                    </FieldDefinitions>
                                </DataShape>
                                <Rows>
                                    <Row>
                                        <code>
                                        <![CDATA[
                                        // result: INFOTABLE dataShape: "BayerShiftTimeDataShape"
                                        var shiftTime = me.GetCurrentShiftTime();
                                        
                                        var tableLength = shiftSchedules.rows.length;
                                        
                                        var result = -1;
                                        for (var x = 0; x < tableLength; x++) {
                                        	var row = shiftSchedules.rows[x];
                                        	
                                            if (row.timestamp.getTime() == shiftTime.startTime.getTime()) {
                                                result = x;
                                                break;
                                            }
                                        }
                                        ]]>
                                        </code>
                                    </Row>
                                </Rows>
                            </ConfigurationTable>
                        </ConfigurationTables>
                    </ServiceImplementation>
                    <ServiceImplementation description="" handlerName="Script" name="LoadCSVGeneric">
                        <ConfigurationTables>
                            <ConfigurationTable description="Script" isMultiRow="false" name="Script" ordinal="0">
                                <DataShape>
                                    <FieldDefinitions>
                                        <FieldDefinition baseType="STRING" description="code" name="code" ordinal="0"/>
                                    </FieldDefinitions>
                                </DataShape>
                                <Rows>
                                    <Row>
                                        <code>
                                        <![CDATA[
                                        var result = { dataShape: { fieldDefinitions : {} }, rows: [] };
                                        
                                        var params = {
                                        	path: filePath /* STRING */
                                        };
                                        
                                        // result: STRING
                                        var content = Things[repository].LoadText(params);
                                        
                                        var lines = content.match(/[^\r\n]+/g);
                                        
                                        var fields = lines[0].split(delimiter);
                                        
                                        for (var i = 0; i < fields.length; i++) {
                                            result.dataShape.fieldDefinitions[fields[i]] = { name: fields[i], baseType: 'STRING', ordinal: i+1 };
                                        }
                                        
                                        var params = {
                                        	json: result /* JSON */
                                        };
                                        
                                        // result: INFOTABLE
                                        result = Resources["InfoTableFunctions"].FromJSON(params);
                                        
                                        for (var x = 1; x < lines.length; x++) {
                                            var values = lines[x].split(delimiter);
                                            
                                            var newEntry = new Object();
                                            for (var i = 0; i < fields.length; i++) {
                                                newEntry[fields[i]] = values[i];
                                            }
                                            
                                            result.AddRow(newEntry);
                                        }
                                        ]]>
                                        </code>
                                    </Row>
                                </Rows>
                            </ConfigurationTable>
                        </ConfigurationTables>
                    </ServiceImplementation>
                    <ServiceImplementation description="" handlerName="Script" name="SleepHack">
                        <ConfigurationTables>
                            <ConfigurationTable description="Script" isMultiRow="false" name="Script" ordinal="0">
                                <DataShape>
                                    <FieldDefinitions>
                                        <FieldDefinition baseType="STRING" description="code" name="code" ordinal="0"/>
                                    </FieldDefinitions>
                                </DataShape>
                                <Rows>
                                    <Row>
                                        <code>
                                        <![CDATA[
                                        pause(time);
                                        ]]>
                                        </code>
                                    </Row>
                                </Rows>
                            </ConfigurationTable>
                        </ConfigurationTables>
                    </ServiceImplementation>
                </ServiceImplementations>
                <Subscriptions/>
            </ThingShape>
            <PropertyBindings/>
            <RemotePropertyBindings/>
            <RemoteServiceBindings/>
            <RemoteEventBindings/>
            <AlertConfigurations/>
            <ImplementedShapes/>
            <ThingProperties/>
        </Thing>
    </Things>
</Entities>
