<?xml version="1.0" encoding="UTF-8" standalone="no"?>
<Entities build="b2319" majorVersion="8" minorVersion="4" modelPersistenceProviderPackage="PostgresPersistenceProviderPackage" revision="4" schemaVersion="1041" universal="">
    <ThingShapes>
        <ThingShape className="" description="" documentationContent="" homeMashup="" lastModifiedDate="2019-09-10T12:35:29.614Z" name="BayerActionsProviderShape" projectName="BayerIoT" tags="Applications:Bayer">
            <PropertyDefinitions/>
            <ServiceDefinitions>
                <ServiceDefinition aspect.isAsync="false" category="" description="" isAllowOverride="false" isLocalOnly="false" isOpen="false" isPrivate="false" name="AddAction">
                    <ResultType baseType="NOTHING" description="" name="result" ordinal="0"/>
                    <ParameterDefinitions>
                        <FieldDefinition baseType="USERNAME" description="" name="assignedTo" ordinal="5"/>
                        <FieldDefinition baseType="DATETIME" description="" name="dueDate" ordinal="4"/>
                        <FieldDefinition aspect.isRequired="true" baseType="STRING" description="" name="problemDescription" ordinal="2"/>
                        <FieldDefinition aspect.isRequired="true" aspect.thingTemplate="BayerProductionLine" baseType="THINGNAME" description="" name="productionLine" ordinal="1"/>
                        <FieldDefinition baseType="STRING" description="" name="solutionDescription" ordinal="3"/>
                    </ParameterDefinitions>
                </ServiceDefinition>
                <ServiceDefinition aspect.isAsync="false" category="" description="" isAllowOverride="false" isLocalOnly="false" isOpen="false" isPrivate="false" name="DeleteAction">
                    <ResultType baseType="NOTHING" description="" name="result" ordinal="0"/>
                    <ParameterDefinitions>
                        <FieldDefinition aspect.isRequired="true" baseType="INTEGER" description="" name="id" ordinal="1"/>
                    </ParameterDefinitions>
                </ServiceDefinition>
                <ServiceDefinition aspect.isAsync="false" category="" description="" isAllowOverride="false" isLocalOnly="false" isOpen="false" isPrivate="false" name="GetActions">
                    <ResultType aspect.dataShape="BayerActionListDataShape" baseType="INFOTABLE" description="" name="result" ordinal="0"/>
                    <ParameterDefinitions>
                        <FieldDefinition baseType="USERNAME" description="" name="assignedTo" ordinal="4"/>
                        <FieldDefinition baseType="DATETIME" description="" name="createdTimeFrom" ordinal="5"/>
                        <FieldDefinition baseType="DATETIME" description="" name="createdTimeTo" ordinal="6"/>
                        <FieldDefinition baseType="DATETIME" description="" name="dueDate" ordinal="3"/>
                        <FieldDefinition aspect.isRequired="true" aspect.thingTemplate="BayerProductionLine" baseType="THINGNAME" description="" name="productionLine" ordinal="1"/>
                        <FieldDefinition baseType="STRING" description="" name="status" ordinal="2"/>
                    </ParameterDefinitions>
                </ServiceDefinition>
                <ServiceDefinition aspect.isAsync="false" category="" description="" isAllowOverride="false" isLocalOnly="false" isOpen="false" isPrivate="false" name="UpdateAction">
                    <ResultType baseType="NOTHING" description="" name="result" ordinal="0"/>
                    <ParameterDefinitions>
                        <FieldDefinition baseType="STRING" description="" name="assignedTo" ordinal="7"/>
                        <FieldDefinition baseType="DATETIME" description="" name="dueDate" ordinal="6"/>
                        <FieldDefinition aspect.isRequired="true" baseType="INTEGER" description="" name="id" ordinal="1"/>
                        <FieldDefinition aspect.isRequired="true" baseType="STRING" description="" name="problemDescription" ordinal="4"/>
                        <FieldDefinition baseType="STRING" description="" name="solutionDescription" ordinal="5"/>
                        <FieldDefinition aspect.isRequired="true" baseType="STRING" description="" name="status" ordinal="3"/>
                    </ParameterDefinitions>
                </ServiceDefinition>
            </ServiceDefinitions>
            <EventDefinitions/>
            <ServiceMappings/>
            <ServiceImplementations>
                <ServiceImplementation description="" handlerName="Script" name="AddAction">
                    <ConfigurationTables>
                        <ConfigurationTable description="" isMultiRow="false" name="Script" ordinal="0">
                            <DataShape>
                                <FieldDefinitions>
                                    <FieldDefinition baseType="STRING" description="code" name="code" ordinal="0"/>
                                </FieldDefinitions>
                            </DataShape>
                            <Rows>
                                <Row>
                                    <code>
                                    <![CDATA[
                                    // result: NUMBER
                                    var result =  Things[me.GetConnector()].InsertAction({
                                    	productionLine: productionLine /* THINGNAME */,
                                    	solutionDescription: solutionDescription /* STRING */,
                                    	problemDescription: problemDescription /* STRING */,
                                    	dueDate: dueDate /* DATETIME */,
                                    	assignedTo: assignedTo /* STRING */
                                    });
                                    ]]>
                                    </code>
                                </Row>
                            </Rows>
                        </ConfigurationTable>
                    </ConfigurationTables>
                </ServiceImplementation>
                <ServiceImplementation description="" handlerName="Script" name="DeleteAction">
                    <ConfigurationTables>
                        <ConfigurationTable description="" isMultiRow="false" name="Script" ordinal="0">
                            <DataShape>
                                <FieldDefinitions>
                                    <FieldDefinition baseType="STRING" description="code" name="code" ordinal="0"/>
                                </FieldDefinitions>
                            </DataShape>
                            <Rows>
                                <Row>
                                    <code>
                                    <![CDATA[
                                    // result: NUMBER
                                    var result =  Things[me.GetConnector()].DeleteAction({
                                    	id: id /* INTEGER */
                                    });
                                    ]]>
                                    </code>
                                </Row>
                            </Rows>
                        </ConfigurationTable>
                    </ConfigurationTables>
                </ServiceImplementation>
                <ServiceImplementation description="" handlerName="Script" name="GetActions">
                    <ConfigurationTables>
                        <ConfigurationTable description="" isMultiRow="false" name="Script" ordinal="0">
                            <DataShape>
                                <FieldDefinitions>
                                    <FieldDefinition baseType="STRING" description="code" name="code" ordinal="0"/>
                                </FieldDefinitions>
                            </DataShape>
                            <Rows>
                                <Row>
                                    <code>
                                    <![CDATA[
                                    // result: INFOTABLE dataShape: ""
                                    var result =  Things[me.GetConnector()].GetActions({
                                    	productionLine: productionLine /* THINGNAME */,
                                    	dueDate: dueDate /* DATETIME */,
                                    	createdTimeFrom: createdTimeFrom /* DATETIME */,
                                    	assignedTo: assignedTo /* STRING */,
                                    	status: status /* STRING */,
                                    	createdTimeTo: createdTimeTo /* DATETIME */
                                    });
                                    ]]>
                                    </code>
                                </Row>
                            </Rows>
                        </ConfigurationTable>
                    </ConfigurationTables>
                </ServiceImplementation>
                <ServiceImplementation description="" handlerName="Script" name="UpdateAction">
                    <ConfigurationTables>
                        <ConfigurationTable description="" isMultiRow="false" name="Script" ordinal="0">
                            <DataShape>
                                <FieldDefinitions>
                                    <FieldDefinition baseType="STRING" description="code" name="code" ordinal="0"/>
                                </FieldDefinitions>
                            </DataShape>
                            <Rows>
                                <Row>
                                    <code>
                                    <![CDATA[
                                    // result: NUMBER
                                    var result =  Things[me.GetConnector()].UpdateAction({
                                    	solutionDescription: solutionDescription /* STRING */,
                                    	problemDescription: problemDescription /* STRING */,
                                    	dueDate: dueDate /* DATETIME */,
                                    	id: id /* INTEGER */,
                                    	assignedTo: assignedTo /* STRING */,
                                    	status: status /* STRING */
                                    });
                                    ]]>
                                    </code>
                                </Row>
                            </Rows>
                        </ConfigurationTable>
                    </ConfigurationTables>
                </ServiceImplementation>
            </ServiceImplementations>
            <Subscriptions/>
            <avatar/>
            <DesignTimePermissions>
                <Create/>
                <Read/>
                <Update/>
                <Delete/>
                <Metadata/>
            </DesignTimePermissions>
            <RunTimePermissions/>
            <VisibilityPermissions>
                <Visibility>
                    <Principal isPermitted="true" name="Bayer:PerformanceDashboard" type="OrganizationalUnit"/>
                </Visibility>
            </VisibilityPermissions>
            <ConfigurationTableDefinitions/>
            <ConfigurationTables/>
            <PropertyBindings/>
            <RemotePropertyBindings/>
            <RemoteServiceBindings/>
            <RemoteEventBindings/>
            <AlertConfigurations/>
            <InstanceRunTimePermissions/>
        </ThingShape>
    </ThingShapes>
</Entities>
