<?xml version="1.0" encoding="UTF-8" standalone="no"?>
<Entities build="b6" majorVersion="7" minorVersion="1" modelPersistenceProviderPackage="PostgresPersistenceProviderPackage" revision="2" schemaVersion="911">
    <StyleDefinitions>
        <StyleDefinition description="" documentationContent="" homeMashup="" lastModifiedDate="2019-01-14T16:37:28.281+01:00" name="StyleDefinition.D3RangeGraph.FillGapStyle" projectName="" tags="">
            <Owner name="Administrator" type="User" />
            <avatar />
            <DesignTimePermissions>
                <Create />
                <Read />
                <Update />
                <Delete />
                <Metadata />
            </DesignTimePermissions>
            <RunTimePermissions />
            <VisibilityPermissions>
                <Visibility />
            </VisibilityPermissions>
            <ConfigurationTables />
            <content><![CDATA[{"image":"","backgroundColor":"#c0c0c0","textSize":"normal","lineStyle":"solid","displayString":"","fontEmphasisUnderline":false,"fontEmphasisItalic":false,"lineThickness":1,"foregroundColor":"","lineColor":"","fontEmphasisBold":false,"secondaryBackgroundColor":""}]]></content>
            <ConfigurationChanges>
                <ConfigurationChange changeAction="CREATE" changeReason="header : tags : updated, name : updated&#xA;" timestamp="2019-01-14T16:28:16.867+01:00" user="Administrator" />
                <ConfigurationChange changeAction="MODIFY" changeReason="header : backgroundColor : updated&#xA;" timestamp="2019-01-14T16:28:25.662+01:00" user="Administrator" />
                <ConfigurationChange changeAction="MODIFY" changeReason="header : backgroundColor : updated&#xA;" timestamp="2019-01-14T16:37:28.281+01:00" user="Administrator" />
            </ConfigurationChanges>
        </StyleDefinition>
    </StyleDefinitions>
</Entities>