<?xml version="1.0" encoding="UTF-8" standalone="no"?>
<Entities build="b6" majorVersion="7" minorVersion="1" modelPersistenceProviderPackage="PostgresPersistenceProviderPackage" revision="2" schemaVersion="911">
    <StyleDefinitions>
        <StyleDefinition description="" documentationContent="" homeMashup="" lastModifiedDate="2019-01-15T10:26:53.442+01:00" name="StyleDefinition.D3RangeGraph.TooltipStyle" projectName="" tags="">
            <Owner name="Administrator" type="User" />
            <avatar />
            <DesignTimePermissions>
                <Create />
                <Read />
                <Update />
                <Delete />
                <Metadata />
            </DesignTimePermissions>
            <RunTimePermissions />
            <VisibilityPermissions>
                <Visibility />
            </VisibilityPermissions>
            <ConfigurationTables />
            <content><![CDATA[{"image":"","backgroundColor":"#ffffff","textSize":"normal","lineStyle":"none","displayString":"","fontEmphasisUnderline":false,"fontEmphasisItalic":false,"lineThickness":0.5,"foregroundColor":"#000000","lineColor":"#000000","fontEmphasisBold":false,"secondaryBackgroundColor":""}]]></content>
            <ConfigurationChanges>
                <ConfigurationChange changeAction="CREATE" changeReason="header : name : updated, tags : updated, backgroundColor : updated&#xA;" timestamp="2019-01-14T16:39:37.813+01:00" user="Administrator" />
                <ConfigurationChange changeAction="MODIFY" changeReason="header : backgroundColor : updated, foregroundColor : updated, lineColor : updated&#xA;" timestamp="2019-01-14T16:40:02.261+01:00" user="Administrator" />
                <ConfigurationChange changeAction="MODIFY" changeReason="header : lineThickness : updated&#xA;" timestamp="2019-01-14T16:45:37.468+01:00" user="Administrator" />
                <ConfigurationChange changeAction="MODIFY" changeReason="header : lineStyle : updated&#xA;" timestamp="2019-01-15T10:26:53.442+01:00" user="Administrator" />
            </ConfigurationChanges>
        </StyleDefinition>
    </StyleDefinitions>
</Entities>