<?xml version="1.0" encoding="UTF-8" standalone="no"?>
<Entities build="b222" majorVersion="8" minorVersion="5" modelPersistenceProviderPackage="PostgresPersistenceProviderPackage" revision="4" schemaVersion="1053" universal="">
    <DataShapes>
        <DataShape baseDataShape="" description="" documentationContent="" homeMashup="" lastModifiedDate="2019-09-27T11:07:01.689Z" name="BayerShiftScheduleItemDataShape" projectName="BayerIoT" tags="Applications:Bayer">
            <avatar/>
            <DesignTimePermissions>
                <Create/>
                <Read/>
                <Update/>
                <Delete/>
                <Metadata/>
            </DesignTimePermissions>
            <RunTimePermissions/>
            <VisibilityPermissions>
                <Visibility>
                    <Principal isPermitted="true" name="Bayer:PerformanceDashboard" type="OrganizationalUnit"/>
                </Visibility>
            </VisibilityPermissions>
            <ConfigurationTableDefinitions/>
            <ConfigurationTables/>
            <FieldDefinitions>
                <FieldDefinition baseType="INTEGER" description="duration" name="duration" ordinal="9"/>
                <FieldDefinition baseType="INTEGER" description="hour" name="hour" ordinal="7"/>
                <FieldDefinition baseType="LONG" description="itemId" name="id" ordinal="1"/>
                <FieldDefinition baseType="LONG" description="itemId" name="itemId" ordinal="2"/>
                <FieldDefinition aspect.thingTemplate="BayerProductionLine" baseType="THINGNAME" description="productionLine" name="productionLine" ordinal="6"/>
                <FieldDefinition baseType="INTEGER" description="productionPlanId" name="productionPlanId" ordinal="10"/>
                <FieldDefinition baseType="INTEGER" description="productionPlanId_actual" name="productionPlanId_actual" ordinal="14"/>
                <FieldDefinition baseType="NUMBER" description="quantityProduced" name="quantityProduced" ordinal="11"/>
                <FieldDefinition baseType="BOOLEAN" description="quantityTargetOk" name="quantityTargetOk" ordinal="13"/>
                <FieldDefinition baseType="NUMBER" description="targetQuantity" name="targetQuantity" ordinal="12"/>
                <FieldDefinition baseType="DATETIME" description="time" name="time" ordinal="8"/>
                <FieldDefinition baseType="DATETIME" description="timestamp" name="timestamp" ordinal="5"/>
                <FieldDefinition baseType="NUMBER" description="totalQuantityProduced" name="totalQuantityProduced" ordinal="3"/>
                <FieldDefinition baseType="NUMBER" description="totalTargetQuantity" name="totalTargetQuantity" ordinal="4"/>
            </FieldDefinitions>
        </DataShape>
    </DataShapes>
</Entities>
