<?xml version="1.0" encoding="UTF-8" standalone="no"?>
<Entities build="b2319" majorVersion="8" minorVersion="4" modelPersistenceProviderPackage="PostgresPersistenceProviderPackage" revision="4" schemaVersion="1041" universal="">
    <Things>
        <Thing description="" documentationContent="" effectiveThingPackage="ConfiguredThing" enabled="true" homeMashup="" identifier="" lastModifiedDate="2019-12-12T11:40:52.850Z" name="BayerActionListPage" projectName="BayerIoT" published="false" tags="Applications:Bayer" thingTemplate="BayerPageController" valueStream="">
            <avatar/>
            <DesignTimePermissions>
                <Create/>
                <Read/>
                <Update/>
                <Delete/>
                <Metadata/>
            </DesignTimePermissions>
            <RunTimePermissions>
                <Permissions resourceName="GetActionListStatus">
                    <PropertyRead/>
                    <PropertyWrite/>
                    <ServiceInvoke>
                        <Principal isPermitted="true" name="Role.BayerProductionLine.Any" type="Group"/>
                    </ServiceInvoke>
                    <EventInvoke/>
                    <EventSubscribe/>
                </Permissions>
                <Permissions resourceName="DeleteActionList">
                    <PropertyRead/>
                    <PropertyWrite/>
                    <ServiceInvoke>
                        <Principal isPermitted="true" name="Role.BayerProductionLine.Any" type="Group"/>
                    </ServiceInvoke>
                    <EventInvoke/>
                    <EventSubscribe/>
                </Permissions>
                <Permissions resourceName="GetActionListUsersForCSV">
                    <PropertyRead/>
                    <PropertyWrite/>
                    <ServiceInvoke>
                        <Principal isPermitted="true" name="Role.BayerProductionLine.Any" type="Group"/>
                    </ServiceInvoke>
                    <EventInvoke/>
                    <EventSubscribe/>
                </Permissions>
                <Permissions resourceName="GetActionList">
                    <PropertyRead/>
                    <PropertyWrite/>
                    <ServiceInvoke>
                        <Principal isPermitted="true" name="Role.BayerProductionLine.Any" type="Group"/>
                    </ServiceInvoke>
                    <EventInvoke/>
                    <EventSubscribe/>
                </Permissions>
                <Permissions resourceName="ExportActionListCSV">
                    <PropertyRead/>
                    <PropertyWrite/>
                    <ServiceInvoke>
                        <Principal isPermitted="true" name="Role.BayerProductionLine.Any" type="Group"/>
                    </ServiceInvoke>
                    <EventInvoke/>
                    <EventSubscribe/>
                </Permissions>
                <Permissions resourceName="*">
                    <PropertyRead>
                        <Principal isPermitted="true" name="System" type="User"/>
                    </PropertyRead>
                    <PropertyWrite/>
                    <ServiceInvoke/>
                    <EventInvoke/>
                    <EventSubscribe/>
                </Permissions>
                <Permissions resourceName="AddActionList">
                    <PropertyRead/>
                    <PropertyWrite/>
                    <ServiceInvoke>
                        <Principal isPermitted="true" name="Role.BayerProductionLine.Any" type="Group"/>
                    </ServiceInvoke>
                    <EventInvoke/>
                    <EventSubscribe/>
                </Permissions>
                <Permissions resourceName="GetActionListStatusFiltering">
                    <PropertyRead/>
                    <PropertyWrite/>
                    <ServiceInvoke>
                        <Principal isPermitted="true" name="Role.BayerProductionLine.Any" type="Group"/>
                    </ServiceInvoke>
                    <EventInvoke/>
                    <EventSubscribe/>
                </Permissions>
                <Permissions resourceName="EditActionList">
                    <PropertyRead/>
                    <PropertyWrite/>
                    <ServiceInvoke>
                        <Principal isPermitted="true" name="Role.BayerProductionLine.Any" type="Group"/>
                    </ServiceInvoke>
                    <EventInvoke/>
                    <EventSubscribe/>
                </Permissions>
                <Permissions resourceName="GetActionListUsers">
                    <PropertyRead/>
                    <PropertyWrite/>
                    <ServiceInvoke>
                        <Principal isPermitted="true" name="Role.BayerProductionLine.Any" type="Group"/>
                    </ServiceInvoke>
                    <EventInvoke/>
                    <EventSubscribe/>
                </Permissions>
            </RunTimePermissions>
            <VisibilityPermissions>
                <Visibility>
                    <Principal isPermitted="true" name="Bayer:PerformanceDashboard" type="OrganizationalUnit"/>
                </Visibility>
            </VisibilityPermissions>
            <ConfigurationTableDefinitions/>
            <ConfigurationTables/>
            <ThingShape>
                <PropertyDefinitions>
                    <PropertyDefinition aspect.cacheTime="0.0" aspect.dataChangeType="VALUE" aspect.dataShape="GenericStringList" aspect.defaultValue="{&quot;rows&quot;:[{&quot;item&quot;:&quot;0&quot;},{&quot;item&quot;:&quot;1&quot;},{&quot;item&quot;:&quot;2&quot;},{&quot;item&quot;:&quot;3&quot;},{&quot;item&quot;:&quot;4&quot;}],&quot;dataShape&quot;:{&quot;fieldDefinitions&quot;:{&quot;item&quot;:{&quot;name&quot;:&quot;item&quot;,&quot;aspects&quot;:{&quot;isPrimaryKey&quot;:true},&quot;description&quot;:&quot;Item&quot;,&quot;baseType&quot;:&quot;STRING&quot;,&quot;ordinal&quot;:1}}}}" aspect.isPersistent="false" aspect.isReadOnly="true" baseType="INFOTABLE" category="" description="" isLocalOnly="false" name="actionListStatus" ordinal="2"/>
                    <PropertyDefinition aspect.cacheTime="0.0" aspect.dataChangeType="VALUE" aspect.dataShape="GenericStringList" aspect.defaultValue="{&quot;rows&quot;:[{&quot;item&quot;:&quot;&quot;},{&quot;item&quot;:&quot;0&quot;},{&quot;item&quot;:&quot;1&quot;},{&quot;item&quot;:&quot;2&quot;},{&quot;item&quot;:&quot;3&quot;},{&quot;item&quot;:&quot;4&quot;}],&quot;dataShape&quot;:{&quot;fieldDefinitions&quot;:{&quot;item&quot;:{&quot;name&quot;:&quot;item&quot;,&quot;aspects&quot;:{&quot;isPrimaryKey&quot;:true},&quot;description&quot;:&quot;Item&quot;,&quot;baseType&quot;:&quot;STRING&quot;,&quot;ordinal&quot;:1}}}}" aspect.isPersistent="true" aspect.isReadOnly="false" baseType="INFOTABLE" category="" description="" isLocalOnly="false" name="actionListStatusFiltering" ordinal="3"/>
                </PropertyDefinitions>
                <ServiceDefinitions>
                    <ServiceDefinition aspect.isAsync="false" category="" description="" isAllowOverride="false" isLocalOnly="false" isOpen="false" isPrivate="false" name="AddActionList">
                        <ResultType baseType="NOTHING" description="" name="result" ordinal="0"/>
                        <ParameterDefinitions>
                            <FieldDefinition baseType="USERNAME" description="" name="assignedTo" ordinal="2"/>
                            <FieldDefinition baseType="DATETIME" description="" name="dueDate" ordinal="4"/>
                            <FieldDefinition baseType="STRING" description="" name="problemDescription" ordinal="5"/>
                            <FieldDefinition aspect.isRequired="true" baseType="THINGNAME" description="" name="productionLine" ordinal="1"/>
                            <FieldDefinition baseType="STRING" description="" name="solutionDescription" ordinal="6"/>
                        </ParameterDefinitions>
                    </ServiceDefinition>
                    <ServiceDefinition aspect.isAsync="false" category="" description="" isAllowOverride="false" isLocalOnly="false" isOpen="false" isPrivate="false" name="DeleteActionList">
                        <ResultType baseType="NOTHING" description="" name="result" ordinal="0"/>
                        <ParameterDefinitions>
                            <FieldDefinition aspect.isRequired="true" baseType="INTEGER" description="" name="id" ordinal="1"/>
                            <FieldDefinition aspect.isRequired="true" aspect.thingTemplate="BayerProductionLine" baseType="THINGNAME" description="" name="productionLine" ordinal="2"/>
                        </ParameterDefinitions>
                    </ServiceDefinition>
                    <ServiceDefinition aspect.isAsync="false" category="" description="" isAllowOverride="false" isLocalOnly="false" isOpen="false" isPrivate="false" name="EditActionList">
                        <ResultType baseType="NOTHING" description="" name="result" ordinal="0"/>
                        <ParameterDefinitions>
                            <FieldDefinition baseType="USERNAME" description="" name="assignedTo" ordinal="2"/>
                            <FieldDefinition baseType="DATETIME" description="" name="dueDate" ordinal="4"/>
                            <FieldDefinition aspect.isRequired="true" baseType="INTEGER" description="" name="id" ordinal="8"/>
                            <FieldDefinition baseType="STRING" description="" name="problemDescription" ordinal="5"/>
                            <FieldDefinition aspect.isRequired="true" baseType="THINGNAME" description="" name="productionLine" ordinal="1"/>
                            <FieldDefinition baseType="STRING" description="" name="solutionDescription" ordinal="6"/>
                            <FieldDefinition aspect.isRequired="false" baseType="STRING" description="" name="status" ordinal="3"/>
                        </ParameterDefinitions>
                    </ServiceDefinition>
                    <ServiceDefinition aspect.isAsync="false" category="" description="" isAllowOverride="false" isLocalOnly="false" isOpen="false" isPrivate="false" name="ExportActionListCSV">
                        <ResultType baseType="NOTHING" description="" name="result" ordinal="0"/>
                        <ParameterDefinitions>
                            <FieldDefinition aspect.dataShape="BayerActionListDataShape" aspect.isRequired="true" baseType="INFOTABLE" description="" name="actionList" ordinal="1"/>
                            <FieldDefinition aspect.isRequired="true" baseType="USERNAME" description="" name="recipient" ordinal="2"/>
                        </ParameterDefinitions>
                    </ServiceDefinition>
                    <ServiceDefinition aspect.isAsync="false" category="" description="" isAllowOverride="false" isLocalOnly="false" isOpen="false" isPrivate="false" name="GetActionList">
                        <ResultType aspect.dataShape="BayerActionListDataShape" baseType="INFOTABLE" description="" name="result" ordinal="0"/>
                        <ParameterDefinitions>
                            <FieldDefinition baseType="USERNAME" description="" name="assignedTo" ordinal="3"/>
                            <FieldDefinition baseType="DATETIME" description="" name="createdFrom" ordinal="5"/>
                            <FieldDefinition baseType="DATETIME" description="" name="createdTo" ordinal="6"/>
                            <FieldDefinition baseType="DATETIME" description="" name="dueDate" ordinal="6"/>
                            <FieldDefinition aspect.isRequired="true" baseType="THINGNAME" description="" name="productionLine" ordinal="6"/>
                            <FieldDefinition baseType="STRING" description="" name="status" ordinal="4"/>
                        </ParameterDefinitions>
                    </ServiceDefinition>
                    <ServiceDefinition aspect.isAsync="false" category="" description="" isAllowOverride="false" isLocalOnly="false" isOpen="false" isPrivate="false" name="GetActionListStatus">
                        <ResultType aspect.dataShape="GenericStringList" baseType="INFOTABLE" description="" name="result" ordinal="0"/>
                        <ParameterDefinitions/>
                    </ServiceDefinition>
                    <ServiceDefinition aspect.isAsync="false" category="" description="" isAllowOverride="false" isLocalOnly="false" isOpen="false" isPrivate="false" name="GetActionListStatusFiltering">
                        <ResultType aspect.dataShape="GenericStringList" baseType="INFOTABLE" description="" name="result" ordinal="0"/>
                        <ParameterDefinitions/>
                    </ServiceDefinition>
                    <ServiceDefinition aspect.isAsync="false" category="" description="" isAllowOverride="false" isLocalOnly="false" isOpen="false" isPrivate="false" name="GetActionListUsers">
                        <ResultType aspect.dataShape="GroupMember" baseType="INFOTABLE" description="" name="result" ordinal="0"/>
                        <ParameterDefinitions/>
                    </ServiceDefinition>
                    <ServiceDefinition aspect.isAsync="false" category="" description="" isAllowOverride="false" isLocalOnly="false" isOpen="false" isPrivate="false" name="GetActionListUsersForCSV">
                        <ResultType aspect.dataShape="GroupMember" baseType="INFOTABLE" description="" name="result" ordinal="0"/>
                        <ParameterDefinitions/>
                    </ServiceDefinition>
                </ServiceDefinitions>
                <EventDefinitions/>
                <ServiceMappings/>
                <ServiceImplementations>
                    <ServiceImplementation description="" handlerName="Script" name="AddActionList">
                        <ConfigurationTables>
                            <ConfigurationTable description="Script" isMultiRow="false" name="Script" ordinal="0">
                                <DataShape>
                                    <FieldDefinitions>
                                        <FieldDefinition baseType="STRING" description="code" name="code" ordinal="0"/>
                                    </FieldDefinitions>
                                </DataShape>
                                <Rows>
                                    <Row>
                                        <code>
                                        <![CDATA[
                                        var params = {
                                        	solutionDescription: solutionDescription /* STRING */,
                                        	dueDate: dueDate /* DATETIME */,
                                        	problemDescription: problemDescription /* STRING */,
                                        	assignedTo: assignedTo /* USERNAME */
                                        };
                                        
                                        // no return
                                        Things[productionLine].AddAction(params);
                                        
                                        if (Users[assignedTo] && Users[assignedTo].mailingAddress) {
                                            Things["BayerMailServer"].SendMessage({
                                                subject: 'Bayer Action List: New assigned action' /* STRING */,
                                                to: Users[assignedTo].mailingAddress /* STRING */,
                                                body: '<b>Problem Description:</b>' + '<br> \r\n' +
                                                    problemDescription + '<br> \r\n' +
                                                    '<b>Solution Description:</b>' + '<br> \r\n' +
                                                    solutionDescription + '<br> \r\n' +
                                                    '<b>Due Date:</b>' + '<br> \r\n' +
                                                    dueDate + '<br> \r\n' +
                                                	'<b>Status:</b>' + '<br> \r\n' +
                                                    '0'
                                            });
                                        }
                                        ]]>
                                        </code>
                                    </Row>
                                </Rows>
                            </ConfigurationTable>
                        </ConfigurationTables>
                    </ServiceImplementation>
                    <ServiceImplementation description="" handlerName="Script" name="DeleteActionList">
                        <ConfigurationTables>
                            <ConfigurationTable description="" isMultiRow="false" name="Script" ordinal="0">
                                <DataShape>
                                    <FieldDefinitions>
                                        <FieldDefinition baseType="STRING" description="code" name="code" ordinal="0"/>
                                    </FieldDefinitions>
                                </DataShape>
                                <Rows>
                                    <Row>
                                        <code>
                                        <![CDATA[
                                        Things[productionLine].DeleteAction({
                                        	id: id /* INTEGER */
                                        });
                                        ]]>
                                        </code>
                                    </Row>
                                </Rows>
                            </ConfigurationTable>
                        </ConfigurationTables>
                    </ServiceImplementation>
                    <ServiceImplementation description="" handlerName="Script" name="EditActionList">
                        <ConfigurationTables>
                            <ConfigurationTable description="Script" isMultiRow="false" name="Script" ordinal="0">
                                <DataShape>
                                    <FieldDefinitions>
                                        <FieldDefinition baseType="STRING" description="code" name="code" ordinal="0"/>
                                    </FieldDefinitions>
                                </DataShape>
                                <Rows>
                                    <Row>
                                        <code>
                                        <![CDATA[
                                        var params = {
                                        	solutionDescription: solutionDescription /* STRING */ ,
                                        	dueDate: dueDate /* DATETIME */ ,
                                        	problemDescription: problemDescription /* STRING */ ,
                                        	assignedTo: assignedTo /* USERNAME */ ,
                                        	status: status /* STRING */ ,
                                        	id: id
                                        };
                                        
                                        // no return
                                        Things[productionLine].EditAction(params);
                                        ]]>
                                        </code>
                                    </Row>
                                </Rows>
                            </ConfigurationTable>
                        </ConfigurationTables>
                    </ServiceImplementation>
                    <ServiceImplementation description="" handlerName="Script" name="ExportActionListCSV">
                        <ConfigurationTables>
                            <ConfigurationTable description="Script" isMultiRow="false" name="Script" ordinal="0">
                                <DataShape>
                                    <FieldDefinitions>
                                        <FieldDefinition baseType="STRING" description="code" name="code" ordinal="0"/>
                                    </FieldDefinitions>
                                </DataShape>
                                <Rows>
                                    <Row>
                                        <code>
                                        <![CDATA[
                                        var textCSV = "assignedTo;status;createdTime;dueDate;problemDescription;solutionDescription;productionLine\n";
                                        
                                        for (var i = 0; i < actionList.rows.length; i++) {
                                            var row = actionList.rows[i];
                                            
                                            textCSV += row.assignedTo + ";"
                                                	+ row.status
                                            		+ ";"
                                            		+ (row.createdTime ? dateFormatISO(row.createdTime) : "")
                                            		+ ";"
                                            		+ (row.dueDate ? dateFormatISO(row.dueDate) : "")
                                            		+ ";"
                                            		+ (row.problemDescription ? row.problemDescription : "")
                                            		+ ";"
                                            		+ (row.solutionDescription ? row.solutionDescription : "")
                                            		+ ";"
                                            		+ row.productionLine
                                            		+ "\n";
                                        }
                                        
                                        
                                        // generateGUID():STRING
                                        var fileName = dateFormat(new Date(), "yyyyMMddHHmmssSSS") + ".csv";
                                        var path = "/exports/" + fileName;
                                        
                                        var params = {
                                        	path: path /* STRING */,
                                        	data: textCSV /* STRING */,
                                        	overwrite: true /* BOOLEAN */
                                        };
                                        
                                        // no return
                                        Things["BayerCSVRepository"].CreateTextFile(params);
                                        
                                        
                                        var params = {
                                        	cc: undefined /* STRING */,
                                        	path: path /* STRING */,
                                        	bcc: undefined /* STRING */,
                                        	subject: "Action list export" /* STRING */,
                                        	fileRepository: "BayerCSVRepository" /* THINGNAME */,
                                        	from: Users[recipient].emailAddress /* STRING */,
                                        	attachmentName: fileName /* STRING */,
                                        	to: Users[recipient].emailAddress /* STRING */,
                                        	mimeType: "text/csv" /* STRING */,
                                        	body: undefined /* HTML */
                                        };
                                        
                                        // no return
                                        Things["BayerMailServer2"].SendMessageWithAttachment(params);
                                        //Things["TestMailServer"].SendMessageWithAttachment(params);
                                        ]]>
                                        </code>
                                    </Row>
                                </Rows>
                            </ConfigurationTable>
                        </ConfigurationTables>
                    </ServiceImplementation>
                    <ServiceImplementation description="" handlerName="Script" name="GetActionList">
                        <ConfigurationTables>
                            <ConfigurationTable description="" isMultiRow="false" name="Script" ordinal="0">
                                <DataShape>
                                    <FieldDefinitions>
                                        <FieldDefinition baseType="STRING" description="code" name="code" ordinal="0"/>
                                    </FieldDefinitions>
                                </DataShape>
                                <Rows>
                                    <Row>
                                        <code>
                                        <![CDATA[
                                        var currentDate = new Date();
                                        
                                        // result: INFOTABLE dataShape: "BayerActionListDataShape"
                                        var result =  Things[productionLine].QueryActions({
                                        	dueDate: dueDate /* DATETIME */,
                                        	createdTimeFrom: createdFrom /* DATETIME */,
                                        	assignedTo: assignedTo /* USERNAME */,
                                        	createdTimeTo: createdTo /* DATETIME */,
                                        	status: status /* STRING */
                                        });
                                        
                                        
                                        //for (var i = 0; i < result.rows.length; i++) {
                                        //    if(result[i].status === "Open") {
                                        //        result[i].status = result[i].dueDate >= (currentDate) ? "Open (before Due Date)" : "Open (after Due Date)";
                                        //    }
                                        //}
                                        ]]>
                                        </code>
                                    </Row>
                                </Rows>
                            </ConfigurationTable>
                        </ConfigurationTables>
                    </ServiceImplementation>
                    <ServiceImplementation description="" handlerName="Script" name="GetActionListStatus">
                        <ConfigurationTables>
                            <ConfigurationTable description="" isMultiRow="false" name="Script" ordinal="0">
                                <DataShape>
                                    <FieldDefinitions>
                                        <FieldDefinition baseType="STRING" description="code" name="code" ordinal="0"/>
                                    </FieldDefinitions>
                                </DataShape>
                                <Rows>
                                    <Row>
                                        <code>
                                        <![CDATA[
                                        result = me.actionListStatus;
                                        ]]>
                                        </code>
                                    </Row>
                                </Rows>
                            </ConfigurationTable>
                        </ConfigurationTables>
                    </ServiceImplementation>
                    <ServiceImplementation description="" handlerName="Script" name="GetActionListStatusFiltering">
                        <ConfigurationTables>
                            <ConfigurationTable description="" isMultiRow="false" name="Script" ordinal="0">
                                <DataShape>
                                    <FieldDefinitions>
                                        <FieldDefinition baseType="STRING" description="code" name="code" ordinal="0"/>
                                    </FieldDefinitions>
                                </DataShape>
                                <Rows>
                                    <Row>
                                        <code>
                                        <![CDATA[
                                        result = me.actionListStatusFiltering;
                                        ]]>
                                        </code>
                                    </Row>
                                </Rows>
                            </ConfigurationTable>
                        </ConfigurationTables>
                    </ServiceImplementation>
                    <ServiceImplementation description="" handlerName="Script" name="GetActionListUsers">
                        <ConfigurationTables>
                            <ConfigurationTable description="" isMultiRow="false" name="Script" ordinal="0">
                                <DataShape>
                                    <FieldDefinitions>
                                        <FieldDefinition baseType="STRING" description="code" name="code" ordinal="0"/>
                                    </FieldDefinitions>
                                </DataShape>
                                <Rows>
                                    <Row>
                                        <code>
                                        <![CDATA[
                                        result = Groups["Role.BayerProductionLine.Operator"].GetGroupMembers();
                                        result.AddRow({ name: "", description: "", type: "User" });
                                        
                                        var sort = new Object();
                                        sort.name = "name";
                                        sort.ascending = true;
                                        result.Sort(sort);
                                        ]]>
                                        </code>
                                    </Row>
                                </Rows>
                            </ConfigurationTable>
                        </ConfigurationTables>
                    </ServiceImplementation>
                    <ServiceImplementation description="" handlerName="Script" name="GetActionListUsersForCSV">
                        <ConfigurationTables>
                            <ConfigurationTable description="" isMultiRow="false" name="Script" ordinal="0">
                                <DataShape>
                                    <FieldDefinitions>
                                        <FieldDefinition baseType="STRING" description="code" name="code" ordinal="0"/>
                                    </FieldDefinitions>
                                </DataShape>
                                <Rows>
                                    <Row>
                                        <code>
                                        <![CDATA[
                                        result = Groups["BayerUsers"].GetGroupMembers();
                                        
                                        var sort = new Object();
                                        sort.name = "name";
                                        sort.ascending = true;
                                        result.Sort(sort);
                                        ]]>
                                        </code>
                                    </Row>
                                </Rows>
                            </ConfigurationTable>
                        </ConfigurationTables>
                    </ServiceImplementation>
                </ServiceImplementations>
                <Subscriptions/>
            </ThingShape>
            <PropertyBindings/>
            <RemotePropertyBindings/>
            <RemoteServiceBindings/>
            <RemoteEventBindings/>
            <AlertConfigurations>
                <AlertDefinitions name="actionListStatus"/>
                <AlertDefinitions name="actionListStatusFiltering"/>
            </AlertConfigurations>
            <ImplementedShapes/>
            <ThingProperties>
                <actionListStatusFiltering>
                    <Value>
                        <infoTable>
                            <DataShape>
                                <FieldDefinitions>
                                    <FieldDefinition aspect.isPrimaryKey="true" baseType="STRING" description="Item" name="item" ordinal="1"/>
                                </FieldDefinitions>
                            </DataShape>
                            <Rows>
                                <Row>
                                    <item/>
                                </Row>
                                <Row>
                                    <item>
                                    <![CDATA[
                                    0
                                    ]]>
                                    </item>
                                </Row>
                                <Row>
                                    <item>
                                    <![CDATA[
                                    1
                                    ]]>
                                    </item>
                                </Row>
                                <Row>
                                    <item>
                                    <![CDATA[
                                    2
                                    ]]>
                                    </item>
                                </Row>
                                <Row>
                                    <item>
                                    <![CDATA[
                                    3
                                    ]]>
                                    </item>
                                </Row>
                                <Row>
                                    <item>
                                    <![CDATA[
                                    4
                                    ]]>
                                    </item>
                                </Row>
                            </Rows>
                        </infoTable>
                    </Value>
                    <Timestamp>2019-12-11T13:49:49.566Z</Timestamp>
                    <Quality>GOOD</Quality>
                </actionListStatusFiltering>
            </ThingProperties>
        </Thing>
    </Things>
</Entities>
