<?xml version="1.0" encoding="UTF-8"?>
<Entities
 build="b222"
 majorVersion="8"
 minorVersion="5"
 modelPersistenceProviderPackage="PostgresPersistenceProviderPackage"
 revision="4"
 schemaVersion="1053"
 universal="">
    <Mashups>
        <Mashup
         aspect.isResponsive="true"
         aspect.mashupType="mashup"
         columns="0.0"
         description=""
         documentationContent=""
         homeMashup=""
         lastModifiedDate="2020-08-05T17:23:42.959Z"
         name="BayerLineStopReasonPopup"
         projectName="BayerIoT"
         rows="0.0"
         tags="Applications:Bayer;Application:BayerDemo">
            <avatar></avatar>
            <DesignTimePermissions>
                <Create></Create>
                <Read>
                    <Principal
                     isPermitted="true"
                     name="App.BayerPerformanceDashboard"
                     type="Group"></Principal>
                </Read>
                <Update></Update>
                <Delete></Delete>
                <Metadata></Metadata>
            </DesignTimePermissions>
            <RunTimePermissions></RunTimePermissions>
            <VisibilityPermissions>
                <Visibility>
                    <Principal
                     isPermitted="true"
                     name="Bayer:PerformanceDashboard"
                     type="OrganizationalUnit"></Principal>
                </Visibility>
            </VisibilityPermissions>
            <ConfigurationTableDefinitions></ConfigurationTableDefinitions>
            <ConfigurationTables></ConfigurationTables>
            <ParameterDefinitions></ParameterDefinitions>
            <Things>
                <Thing>BayerShiftTrackingPage</Thing>
            </Things>
            <ThingShapes></ThingShapes>
            <ThingTemplates></ThingTemplates>
            <mashupContent>
            <![CDATA[
            {
              "CustomMashupCss" : "",
              "Data" : {
                "Session" : {
                  "DataName" : "Session",
                  "EntityName" : "",
                  "EntityType" : "Session",
                  "Id" : "session",
                  "Services" : [ {
                    "APIMethod" : "post",
                    "Characteristic" : "Services",
                    "Id" : "SessionInterface",
                    "Name" : "GetGlobalSessionValues",
                    "Parameters" : { },
                    "RefreshInterval" : 0,
                    "Target" : "GetGlobalSessionValues"
                  } ]
                },
                "Things_BayerShiftTrackingPage" : {
                  "DataName" : "Things_BayerShiftTrackingPage",
                  "EntityName" : "BayerShiftTrackingPage",
                  "EntityType" : "Things",
                  "Id" : "d849cb17-e2c2-484b-a5c5-80fe10043076",
                  "Services" : [ {
                    "APIMethod" : "post",
                    "Characteristic" : "Services",
                    "Id" : "a0293249-3170-40cd-b2d8-ccd93fe867ca",
                    "Name" : "GetLineStopReasonCodes",
                    "Parameters" : { },
                    "RefreshInterval" : 0,
                    "Target" : "GetLineStopReasonCodes"
                  } ]
                },
                "UserExtensions" : {
                  "DataName" : "UserExtensions",
                  "EntityName" : "",
                  "EntityType" : "UserExtensions",
                  "Id" : "UserExtensions",
                  "Services" : [ {
                    "APIMethod" : "post",
                    "Characteristic" : "Services",
                    "Id" : "UserExtensionInterface",
                    "Name" : "GetCurrentUserExtensionProperties",
                    "Parameters" : { },
                    "RefreshInterval" : 0,
                    "Target" : "GetCurrentUserExtensionProperties"
                  } ]
                }
              },
              "DataBindings" : [ {
                "Id" : "003ebab3-4ccc-42d4-a5eb-f0efd67a14f5",
                "PropertyMaps" : [ {
                  "SourceProperty" : "",
                  "SourcePropertyBaseType" : "INFOTABLE",
                  "SourcePropertyType" : "InfoTable",
                  "TargetProperty" : "Data",
                  "TargetPropertyBaseType" : "INFOTABLE",
                  "TargetPropertyType" : "property"
                } ],
                "SourceArea" : "Data",
                "SourceDetails" : "AllData",
                "SourceId" : "GetLineStopReasonCodes",
                "SourceSection" : "Things_BayerShiftTrackingPage",
                "TargetArea" : "UI",
                "TargetId" : "collection-23",
                "TargetSection" : ""
              } ],
              "DesignTimePermissions" : { },
              "Events" : [ {
                "EventHandlerArea" : "Mashup",
                "EventHandlerId" : "mashup-root",
                "EventHandlerService" : "CloseIfPopup",
                "EventTriggerArea" : "UI",
                "EventTriggerEvent" : "Clicked",
                "EventTriggerId" : "button-11",
                "EventTriggerSection" : "",
                "Id" : "c066cee7-605d-48ce-acd0-257b361e0f89"
              }, {
                "EventHandlerArea" : "Mashup",
                "EventHandlerId" : "mashup-root",
                "EventHandlerService" : "CloseIfPopup",
                "EventTriggerArea" : "UI",
                "EventTriggerEvent" : "Clicked",
                "EventTriggerId" : "button-15",
                "EventTriggerSection" : "",
                "Id" : "9a6d9342-98f0-4ebd-aad7-bce8721ce38e"
              }, {
                "EventHandlerArea" : "Data",
                "EventHandlerId" : "Things_BayerShiftTrackingPage",
                "EventHandlerService" : "GetLineStopReasonCodes",
                "EventTriggerArea" : "Mashup",
                "EventTriggerEvent" : "Loaded",
                "EventTriggerId" : "mashup-root",
                "EventTriggerSection" : "",
                "Id" : "93a3c8e8-2141-4409-9003-5a7e82d7fcb2"
              } ],
              "RunTimePermissions" : { },
              "UI" : {
                "Properties" : {
                  "AddToDashboardButtonStyle" : "DefaultAddToDashboardButtonStyle",
                  "Area" : "Mashup",
                  "BGImageRepeat" : "repeat",
                  "BGImageSize" : "auto",
                  "Columns" : 0,
                  "ConfigureGadgetButtonStyle" : "DefaultConfigureGadgetButtonStyle",
                  "DisplayName" : "Mashup",
                  "EnableParameterEditing" : false,
                  "Height" : 618,
                  "Id" : "mashup-root",
                  "IgnoreWarningsInViewMashup" : false,
                  "IsPrintLayout" : false,
                  "Left" : 0,
                  "MashupToEditGadget" : "DefaultMashupToEditGadget",
                  "MinHeight" : 0,
                  "MinWidth" : 0,
                  "ResponsiveLayout" : true,
                  "Rows" : 0,
                  "ShowDataLoading" : true,
                  "Style" : "Bayer_PopupBgStyle",
                  "Title" : "",
                  "TitleBar" : false,
                  "TitleBarStyle" : "DefaultTitleBarStyle",
                  "TitleBarText" : "Gadget Title Here",
                  "Top" : 0,
                  "Type" : "mashup",
                  "Visible" : true,
                  "Width" : 1024,
                  "Z-index" : 10,
                  "__TypeDisplayName" : "Mashup",
                  "id_index" : 23,
                  "supportsAutoResize" : true
                },
                "Widgets" : [ {
                  "Properties" : {
                    "Area" : "UI",
                    "Columns" : 0,
                    "DisplayName" : "layout-1",
                    "Footer" : true,
                    "FooterHeight" : 50,
                    "Header" : true,
                    "HeaderHeight" : 50,
                    "Id" : "layout-1",
                    "IncludeSpacingInFixedAreas" : false,
                    "IsPrintLayout" : false,
                    "Left" : 260,
                    "LeftSidebar" : false,
                    "LeftSidebarWidth" : 0,
                    "Orientation" : "vertical",
                    "PctColumn1" : 50,
                    "PctColumn2" : 50,
                    "PctColumn3" : 1,
                    "PctColumn4" : 1,
                    "PctColumn5" : 1,
                    "PctColumn6" : 1,
                    "PctColumn7" : 1,
                    "PctColumn8" : 1,
                    "PctRow1" : 50,
                    "PctRow2" : 50,
                    "PctRow3" : 0,
                    "PctRow4" : 0,
                    "PctRow5" : 0,
                    "PctRow6" : 0,
                    "PctRow7" : 0,
                    "PctRow8" : 0,
                    "PrintMarginLeftRight" : 0.5,
                    "PrintMarginTopBottom" : 0.5,
                    "PrintWidth" : 650,
                    "ResponsiveLayout" : true,
                    "RightSidebar" : false,
                    "RightSidebarWidth" : 0,
                    "Rows" : 2,
                    "ShowDataLoading" : true,
                    "Spacing" : 2,
                    "Top" : 130,
                    "Type" : "layout",
                    "Visible" : true,
                    "Z-index" : 10,
                    "__TypeDisplayName" : "Layout"
                  },
                  "Widgets" : [ {
                    "Properties" : {
                      "AnimateExpandCollapse" : true,
                      "Area" : "UI",
                      "BGImageRepeat" : "no-repeat",
                      "BGImageSize" : "auto",
                      "DisplayName" : "Header",
                      "ExpandCollapseTabLocation" : "outside",
                      "Expanded" : true,
                      "Id" : "container-2",
                      "MinHeight" : 0,
                      "MinWidth" : 0,
                      "Overlay" : false,
                      "OverlayIsTransparent" : false,
                      "ResponsiveLayout" : true,
                      "ShowDataLoading" : true,
                      "ShowExpandCollapseTab" : false,
                      "Style" : "DefaultContainerStyle",
                      "TabCollapseStyle" : "DefaultTabCollapseStyle",
                      "TabExpandStyle" : "DefaultTabExpandStyle",
                      "TabHeight" : 36,
                      "TabLocation" : "center",
                      "TabOffset" : 0,
                      "TabWidth" : 36,
                      "Type" : "container",
                      "Visible" : true,
                      "Z-index" : 10,
                      "__TypeDisplayName" : "Container"
                    },
                    "Widgets" : [ {
                      "Properties" : {
                        "Alignment" : "left",
                        "Area" : "UI",
                        "BackgroundFill" : "content",
                        "DisplayName" : "valuedisplay-16",
                        "Height" : 22,
                        "Id" : "valuedisplay-16",
                        "ImageScaling" : "Width",
                        "Label" : "",
                        "LabelAlignment" : "left",
                        "Left" : 650,
                        "Overflow" : "hidden",
                        "ResponsiveLayout" : true,
                        "ShowDataLoading" : true,
                        "TextIfNoValue" : "Line Stoppage Reason Code",
                        "TextIfNoValueOffset" : 30,
                        "TextIfNoValueStyle" : "Bayer_PopupTitle",
                        "TextWrap" : true,
                        "ToolTipField" : "",
                        "ToolTipStyle" : "DefaultTooltipStyle",
                        "Top" : 15,
                        "Type" : "valuedisplay",
                        "ValueDisplayLabelStyle" : "DefaultWidgetLabelStyle",
                        "ValueDisplayStyle" : "DefaultValueDisplayStyle",
                        "VerticalAlignment" : "middle",
                        "Visible" : true,
                        "Width" : 100,
                        "Z-index" : 10,
                        "__TypeDisplayName" : "Value Display",
                        "__supportsLabel" : true,
                        "__supportsTooltip" : true
                      },
                      "Widgets" : [ ]
                    } ]
                  }, {
                    "Properties" : {
                      "AnimateExpandCollapse" : true,
                      "Area" : "UI",
                      "BGImageRepeat" : "no-repeat",
                      "BGImageSize" : "auto",
                      "DisplayName" : "Row 1",
                      "ExpandCollapseTabLocation" : "outside",
                      "Expanded" : true,
                      "Id" : "container-3",
                      "MinHeight" : 0,
                      "MinWidth" : 0,
                      "Overlay" : false,
                      "OverlayIsTransparent" : false,
                      "ResponsiveLayout" : true,
                      "ShowDataLoading" : true,
                      "ShowExpandCollapseTab" : false,
                      "Style" : "DefaultContainerStyle",
                      "TabCollapseStyle" : "DefaultTabCollapseStyle",
                      "TabExpandStyle" : "DefaultTabExpandStyle",
                      "TabHeight" : 36,
                      "TabLocation" : "center",
                      "TabOffset" : 0,
                      "TabWidth" : 36,
                      "Type" : "container",
                      "Visible" : true,
                      "Z-index" : 10,
                      "__TypeDisplayName" : "Container"
                    },
                    "Widgets" : [ {
                      "Properties" : {
                        "AllowSelection" : true,
                        "AlwaysUseCustomScrollerOniOS" : false,
                        "Area" : "UI",
                        "AutoSelectFirstRow" : true,
                        "BottomPadding" : 22,
                        "CellActiveStyle" : "DefaultCollectionCellActiveStyle",
                        "CellBorderRadius" : 0,
                        "CellBoxShadow" : "",
                        "CellHoverStyle" : "DefaultCollectionCellHoverStyle",
                        "CellMashupSelectedField" : "isSelected",
                        "CellMenuStates" : "DefaultMenuStates",
                        "CellMenuStatesIconGravity" : "Left",
                        "CellMenuStatesIconSize" : 16,
                        "CellMenuStatesOrientation" : "Horizontal",
                        "CellMenuStatesUseBuiltin" : false,
                        "CellMultipleSelectionType" : "Disabled",
                        "CellPointer" : "pointer",
                        "CellSelectedStyle" : "DefaultContainerStyle",
                        "CellStyle" : "DefaultContainerStyle",
                        "DisplayName" : "collection-23",
                        "FlowLayoutAlignment" : "Center",
                        "FlowLayoutContentGravity" : "Center",
                        "FlowLayoutGravity" : "Spaced",
                        "FooterHeight" : 44,
                        "FooterSectionParam" : "",
                        "HandleSelectionUpdates" : true,
                        "HasSelectedCells" : false,
                        "HeaderHeight" : 44,
                        "HeaderSectionParam" : "",
                        "Height" : 300,
                        "Id" : "collection-23",
                        "Left" : 225,
                        "LeftAlignFinalRow" : false,
                        "Mashup" : "BayerCollectionRadioButtonItem",
                        "MashupGlobalPropertyBinding" : "{}",
                        "MashupHeight" : 50,
                        "MashupPropertyBinding" : "{\"item\": \"text\"}",
                        "MashupWidth" : 300,
                        "MasonryLayoutBottomPadding" : 22,
                        "MasonryLayoutCellSpacing" : 22,
                        "MasonryLayoutColumnSpacing" : 22,
                        "MasonryLayoutColumnSpeeds" : "1, 2, 0.5, 1, 2, 0.5",
                        "MasonryLayoutColumnWidth" : 0,
                        "MasonryLayoutNumberOfColumns" : 5,
                        "MasonryLayoutTopPadding" : 22,
                        "MinimumSpacing" : 0,
                        "MultiSelect" : false,
                        "OffScreenBufferFactor" : 0.1,
                        "PinFootersToBottom" : false,
                        "PinHeadersToTop" : false,
                        "PlaysIntroAnimation" : true,
                        "ResponsiveLayout" : true,
                        "RippleEffectStyle" : "DefaultCollectionRippleStyle",
                        "RowSpacing" : 44,
                        "ScrollsToSelectedCell" : false,
                        "SectionInsetBottom" : 0,
                        "SectionInsetLeft" : 0,
                        "SectionInsetRight" : 0,
                        "SectionInsetTop" : 0,
                        "SelectedCellsCount" : 0,
                        "ShowDataLoading" : true,
                        "ShowFooters" : false,
                        "ShowHeaders" : false,
                        "SortAscending" : false,
                        "Top" : 70,
                        "TopPadding" : 22,
                        "Type" : "collection",
                        "UIDField" : "item",
                        "UseCustomScrollerOnWindowsDesktops" : false,
                        "UseMashupDimensions" : false,
                        "UseRippleEffect" : false,
                        "View" : "flow",
                        "Visible" : true,
                        "Width" : 400,
                        "Z-index" : 10,
                        "[Experimental] Fast widget append" : false,
                        "_CanDoubleClick" : false,
                        "_EventDataShape" : "{\"item\":{\"name\":\"item\",\"aspects\":{\"isPrimaryKey\":true},\"description\":\"Item\",\"baseType\":\"STRING\",\"ordinal\":1}}",
                        "_GlobalDataShape" : "{}",
                        "_MenuDefinition" : "[]",
                        "__TypeDisplayName" : "Collection"
                      },
                      "Widgets" : [ ]
                    } ]
                  }, {
                    "Properties" : {
                      "AnimateExpandCollapse" : true,
                      "Area" : "UI",
                      "BGImageRepeat" : "no-repeat",
                      "BGImageSize" : "auto",
                      "DisplayName" : "Row 2",
                      "ExpandCollapseTabLocation" : "outside",
                      "Expanded" : true,
                      "Id" : "container-4",
                      "MinHeight" : 0,
                      "MinWidth" : 0,
                      "Overlay" : false,
                      "OverlayIsTransparent" : false,
                      "ResponsiveLayout" : true,
                      "ShowDataLoading" : true,
                      "ShowExpandCollapseTab" : false,
                      "Style" : "DefaultContainerStyle",
                      "TabCollapseStyle" : "DefaultTabCollapseStyle",
                      "TabExpandStyle" : "DefaultTabExpandStyle",
                      "TabHeight" : 36,
                      "TabLocation" : "center",
                      "TabOffset" : 0,
                      "TabWidth" : 36,
                      "Type" : "container",
                      "Visible" : true,
                      "Z-index" : 10,
                      "__TypeDisplayName" : "Container"
                    },
                    "Widgets" : [ {
                      "Properties" : {
                        "Area" : "UI",
                        "Columns" : 0,
                        "DisplayName" : "layout-17",
                        "Footer" : false,
                        "FooterHeight" : 0,
                        "Header" : true,
                        "HeaderHeight" : 40,
                        "Id" : "layout-17",
                        "IncludeSpacingInFixedAreas" : false,
                        "IsPrintLayout" : false,
                        "Left" : 510,
                        "LeftSidebar" : false,
                        "LeftSidebarWidth" : 0,
                        "Orientation" : "vertical",
                        "PctColumn1" : 50,
                        "PctColumn2" : 50,
                        "PctColumn3" : 1,
                        "PctColumn4" : 1,
                        "PctColumn5" : 1,
                        "PctColumn6" : 1,
                        "PctColumn7" : 1,
                        "PctColumn8" : 1,
                        "PctRow1" : 100,
                        "PctRow2" : 0,
                        "PctRow3" : 0,
                        "PctRow4" : 0,
                        "PctRow5" : 0,
                        "PctRow6" : 0,
                        "PctRow7" : 0,
                        "PctRow8" : 0,
                        "PrintMarginLeftRight" : 0.5,
                        "PrintMarginTopBottom" : 0.5,
                        "PrintWidth" : 650,
                        "ResponsiveLayout" : true,
                        "RightSidebar" : false,
                        "RightSidebarWidth" : 0,
                        "Rows" : 1,
                        "ShowDataLoading" : true,
                        "Spacing" : 2,
                        "Top" : 60,
                        "Type" : "layout",
                        "Visible" : true,
                        "Z-index" : 10,
                        "__TypeDisplayName" : "Layout"
                      },
                      "Widgets" : [ {
                        "Properties" : {
                          "AnimateExpandCollapse" : true,
                          "Area" : "UI",
                          "BGImageRepeat" : "no-repeat",
                          "BGImageSize" : "auto",
                          "DisplayName" : "Header",
                          "ExpandCollapseTabLocation" : "outside",
                          "Expanded" : true,
                          "Id" : "container-18",
                          "MinHeight" : 0,
                          "MinWidth" : 0,
                          "Overlay" : false,
                          "OverlayIsTransparent" : false,
                          "ResponsiveLayout" : true,
                          "ShowDataLoading" : true,
                          "ShowExpandCollapseTab" : false,
                          "Style" : "DefaultContainerStyle",
                          "TabCollapseStyle" : "DefaultTabCollapseStyle",
                          "TabExpandStyle" : "DefaultTabExpandStyle",
                          "TabHeight" : 36,
                          "TabLocation" : "center",
                          "TabOffset" : 0,
                          "TabWidth" : 36,
                          "Type" : "container",
                          "Visible" : true,
                          "Z-index" : 10,
                          "__TypeDisplayName" : "Container"
                        },
                        "Widgets" : [ {
                          "Properties" : {
                            "Alignment" : "left",
                            "Area" : "UI",
                            "BackgroundFill" : "content",
                            "DisplayName" : "valuedisplay-21",
                            "Height" : 22,
                            "Id" : "valuedisplay-21",
                            "ImageScaling" : "Width",
                            "Label" : "",
                            "LabelAlignment" : "left",
                            "Left" : 650,
                            "Overflow" : "hidden",
                            "ResponsiveLayout" : true,
                            "ShowDataLoading" : true,
                            "TextIfNoValue" : "Comments",
                            "TextIfNoValueOffset" : 50,
                            "TextIfNoValueStyle" : "Bayer_PanelTitle",
                            "TextWrap" : true,
                            "ToolTipField" : "",
                            "ToolTipStyle" : "DefaultTooltipStyle",
                            "Top" : 15,
                            "Type" : "valuedisplay",
                            "ValueDisplayLabelStyle" : "DefaultWidgetLabelStyle",
                            "ValueDisplayStyle" : "DefaultValueDisplayStyle",
                            "VerticalAlignment" : "middle",
                            "Visible" : true,
                            "Width" : 100,
                            "Z-index" : 10,
                            "__TypeDisplayName" : "Value Display",
                            "__supportsLabel" : true,
                            "__supportsTooltip" : true
                          },
                          "Widgets" : [ ]
                        } ]
                      }, {
                        "Properties" : {
                          "AnimateExpandCollapse" : true,
                          "Area" : "UI",
                          "BGImageRepeat" : "no-repeat",
                          "BGImageSize" : "auto",
                          "DisplayName" : "Row 1",
                          "ExpandCollapseTabLocation" : "outside",
                          "Expanded" : true,
                          "Id" : "container-19",
                          "MinHeight" : 0,
                          "MinWidth" : 0,
                          "Overlay" : false,
                          "OverlayIsTransparent" : false,
                          "ResponsiveLayout" : true,
                          "ShowDataLoading" : true,
                          "ShowExpandCollapseTab" : false,
                          "Style" : "DefaultContainerStyle",
                          "TabCollapseStyle" : "DefaultTabCollapseStyle",
                          "TabExpandStyle" : "DefaultTabExpandStyle",
                          "TabHeight" : 36,
                          "TabLocation" : "center",
                          "TabOffset" : 0,
                          "TabWidth" : 36,
                          "Type" : "container",
                          "Visible" : true,
                          "Z-index" : 10,
                          "__TypeDisplayName" : "Container"
                        },
                        "Widgets" : [ {
                          "Properties" : {
                            "Area" : "UI",
                            "DisplayName" : "textarea-20",
                            "Height" : 200,
                            "Id" : "textarea-20",
                            "InnerShadow" : true,
                            "Label" : "",
                            "LabelAlignment" : "left",
                            "Left" : 585,
                            "ReadOnly" : false,
                            "ResponsiveLayout" : true,
                            "ShowDataLoading" : true,
                            "Style" : "DefaultTextAreaStyle",
                            "TabSequence" : 0,
                            "Text" : "",
                            "TextareaFocusStyle" : "DefaultFocusStyle",
                            "TextareaLabelStyle" : "DefaultWidgetLabelStyle",
                            "ToolTipField" : "",
                            "ToolTipStyle" : "DefaultTooltipStyle",
                            "Top" : 95,
                            "Type" : "textarea",
                            "Visible" : true,
                            "Width" : 300,
                            "Z-index" : 10,
                            "__TypeDisplayName" : "TextArea",
                            "__supportsLabel" : true,
                            "__supportsTooltip" : true
                          },
                          "Widgets" : [ ]
                        } ]
                      } ]
                    } ]
                  }, {
                    "Properties" : {
                      "AnimateExpandCollapse" : true,
                      "Area" : "UI",
                      "BGImageRepeat" : "no-repeat",
                      "BGImageSize" : "auto",
                      "DisplayName" : "Footer",
                      "ExpandCollapseTabLocation" : "outside",
                      "Expanded" : true,
                      "Id" : "container-5",
                      "MinHeight" : 0,
                      "MinWidth" : 0,
                      "Overlay" : false,
                      "OverlayIsTransparent" : false,
                      "ResponsiveLayout" : true,
                      "ShowDataLoading" : true,
                      "ShowExpandCollapseTab" : false,
                      "Style" : "DefaultContainerStyle",
                      "TabCollapseStyle" : "DefaultTabCollapseStyle",
                      "TabExpandStyle" : "DefaultTabExpandStyle",
                      "TabHeight" : 36,
                      "TabLocation" : "center",
                      "TabOffset" : 0,
                      "TabWidth" : 36,
                      "Type" : "container",
                      "Visible" : true,
                      "Z-index" : 10,
                      "__TypeDisplayName" : "Container"
                    },
                    "Widgets" : [ {
                      "Properties" : {
                        "Area" : "UI",
                        "Columns" : 1,
                        "DisplayName" : "layout-6",
                        "Footer" : false,
                        "FooterHeight" : 0,
                        "Header" : false,
                        "HeaderHeight" : 0,
                        "Id" : "layout-6",
                        "IncludeSpacingInFixedAreas" : false,
                        "IsPrintLayout" : false,
                        "Left" : 570,
                        "LeftSidebar" : true,
                        "LeftSidebarWidth" : 200,
                        "Orientation" : "horizontal",
                        "PctColumn1" : 100,
                        "PctColumn2" : 0,
                        "PctColumn3" : 1,
                        "PctColumn4" : 1,
                        "PctColumn5" : 1,
                        "PctColumn6" : 1,
                        "PctColumn7" : 1,
                        "PctColumn8" : 1,
                        "PctRow1" : 50,
                        "PctRow2" : 50,
                        "PctRow3" : 0,
                        "PctRow4" : 0,
                        "PctRow5" : 0,
                        "PctRow6" : 0,
                        "PctRow7" : 0,
                        "PctRow8" : 0,
                        "PrintMarginLeftRight" : 0.5,
                        "PrintMarginTopBottom" : 0.5,
                        "PrintWidth" : 650,
                        "ResponsiveLayout" : true,
                        "RightSidebar" : true,
                        "RightSidebarWidth" : 200,
                        "Rows" : 0,
                        "ShowDataLoading" : true,
                        "Spacing" : 0,
                        "Top" : 40,
                        "Type" : "layout",
                        "Visible" : true,
                        "Z-index" : 10,
                        "__TypeDisplayName" : "Layout"
                      },
                      "Widgets" : [ {
                        "Properties" : {
                          "AnimateExpandCollapse" : true,
                          "Area" : "UI",
                          "BGImageRepeat" : "no-repeat",
                          "BGImageSize" : "auto",
                          "DisplayName" : "Left Sidebar",
                          "ExpandCollapseTabLocation" : "outside",
                          "Expanded" : true,
                          "Id" : "container-7",
                          "MinHeight" : 0,
                          "MinWidth" : 0,
                          "Overlay" : false,
                          "OverlayIsTransparent" : false,
                          "ResponsiveLayout" : true,
                          "ShowDataLoading" : true,
                          "ShowExpandCollapseTab" : false,
                          "Style" : "DefaultContainerStyle",
                          "TabCollapseStyle" : "DefaultTabCollapseStyle",
                          "TabExpandStyle" : "DefaultTabExpandStyle",
                          "TabHeight" : 36,
                          "TabLocation" : "center",
                          "TabOffset" : 0,
                          "TabWidth" : 36,
                          "Type" : "container",
                          "Visible" : true,
                          "Z-index" : 10,
                          "__TypeDisplayName" : "Container"
                        },
                        "Widgets" : [ {
                          "Properties" : {
                            "Area" : "UI",
                            "DisplayName" : "panel-10",
                            "Height" : 200,
                            "HideScrollbars" : false,
                            "HorizontalAnchor" : "left",
                            "Id" : "panel-10",
                            "Left" : 55,
                            "ResponsiveLayout" : true,
                            "ShowDataLoading" : true,
                            "Style" : "DefaultContainerStyle",
                            "Top" : 40,
                            "Type" : "panel",
                            "VerticalAnchor" : "top",
                            "Visible" : true,
                            "Width" : 300,
                            "Z-index" : 10,
                            "__TypeDisplayName" : "Panel"
                          },
                          "Widgets" : [ {
                            "Properties" : {
                              "ActiveStyle" : "Bayer_ButtonRed",
                              "Area" : "UI",
                              "CancelConfirmationButton" : "button2",
                              "ConfirmationButton1Label" : "Yes",
                              "ConfirmationButton2Label" : "No",
                              "ConfirmationPrompt" : "Do Action?",
                              "ConfirmationRequired" : false,
                              "ConfirmationTitle" : "Confirm Action",
                              "ContextId" : "",
                              "DefaultConfirmationButton" : "button1",
                              "Disabled" : false,
                              "DisabledStyle" : "DefaultButtonDisabledStyle",
                              "DisplayName" : "button-11",
                              "FocusStyle" : "Bayer_ButtonRed",
                              "Height" : 30,
                              "HoverStyle" : "Bayer_ButtonRed_h",
                              "IconAlignment" : "left",
                              "Id" : "button-11",
                              "Label" : "Cancel",
                              "Left" : 50,
                              "ResponsiveLayout" : false,
                              "RoundedCorners" : true,
                              "ShowDataLoading" : true,
                              "Style" : "Bayer_ButtonRed",
                              "TabSequence" : 0,
                              "ToolTipField" : "",
                              "ToolTipStyle" : "DefaultTooltipStyle",
                              "Top" : 5,
                              "Type" : "button",
                              "Visible" : true,
                              "Width" : 100,
                              "Z-index" : 10,
                              "__TypeDisplayName" : "Button",
                              "__supportsTooltip" : true
                            },
                            "Widgets" : [ ]
                          } ]
                        } ]
                      }, {
                        "Properties" : {
                          "AnimateExpandCollapse" : true,
                          "Area" : "UI",
                          "BGImageRepeat" : "no-repeat",
                          "BGImageSize" : "auto",
                          "DisplayName" : "Column 1",
                          "ExpandCollapseTabLocation" : "outside",
                          "Expanded" : true,
                          "Id" : "container-8",
                          "MinHeight" : 0,
                          "MinWidth" : 0,
                          "Overlay" : false,
                          "OverlayIsTransparent" : false,
                          "ResponsiveLayout" : true,
                          "ShowDataLoading" : true,
                          "ShowExpandCollapseTab" : false,
                          "Style" : "DefaultContainerStyle",
                          "TabCollapseStyle" : "DefaultTabCollapseStyle",
                          "TabExpandStyle" : "DefaultTabExpandStyle",
                          "TabHeight" : 36,
                          "TabLocation" : "center",
                          "TabOffset" : 0,
                          "TabWidth" : 36,
                          "Type" : "container",
                          "Visible" : true,
                          "Z-index" : 10,
                          "__TypeDisplayName" : "Container"
                        },
                        "Widgets" : [ ]
                      }, {
                        "Properties" : {
                          "AnimateExpandCollapse" : true,
                          "Area" : "UI",
                          "BGImageRepeat" : "no-repeat",
                          "BGImageSize" : "auto",
                          "DisplayName" : "Right Sidebar",
                          "ExpandCollapseTabLocation" : "outside",
                          "Expanded" : true,
                          "Id" : "container-9",
                          "MinHeight" : 0,
                          "MinWidth" : 0,
                          "Overlay" : false,
                          "OverlayIsTransparent" : false,
                          "ResponsiveLayout" : true,
                          "ShowDataLoading" : true,
                          "ShowExpandCollapseTab" : false,
                          "Style" : "DefaultContainerStyle",
                          "TabCollapseStyle" : "DefaultTabCollapseStyle",
                          "TabExpandStyle" : "DefaultTabExpandStyle",
                          "TabHeight" : 36,
                          "TabLocation" : "center",
                          "TabOffset" : 0,
                          "TabWidth" : 36,
                          "Type" : "container",
                          "Visible" : true,
                          "Z-index" : 10,
                          "__TypeDisplayName" : "Container"
                        },
                        "Widgets" : [ {
                          "Properties" : {
                            "Area" : "UI",
                            "DisplayName" : "panel-14",
                            "Height" : 200,
                            "HideScrollbars" : false,
                            "HorizontalAnchor" : "left",
                            "Id" : "panel-14",
                            "Left" : 55,
                            "ResponsiveLayout" : true,
                            "ShowDataLoading" : true,
                            "Style" : "DefaultContainerStyle",
                            "Top" : 40,
                            "Type" : "panel",
                            "VerticalAnchor" : "top",
                            "Visible" : true,
                            "Width" : 300,
                            "Z-index" : 10,
                            "__TypeDisplayName" : "Panel"
                          },
                          "Widgets" : [ {
                            "Properties" : {
                              "ActiveStyle" : "Bayer_ButtonBlue",
                              "Area" : "UI",
                              "CancelConfirmationButton" : "button2",
                              "ConfirmationButton1Label" : "Yes",
                              "ConfirmationButton2Label" : "No",
                              "ConfirmationPrompt" : "Do Action?",
                              "ConfirmationRequired" : false,
                              "ConfirmationTitle" : "Confirm Action",
                              "ContextId" : "",
                              "DefaultConfirmationButton" : "button1",
                              "Disabled" : false,
                              "DisabledStyle" : "DefaultButtonDisabledStyle",
                              "DisplayName" : "button-15",
                              "FocusStyle" : "Bayer_ButtonBlue",
                              "Height" : 30,
                              "HoverStyle" : "Bayer_ButtonGreen",
                              "IconAlignment" : "left",
                              "Id" : "button-15",
                              "Label" : "Ok",
                              "Left" : 25,
                              "ResponsiveLayout" : false,
                              "RoundedCorners" : true,
                              "ShowDataLoading" : true,
                              "Style" : "Bayer_ButtonBlue",
                              "TabSequence" : 0,
                              "ToolTipField" : "",
                              "ToolTipStyle" : "DefaultTooltipStyle",
                              "Top" : 5,
                              "Type" : "button",
                              "Visible" : true,
                              "Width" : 100,
                              "Z-index" : 10,
                              "__TypeDisplayName" : "Button",
                              "__supportsTooltip" : true
                            },
                            "Widgets" : [ ]
                          } ]
                        } ]
                      } ]
                    } ]
                  } ]
                } ]
              },
              "mashupType" : "mashup"
            }
            ]]>
            </mashupContent>
            <preview></preview>
        </Mashup>
    </Mashups>
</Entities>
