<?xml version="1.0" encoding="UTF-8"?>
<Entities
 build="b222"
 majorVersion="8"
 minorVersion="5"
 modelPersistenceProviderPackage="PostgresPersistenceProviderPackage"
 revision="4"
 schemaVersion="1053"
 universal="">
    <ApplicationKeys>
        <ApplicationKey
         clientName=""
         description=""
         documentationContent=""
         expirationDate="2221-12-31T23:00:00.000Z"
         homeMashup=""
         ipWhitelist=""
         keyId="3f6cb48c-3087-4998-a3be-d79d4132cac2"
         lastModifiedDate="2019-09-06T11:18:50.548Z"
         name="BayerPdfExportKey"
         projectName="BayerIoT"
         tags="Applications:Bayer"
         userNameReference="Administrator">
            <avatar></avatar>
            <DesignTimePermissions>
                <Create></Create>
                <Read></Read>
                <Update></Update>
                <Delete></Delete>
                <Metadata></Metadata>
            </DesignTimePermissions>
            <RunTimePermissions></RunTimePermissions>
            <VisibilityPermissions>
                <Visibility></Visibility>
            </VisibilityPermissions>
            <ConfigurationTableDefinitions></ConfigurationTableDefinitions>
            <ConfigurationTables></ConfigurationTables>
        </ApplicationKey>
    </ApplicationKeys>
</Entities>
