<?xml version="1.0" encoding="UTF-8" standalone="no"?>
<Entities build="b2319" majorVersion="8" minorVersion="4" modelPersistenceProviderPackage="PostgresPersistenceProviderPackage" revision="4" schemaVersion="1041" universal="">
    <ThingTemplates>
        <ThingTemplate baseThingTemplate="BayerProductionLine" description="" documentationContent="" effectiveThingPackage="ConfiguredThing" homeMashup="" lastModifiedDate="2020-02-10T14:21:40.629Z" name="BayerGrenzachProductionLine" projectName="BayerIoT" tags="Applications:Bayer" thingPackage="" valueStream="">
            <avatar/>
            <DesignTimePermissions>
                <Create/>
                <Read/>
                <Update/>
                <Delete/>
                <Metadata/>
            </DesignTimePermissions>
            <RunTimePermissions/>
            <VisibilityPermissions>
                <Visibility>
                    <Principal isPermitted="true" name="Bayer:PerformanceDashboard" type="OrganizationalUnit"/>
                </Visibility>
            </VisibilityPermissions>
            <ConfigurationTableDefinitions/>
            <ConfigurationTables>
                <ConfigurationTable description="" isMultiRow="true" name="Availability" ordinal="0">
                    <DataShape>
                        <FieldDefinitions>
                            <FieldDefinition aspect.defaultValue="100" aspect.isPrimaryKey="false" aspect.maximumValue="100" aspect.minimumValue="0" aspect.units="%" baseType="INTEGER" description="" name="availability" ordinal="2"/>
                            <FieldDefinition aspect.isPrimaryKey="true" aspect.maximumValue="23" aspect.minimumValue="0" aspect.units="hour" baseType="INTEGER" description="" name="hour" ordinal="1"/>
                        </FieldDefinitions>
                    </DataShape>
                    <Rows>
                        <Row>
                            <availability>100</availability>
                            <hour>0</hour>
                        </Row>
                        <Row>
                            <availability>100</availability>
                            <hour>1</hour>
                        </Row>
                        <Row>
                            <availability>100</availability>
                            <hour>2</hour>
                        </Row>
                        <Row>
                            <availability>100</availability>
                            <hour>3</hour>
                        </Row>
                        <Row>
                            <availability>100</availability>
                            <hour>4</hour>
                        </Row>
                        <Row>
                            <availability>100</availability>
                            <hour>5</hour>
                        </Row>
                        <Row>
                            <availability>100</availability>
                            <hour>6</hour>
                        </Row>
                        <Row>
                            <availability>100</availability>
                            <hour>7</hour>
                        </Row>
                        <Row>
                            <availability>100</availability>
                            <hour>8</hour>
                        </Row>
                        <Row>
                            <availability>100</availability>
                            <hour>9</hour>
                        </Row>
                        <Row>
                            <availability>100</availability>
                            <hour>10</hour>
                        </Row>
                        <Row>
                            <availability>100</availability>
                            <hour>11</hour>
                        </Row>
                        <Row>
                            <availability>50</availability>
                            <hour>12</hour>
                        </Row>
                        <Row>
                            <availability>50</availability>
                            <hour>13</hour>
                        </Row>
                        <Row>
                            <availability>100</availability>
                            <hour>14</hour>
                        </Row>
                        <Row>
                            <availability>100</availability>
                            <hour>15</hour>
                        </Row>
                        <Row>
                            <availability>100</availability>
                            <hour>16</hour>
                        </Row>
                        <Row>
                            <availability>100</availability>
                            <hour>17</hour>
                        </Row>
                        <Row>
                            <availability>50</availability>
                            <hour>18</hour>
                        </Row>
                        <Row>
                            <availability>50</availability>
                            <hour>19</hour>
                        </Row>
                        <Row>
                            <availability>100</availability>
                            <hour>20</hour>
                        </Row>
                        <Row>
                            <availability>100</availability>
                            <hour>21</hour>
                        </Row>
                        <Row>
                            <availability>100</availability>
                            <hour>22</hour>
                        </Row>
                        <Row>
                            <availability>100</availability>
                            <hour>23</hour>
                        </Row>
                    </Rows>
                </ConfigurationTable>
                <ConfigurationTable description="" isMultiRow="false" name="LineConfiguration" ordinal="0">
                    <DataShape>
                        <FieldDefinitions>
                            <FieldDefinition aspect.defaultValue="90" aspect.isPrimaryKey="true" aspect.units="minutes" baseType="INTEGER" description="" name="additionalChangeoverTime" ordinal="1"/>
                            <FieldDefinition aspect.defaultValue="5.0" aspect.isPrimaryKey="true" aspect.units="minutes" baseType="NUMBER" description="" name="delayMicrostopBreakdownThreshold" ordinal="6"/>
                            <FieldDefinition aspect.defaultValue="3.0" aspect.isPrimaryKey="true" aspect.units="occurences" baseType="NUMBER" description="" name="delayMicrostopCountMax" ordinal="5"/>
                            <FieldDefinition aspect.defaultValue="5.0" aspect.isPrimaryKey="true" aspect.units="minutes" baseType="NUMBER" description="" name="delayMicrostopTimeMax" ordinal="4"/>
                            <FieldDefinition aspect.defaultValue="0.6" aspect.isPrimaryKey="true" aspect.units="multiplier" baseType="NUMBER" description="" name="nominalRateCorrection" ordinal="2"/>
                            <FieldDefinition aspect.defaultValue="false" aspect.isPrimaryKey="true" baseType="BOOLEAN" description="Select &quot;true&quot; if Material Performance Table contains value of blisters per hour (instead of boxes per hour)" name="nominalRateInBlisters" ordinal="7"/>
                            <FieldDefinition aspect.isPrimaryKey="true" baseType="STRING" description="" name="notificationSender" ordinal="3"/>
                        </FieldDefinitions>
                    </DataShape>
                    <Rows>
                        <Row>
                            <additionalChangeoverTime>90</additionalChangeoverTime>
                            <delayMicrostopBreakdownThreshold>5.0</delayMicrostopBreakdownThreshold>
                            <delayMicrostopCountMax>3.0</delayMicrostopCountMax>
                            <delayMicrostopTimeMax>5.0</delayMicrostopTimeMax>
                            <nominalRateCorrection>0.6</nominalRateCorrection>
                            <nominalRateInBlisters>false</nominalRateInBlisters>
                            <notificationSender/>
                        </Row>
                    </Rows>
                </ConfigurationTable>
                <ConfigurationTable description="" isMultiRow="true" name="NotificationTargetGroupA" ordinal="0">
                    <DataShape>
                        <FieldDefinitions>
                            <FieldDefinition aspect.isPrimaryKey="true" baseType="STRING" description="Item" name="item" ordinal="0"/>
                        </FieldDefinitions>
                    </DataShape>
                    <Rows/>
                </ConfigurationTable>
                <ConfigurationTable description="" isMultiRow="true" name="NotificationTargetGroupB" ordinal="0">
                    <DataShape>
                        <FieldDefinitions>
                            <FieldDefinition aspect.isPrimaryKey="true" baseType="STRING" description="Item" name="item" ordinal="0"/>
                        </FieldDefinitions>
                    </DataShape>
                    <Rows/>
                </ConfigurationTable>
            </ConfigurationTables>
            <PropertyBindings/>
            <RemotePropertyBindings/>
            <RemoteServiceBindings/>
            <RemoteEventBindings/>
            <AlertConfigurations/>
            <ThingShape>
                <PropertyDefinitions/>
                <ServiceDefinitions/>
                <EventDefinitions/>
                <ServiceMappings/>
                <ServiceImplementations/>
                <Subscriptions/>
            </ThingShape>
            <ImplementedShapes>
                <ImplementedShape name="BayerProductionDbCapability" type="ThingShape"/>
            </ImplementedShapes>
            <SharedConfigurationTables/>
            <InstanceDesignTimePermissions>
                <Create/>
                <Read/>
                <Update/>
                <Delete/>
                <Metadata/>
            </InstanceDesignTimePermissions>
            <InstanceRunTimePermissions>
                <Permissions resourceName="kepwareCounter">
                    <PropertyRead>
                        <Principal isPermitted="true" name="BayerProductionDbSchedulerUser" type="User"/>
                    </PropertyRead>
                    <PropertyWrite>
                        <Principal isPermitted="true" name="BayerProductionDbSchedulerUser" type="User"/>
                    </PropertyWrite>
                    <ServiceInvoke/>
                    <EventInvoke/>
                    <EventSubscribe/>
                </Permissions>
            </InstanceRunTimePermissions>
            <InstanceVisibilityPermissions>
                <Visibility/>
            </InstanceVisibilityPermissions>
        </ThingTemplate>
    </ThingTemplates>
</Entities>
