<?xml version="1.0" encoding="UTF-8" standalone="no"?>
<Entities build="b2319" majorVersion="8" minorVersion="4" modelPersistenceProviderPackage="PostgresPersistenceProviderPackage" revision="4" schemaVersion="1041" universal="">
    <ThingTemplates>
        <ThingTemplate baseThingTemplate="BayerDBConnectorTemplate" description="" documentationContent="" effectiveThingPackage="DatabaseThing" homeMashup="" lastModifiedDate="2020-02-10T12:37:45.337Z" name="BayerProductionDBConnectorTemplate" projectName="BayerIoT" tags="Applications:Bayer" thingPackage="" valueStream="">
            <avatar/>
            <DesignTimePermissions>
                <Create/>
                <Read/>
                <Update/>
                <Delete/>
                <Metadata/>
            </DesignTimePermissions>
            <RunTimePermissions/>
            <VisibilityPermissions>
                <Visibility>
                    <Principal isPermitted="true" name="Bayer:PerformanceDashboard" type="OrganizationalUnit"/>
                </Visibility>
            </VisibilityPermissions>
            <ConfigurationTableDefinitions/>
            <ConfigurationTables>
                <ConfigurationTable description="JDBC Settings" isMultiRow="false" name="ConnectionInfo" ordinal="0">
                    <DataShape>
                        <FieldDefinitions>
                            <FieldDefinition aspect.defaultValue="SELECT NOW()" baseType="STRING" description="Connection test string/query" name="connectionValidationString" ordinal="2"/>
                            <FieldDefinition aspect.defaultValue="jdbc:mydb:/server:port/database?param=value" aspect.friendlyName="JDBC Connection String" baseType="STRING" description="JDBC Connection URL" name="jDBCConnectionURL" ordinal="1"/>
                            <FieldDefinition aspect.defaultValue="com.yourdatabase.yourDriver" aspect.friendlyName="JDBC Driver Class Name" baseType="STRING" description="JDBC Driver Class Name" name="jDBCDriverClass" ordinal="0"/>
                            <FieldDefinition aspect.defaultValue="5.0" aspect.friendlyName="Maxium Number of Connections" baseType="NUMBER" description="Maximum number of connections in the pool" name="maxConnections" ordinal="3"/>
                            <FieldDefinition aspect.friendlyName="Database Password" baseType="PASSWORD" description="Database password" name="password" ordinal="5"/>
                            <FieldDefinition aspect.friendlyName="Database User Name" baseType="STRING" description="Database user name" name="userName" ordinal="4"/>
                        </FieldDefinitions>
                    </DataShape>
                    <Rows>
                        <Row>
                            <connectionValidationString>
                            <![CDATA[
                            SELECT NOW()
                            ]]>
                            </connectionValidationString>
                            <jDBCConnectionURL>
                            <![CDATA[
                            jdbc:mydb:/server:port/database?param=value
                            ]]>
                            </jDBCConnectionURL>
                            <jDBCDriverClass>
                            <![CDATA[
                            com.yourdatabase.yourDriver
                            ]]>
                            </jDBCDriverClass>
                            <maxConnections>5.0</maxConnections>
                            <password/>
                            <userName/>
                        </Row>
                    </Rows>
                </ConfigurationTable>
                <ConfigurationTable description="Connection Monitoring Settings" isMultiRow="false" name="ConnectionMonitoring" ordinal="0">
                    <DataShape>
                        <FieldDefinitions>
                            <FieldDefinition aspect.defaultValue="30000.0" aspect.friendlyName="Monitor Rate (seconds)" baseType="NUMBER" description="Monitor rate in milliseconds" name="connectionMonitorRate" ordinal="1"/>
                            <FieldDefinition aspect.defaultValue="false" aspect.friendlyName="Enable Monitoring" baseType="BOOLEAN" description="Enable connection monitoring" name="enableMonitor" ordinal="0"/>
                            <FieldDefinition aspect.defaultValue="1.0" aspect.friendlyName="Number of Retries" baseType="NUMBER" description="Number of retries" name="numberOfRetries" ordinal="2"/>
                            <FieldDefinition aspect.defaultValue="2000.0" aspect.friendlyName="Retry Delay (milliseconds)" baseType="NUMBER" description="Retry delay in milliseconds" name="retryDelay" ordinal="3"/>
                        </FieldDefinitions>
                    </DataShape>
                    <Rows>
                        <Row>
                            <connectionMonitorRate>30000.0</connectionMonitorRate>
                            <enableMonitor>false</enableMonitor>
                            <numberOfRetries>1.0</numberOfRetries>
                            <retryDelay>2000.0</retryDelay>
                        </Row>
                    </Rows>
                </ConfigurationTable>
                <ConfigurationTable description="Field/Column Name Aliases" isMultiRow="true" name="ColumnAliases" ordinal="1">
                    <DataShape>
                        <FieldDefinitions>
                            <FieldDefinition aspect.friendlyName="Database Column Name" baseType="STRING" description="Database column name" name="columnName" ordinal="0"/>
                            <FieldDefinition aspect.friendlyName="Thingworx Field Name" baseType="STRING" description="Thingworx field name" name="fieldName" ordinal="1"/>
                        </FieldDefinitions>
                    </DataShape>
                    <Rows/>
                </ConfigurationTable>
            </ConfigurationTables>
            <PropertyBindings/>
            <RemotePropertyBindings/>
            <RemoteServiceBindings/>
            <RemoteEventBindings/>
            <AlertConfigurations>
                <AlertDefinitions name="factorFieldname"/>
            </AlertConfigurations>
            <ThingShape>
                <PropertyDefinitions>
                    <PropertyDefinition aspect.cacheTime="0.0" aspect.dataChangeType="VALUE" aspect.defaultValue="Factor3" baseType="STRING" category="" description="" isLocalOnly="false" name="factorFieldname" ordinal="2"/>
                </PropertyDefinitions>
                <ServiceDefinitions>
                    <ServiceDefinition aspect.isAsync="false" category="" description="" isAllowOverride="false" isLocalOnly="false" isOpen="false" isPrivate="false" name="GetCurrentCounterValue">
                        <ResultType aspect.dataShape="BayerProductionCounterDataShape" baseType="INFOTABLE" description="" name="result" ordinal="0"/>
                        <ParameterDefinitions/>
                    </ServiceDefinition>
                    <ServiceDefinition aspect.isAsync="false" category="" description="" isAllowOverride="false" isLocalOnly="false" isOpen="false" isPrivate="false" name="GetCurrentProductCode">
                        <ResultType aspect.dataShape="BayerProductionCounterDataShape" baseType="INFOTABLE" description="" name="result" ordinal="0"/>
                        <ParameterDefinitions/>
                    </ServiceDefinition>
                    <ServiceDefinition aspect.isAsync="false" category="" description="" isAllowOverride="false" isLocalOnly="false" isOpen="false" isPrivate="false" name="GetMultiplierForCurrentProduct">
                        <ResultType baseType="INFOTABLE" description="" name="result" ordinal="0"/>
                        <ParameterDefinitions/>
                    </ServiceDefinition>
                </ServiceDefinitions>
                <EventDefinitions/>
                <ServiceMappings/>
                <ServiceImplementations>
                    <ServiceImplementation description="" handlerName="SQLQuery" name="GetCurrentCounterValue">
                        <ConfigurationTables>
                            <ConfigurationTable description="SQLQuery" isMultiRow="false" name="Query" ordinal="0">
                                <DataShape>
                                    <FieldDefinitions>
                                        <FieldDefinition baseType="NUMBER" description="maxItems" name="maxItems" ordinal="0"/>
                                        <FieldDefinition baseType="STRING" description="sql" name="sql" ordinal="0"/>
                                        <FieldDefinition baseType="NUMBER" description="timeout" name="timeout" ordinal="0"/>
                                    </FieldDefinitions>
                                </DataShape>
                                <Rows>
                                    <Row>
                                        <maxItems>500.0</maxItems>
                                        <sql>
                                        <![CDATA[
                                        SELECT [SensorId]
                                              ,[ValueNumber]
                                                   ,[TimeStamp]
                                          FROM [dbo].[View_RemoteCollectData]
                                          WHERE [SensorID] = 2
                                        ]]>
                                        </sql>
                                        <timeout>60.0</timeout>
                                    </Row>
                                </Rows>
                            </ConfigurationTable>
                        </ConfigurationTables>
                    </ServiceImplementation>
                    <ServiceImplementation description="" handlerName="SQLQuery" name="GetCurrentProductCode">
                        <ConfigurationTables>
                            <ConfigurationTable description="SQLQuery" isMultiRow="false" name="Query" ordinal="0">
                                <DataShape>
                                    <FieldDefinitions>
                                        <FieldDefinition baseType="NUMBER" description="maxItems" name="maxItems" ordinal="0"/>
                                        <FieldDefinition baseType="STRING" description="sql" name="sql" ordinal="0"/>
                                        <FieldDefinition baseType="NUMBER" description="timeout" name="timeout" ordinal="0"/>
                                    </FieldDefinitions>
                                </DataShape>
                                <Rows>
                                    <Row>
                                        <maxItems>500.0</maxItems>
                                        <sql>
                                        <![CDATA[
                                        SELECT [SensorId]
                                              ,[ValueText]
                                                   ,[TimeStamp]
                                          FROM [dbo].[View_RemoteCollectData]
                                          WHERE [SensorID] = 10
                                        ]]>
                                        </sql>
                                        <timeout>60.0</timeout>
                                    </Row>
                                </Rows>
                            </ConfigurationTable>
                        </ConfigurationTables>
                    </ServiceImplementation>
                    <ServiceImplementation description="" handlerName="SQLQuery" name="GetMultiplierForCurrentProduct">
                        <ConfigurationTables>
                            <ConfigurationTable description="SQLQuery" isMultiRow="false" name="Query" ordinal="0">
                                <DataShape>
                                    <FieldDefinitions>
                                        <FieldDefinition baseType="NUMBER" description="maxItems" name="maxItems" ordinal="0"/>
                                        <FieldDefinition baseType="STRING" description="sql" name="sql" ordinal="0"/>
                                        <FieldDefinition baseType="NUMBER" description="timeout" name="timeout" ordinal="0"/>
                                    </FieldDefinitions>
                                </DataShape>
                                <Rows>
                                    <Row>
                                        <maxItems>500.0</maxItems>
                                        <sql>
                                        <![CDATA[
                                        SELECT [[me.factorFieldname]] FROM [dbo].[ProductionLineData];
                                        ]]>
                                        </sql>
                                        <timeout>60.0</timeout>
                                    </Row>
                                </Rows>
                            </ConfigurationTable>
                        </ConfigurationTables>
                    </ServiceImplementation>
                </ServiceImplementations>
                <Subscriptions/>
            </ThingShape>
            <ImplementedShapes/>
            <SharedConfigurationTables/>
            <InstanceDesignTimePermissions>
                <Create/>
                <Read/>
                <Update/>
                <Delete/>
                <Metadata/>
            </InstanceDesignTimePermissions>
            <InstanceRunTimePermissions>
                <Permissions resourceName="GetCurrentProductCode">
                    <PropertyRead/>
                    <PropertyWrite/>
                    <ServiceInvoke>
                        <Principal isPermitted="true" name="System" type="User"/>
                    </ServiceInvoke>
                    <EventInvoke/>
                    <EventSubscribe/>
                </Permissions>
                <Permissions resourceName="GetCurrentCounterValue">
                    <PropertyRead/>
                    <PropertyWrite/>
                    <ServiceInvoke>
                        <Principal isPermitted="true" name="System" type="User"/>
                    </ServiceInvoke>
                    <EventInvoke/>
                    <EventSubscribe/>
                </Permissions>
                <Permissions resourceName="*">
                    <PropertyRead>
                        <Principal isPermitted="true" name="System" type="User"/>
                    </PropertyRead>
                    <PropertyWrite/>
                    <ServiceInvoke/>
                    <EventInvoke/>
                    <EventSubscribe/>
                </Permissions>
                <Permissions resourceName="GetMultiplierForCurrentProduct">
                    <PropertyRead/>
                    <PropertyWrite/>
                    <ServiceInvoke>
                        <Principal isPermitted="true" name="System" type="User"/>
                    </ServiceInvoke>
                    <EventInvoke/>
                    <EventSubscribe/>
                </Permissions>
            </InstanceRunTimePermissions>
            <InstanceVisibilityPermissions>
                <Visibility>
                    <Principal isPermitted="true" name="Bayer:PerformanceDashboard" type="OrganizationalUnit"/>
                </Visibility>
            </InstanceVisibilityPermissions>
        </ThingTemplate>
    </ThingTemplates>
</Entities>
