<?xml version="1.0" encoding="UTF-8" standalone="no"?>
<Entities build="b2319" majorVersion="8" minorVersion="4" modelPersistenceProviderPackage="PostgresPersistenceProviderPackage" revision="4" schemaVersion="1041" universal="">
    <DataShapes>
        <DataShape baseDataShape="" description="" documentationContent="" homeMashup="" lastModifiedDate="2019-09-27T11:07:01.674Z" name="BayerProblemsAndIssuesDataShape" projectName="BayerIoT" tags="Applications:Bayer">
            <avatar/>
            <DesignTimePermissions>
                <Create/>
                <Read/>
                <Update/>
                <Delete/>
                <Metadata/>
            </DesignTimePermissions>
            <RunTimePermissions/>
            <VisibilityPermissions>
                <Visibility>
                    <Principal isPermitted="true" name="Bayer:PerformanceDashboard" type="OrganizationalUnit"/>
                </Visibility>
            </VisibilityPermissions>
            <ConfigurationTableDefinitions/>
            <ConfigurationTables/>
            <FieldDefinitions>
                <FieldDefinition baseType="NUMBER" description="" name="Duration" ordinal="2"/>
                <FieldDefinition baseType="STRING" description="" name="IssueCategory" ordinal="3"/>
                <FieldDefinition baseType="STRING" description="" name="IssueDescription" ordinal="4"/>
                <FieldDefinition baseType="STRING" description="" name="IssueSolution" ordinal="5"/>
                <FieldDefinition baseType="STRING" description="" name="Shift" ordinal="1"/>
            </FieldDefinitions>
        </DataShape>
    </DataShapes>
</Entities>
