<?xml version="1.0" encoding="UTF-8"?>
<Entities
 build="b222"
 majorVersion="8"
 minorVersion="5"
 modelPersistenceProviderPackage="PostgresPersistenceProviderPackage"
 revision="4"
 schemaVersion="1053"
 universal="">
    <Mashups>
        <Mashup
         aspect.isResponsive="true"
         aspect.mashupType="mashup"
         columns="0.0"
         description=""
         documentationContent=""
         homeMashup=""
         lastModifiedDate="2019-09-27T11:08:06.001Z"
         name="BayerLineStoppageDetailsPopup"
         projectName="BayerIoT"
         rows="0.0"
         tags="Applications:Bayer;Application:BayerDemo">
            <avatar></avatar>
            <DesignTimePermissions>
                <Create></Create>
                <Read></Read>
                <Update></Update>
                <Delete></Delete>
                <Metadata></Metadata>
            </DesignTimePermissions>
            <RunTimePermissions></RunTimePermissions>
            <VisibilityPermissions>
                <Visibility>
                    <Principal
                     isPermitted="true"
                     name="Bayer:PerformanceDashboard"
                     type="OrganizationalUnit"></Principal>
                </Visibility>
            </VisibilityPermissions>
            <ConfigurationTableDefinitions></ConfigurationTableDefinitions>
            <ConfigurationTables></ConfigurationTables>
            <ParameterDefinitions></ParameterDefinitions>
            <Things>
                <Thing>BayerShiftTrackingPage</Thing>
            </Things>
            <ThingShapes></ThingShapes>
            <ThingTemplates></ThingTemplates>
            <mashupContent>
            <![CDATA[
            {
              "CustomMashupCss" : "",
              "Data" : {
                "Session" : {
                  "DataName" : "Session",
                  "EntityName" : "",
                  "EntityType" : "Session",
                  "Id" : "session",
                  "Services" : [ {
                    "APIMethod" : "post",
                    "Characteristic" : "Services",
                    "Id" : "SessionInterface",
                    "Name" : "GetGlobalSessionValues",
                    "Parameters" : { },
                    "RefreshInterval" : 0,
                    "Target" : "GetGlobalSessionValues"
                  } ]
                },
                "Things_BayerShiftTrackingPage" : {
                  "DataName" : "Things_BayerShiftTrackingPage",
                  "EntityName" : "BayerShiftTrackingPage",
                  "EntityType" : "Things",
                  "Id" : "ce893936-1778-42cb-9086-d7e3783408be",
                  "Services" : [ {
                    "APIMethod" : "post",
                    "Characteristic" : "Services",
                    "Id" : "aa823f5f-f19e-42b2-84c6-10a6412c8dcf",
                    "Name" : "GetFakeLineStoppageDetails",
                    "Parameters" : { },
                    "RefreshInterval" : 0,
                    "Target" : "GetFakeLineStoppageDetails"
                  } ]
                },
                "UserExtensions" : {
                  "DataName" : "UserExtensions",
                  "EntityName" : "",
                  "EntityType" : "UserExtensions",
                  "Id" : "UserExtensions",
                  "Services" : [ {
                    "APIMethod" : "post",
                    "Characteristic" : "Services",
                    "Id" : "UserExtensionInterface",
                    "Name" : "GetCurrentUserExtensionProperties",
                    "Parameters" : { },
                    "RefreshInterval" : 0,
                    "Target" : "GetCurrentUserExtensionProperties"
                  } ]
                }
              },
              "DataBindings" : [ {
                "Id" : "57917bf7-1e7a-46db-9774-019fb190c16a",
                "PropertyMaps" : [ {
                  "SourceProperty" : "",
                  "SourcePropertyBaseType" : "INFOTABLE",
                  "SourcePropertyType" : "InfoTable",
                  "TargetProperty" : "TimelineData",
                  "TargetPropertyBaseType" : "INFOTABLE",
                  "TargetPropertyType" : "property"
                } ],
                "SourceArea" : "Data",
                "SourceDetails" : "AllData",
                "SourceId" : "GetFakeLineStoppageDetails",
                "SourceSection" : "Things_BayerShiftTrackingPage",
                "TargetArea" : "UI",
                "TargetId" : "D3Timeline-33",
                "TargetSection" : ""
              } ],
              "DesignTimePermissions" : { },
              "Events" : [ {
                "EventHandlerArea" : "Data",
                "EventHandlerId" : "Things_BayerShiftTrackingPage",
                "EventHandlerService" : "GetFakeLineStoppageDetails",
                "EventTriggerArea" : "Mashup",
                "EventTriggerEvent" : "Loaded",
                "EventTriggerId" : "mashup-root",
                "EventTriggerSection" : "",
                "Id" : "401ff230-b6ed-4f42-80f4-c7ad6a278f63"
              } ],
              "RunTimePermissions" : { },
              "UI" : {
                "Properties" : {
                  "AddToDashboardButtonStyle" : "DefaultAddToDashboardButtonStyle",
                  "Area" : "Mashup",
                  "BGImageRepeat" : "repeat",
                  "BGImageSize" : "auto",
                  "Columns" : 0,
                  "ConfigureGadgetButtonStyle" : "DefaultConfigureGadgetButtonStyle",
                  "DisplayName" : "Mashup",
                  "EnableParameterEditing" : false,
                  "Height" : 618,
                  "Id" : "mashup-root",
                  "IgnoreWarningsInViewMashup" : false,
                  "IsPrintLayout" : false,
                  "Left" : 0,
                  "MashupToEditGadget" : "DefaultMashupToEditGadget",
                  "MinHeight" : 0,
                  "MinWidth" : 0,
                  "ResponsiveLayout" : true,
                  "Rows" : 0,
                  "ShowDataLoading" : true,
                  "Style" : "Bayer_PopupBgStyle",
                  "Title" : "",
                  "TitleBar" : false,
                  "TitleBarStyle" : "DefaultTitleBarStyle",
                  "TitleBarText" : "Gadget Title Here",
                  "Top" : 0,
                  "Type" : "mashup",
                  "Visible" : true,
                  "Width" : 1024,
                  "Z-index" : 10,
                  "__TypeDisplayName" : "Mashup",
                  "id_index" : 94,
                  "supportsAutoResize" : true
                },
                "Widgets" : [ {
                  "Properties" : {
                    "Area" : "UI",
                    "Columns" : 0,
                    "DisplayName" : "layout-2",
                    "Footer" : false,
                    "FooterHeight" : 0,
                    "Header" : true,
                    "HeaderHeight" : 50,
                    "Id" : "layout-2",
                    "IncludeSpacingInFixedAreas" : false,
                    "IsPrintLayout" : false,
                    "Left" : 260,
                    "LeftSidebar" : false,
                    "LeftSidebarWidth" : 0,
                    "Orientation" : "vertical",
                    "PctColumn1" : 50,
                    "PctColumn2" : 50,
                    "PctColumn3" : 1,
                    "PctColumn4" : 1,
                    "PctColumn5" : 1,
                    "PctColumn6" : 1,
                    "PctColumn7" : 1,
                    "PctColumn8" : 1,
                    "PctRow1" : 100,
                    "PctRow2" : 100,
                    "PctRow3" : 0,
                    "PctRow4" : 0,
                    "PctRow5" : 0,
                    "PctRow6" : 0,
                    "PctRow7" : 0,
                    "PctRow8" : 0,
                    "PrintMarginLeftRight" : 0.5,
                    "PrintMarginTopBottom" : 0.5,
                    "PrintWidth" : 650,
                    "ResponsiveLayout" : true,
                    "RightSidebar" : false,
                    "RightSidebarWidth" : 0,
                    "Rows" : 1,
                    "ShowDataLoading" : true,
                    "Spacing" : 2,
                    "Top" : 130,
                    "Type" : "layout",
                    "Visible" : true,
                    "Z-index" : 10,
                    "__TypeDisplayName" : "Layout"
                  },
                  "Widgets" : [ {
                    "Properties" : {
                      "AnimateExpandCollapse" : true,
                      "Area" : "UI",
                      "BGImageRepeat" : "no-repeat",
                      "BGImageSize" : "auto",
                      "DisplayName" : "Header",
                      "ExpandCollapseTabLocation" : "outside",
                      "Expanded" : true,
                      "Id" : "container-3",
                      "MinHeight" : 0,
                      "MinWidth" : 0,
                      "Overlay" : false,
                      "OverlayIsTransparent" : false,
                      "ResponsiveLayout" : true,
                      "ShowDataLoading" : true,
                      "ShowExpandCollapseTab" : false,
                      "Style" : "DefaultContainerStyle",
                      "TabCollapseStyle" : "DefaultTabCollapseStyle",
                      "TabExpandStyle" : "DefaultTabExpandStyle",
                      "TabHeight" : 36,
                      "TabLocation" : "center",
                      "TabOffset" : 0,
                      "TabWidth" : 36,
                      "Type" : "container",
                      "Visible" : true,
                      "Z-index" : 10,
                      "__TypeDisplayName" : "Container"
                    },
                    "Widgets" : [ {
                      "Properties" : {
                        "Alignment" : "left",
                        "Area" : "UI",
                        "BackgroundFill" : "content",
                        "DisplayName" : "valuedisplay-4",
                        "Height" : 22,
                        "Id" : "valuedisplay-4",
                        "ImageScaling" : "Width",
                        "Label" : "",
                        "LabelAlignment" : "left",
                        "Left" : 650,
                        "Overflow" : "hidden",
                        "ResponsiveLayout" : true,
                        "ShowDataLoading" : true,
                        "TextIfNoValue" : "Line Stoppage Details",
                        "TextIfNoValueOffset" : 30,
                        "TextIfNoValueStyle" : "Bayer_PopupTitle",
                        "TextWrap" : true,
                        "ToolTipField" : "",
                        "ToolTipStyle" : "DefaultTooltipStyle",
                        "Top" : 15,
                        "Type" : "valuedisplay",
                        "ValueDisplayLabelStyle" : "DefaultWidgetLabelStyle",
                        "ValueDisplayStyle" : "DefaultValueDisplayStyle",
                        "VerticalAlignment" : "middle",
                        "Visible" : true,
                        "Width" : 100,
                        "Z-index" : 10,
                        "__TypeDisplayName" : "Value Display",
                        "__supportsLabel" : true,
                        "__supportsTooltip" : true
                      },
                      "Widgets" : [ ]
                    } ]
                  }, {
                    "Properties" : {
                      "AnimateExpandCollapse" : true,
                      "Area" : "UI",
                      "BGImageRepeat" : "no-repeat",
                      "BGImageSize" : "auto",
                      "DisplayName" : "Row",
                      "ExpandCollapseTabLocation" : "outside",
                      "Expanded" : true,
                      "Id" : "container-22",
                      "MinHeight" : 0,
                      "MinWidth" : 0,
                      "Overlay" : false,
                      "OverlayIsTransparent" : false,
                      "ResponsiveLayout" : true,
                      "ShowDataLoading" : true,
                      "ShowExpandCollapseTab" : false,
                      "Style" : "DefaultContainerStyle",
                      "TabCollapseStyle" : "DefaultTabCollapseStyle",
                      "TabExpandStyle" : "DefaultTabExpandStyle",
                      "TabHeight" : 36,
                      "TabLocation" : "center",
                      "TabOffset" : 0,
                      "TabWidth" : 36,
                      "Type" : "container",
                      "Visible" : true,
                      "Z-index" : 10,
                      "__TypeDisplayName" : "Container"
                    },
                    "Widgets" : [ {
                      "Properties" : {
                        "Area" : "UI",
                        "Columns" : 0,
                        "DisplayName" : "layout-25",
                        "Footer" : false,
                        "FooterHeight" : 0,
                        "Header" : true,
                        "HeaderHeight" : 110,
                        "Id" : "layout-25",
                        "IncludeSpacingInFixedAreas" : false,
                        "IsPrintLayout" : false,
                        "Left" : 285,
                        "LeftSidebar" : false,
                        "LeftSidebarWidth" : 0,
                        "Orientation" : "vertical",
                        "PctColumn1" : 50,
                        "PctColumn2" : 50,
                        "PctColumn3" : 1,
                        "PctColumn4" : 1,
                        "PctColumn5" : 1,
                        "PctColumn6" : 1,
                        "PctColumn7" : 1,
                        "PctColumn8" : 1,
                        "PctRow1" : 100,
                        "PctRow2" : 0,
                        "PctRow3" : 0,
                        "PctRow4" : 0,
                        "PctRow5" : 0,
                        "PctRow6" : 0,
                        "PctRow7" : 0,
                        "PctRow8" : 0,
                        "PrintMarginLeftRight" : 0.5,
                        "PrintMarginTopBottom" : 0.5,
                        "PrintWidth" : 650,
                        "ResponsiveLayout" : true,
                        "RightSidebar" : false,
                        "RightSidebarWidth" : 0,
                        "Rows" : 1,
                        "ShowDataLoading" : true,
                        "Spacing" : 4,
                        "Top" : 85,
                        "Type" : "layout",
                        "Visible" : true,
                        "Z-index" : 10,
                        "__TypeDisplayName" : "Layout"
                      },
                      "Widgets" : [ {
                        "Properties" : {
                          "AnimateExpandCollapse" : true,
                          "Area" : "UI",
                          "BGImageRepeat" : "no-repeat",
                          "BGImageSize" : "auto",
                          "DisplayName" : "Header",
                          "ExpandCollapseTabLocation" : "outside",
                          "Expanded" : true,
                          "Id" : "container-26",
                          "MinHeight" : 0,
                          "MinWidth" : 0,
                          "Overlay" : false,
                          "OverlayIsTransparent" : false,
                          "ResponsiveLayout" : true,
                          "ShowDataLoading" : true,
                          "ShowExpandCollapseTab" : false,
                          "Style" : "DefaultContainerStyle",
                          "TabCollapseStyle" : "DefaultTabCollapseStyle",
                          "TabExpandStyle" : "DefaultTabExpandStyle",
                          "TabHeight" : 36,
                          "TabLocation" : "center",
                          "TabOffset" : 0,
                          "TabWidth" : 36,
                          "Type" : "container",
                          "Visible" : true,
                          "Z-index" : 10,
                          "__TypeDisplayName" : "Container"
                        },
                        "Widgets" : [ {
                          "Properties" : {
                            "Area" : "UI",
                            "Columns" : 0,
                            "DisplayName" : "layout-57",
                            "Footer" : true,
                            "FooterHeight" : 40,
                            "Header" : false,
                            "HeaderHeight" : 0,
                            "Id" : "layout-57",
                            "IncludeSpacingInFixedAreas" : false,
                            "IsPrintLayout" : false,
                            "Left" : 445,
                            "LeftSidebar" : false,
                            "LeftSidebarWidth" : 0,
                            "Orientation" : "vertical",
                            "PctColumn1" : 50,
                            "PctColumn2" : 50,
                            "PctColumn3" : 1,
                            "PctColumn4" : 1,
                            "PctColumn5" : 1,
                            "PctColumn6" : 1,
                            "PctColumn7" : 1,
                            "PctColumn8" : 1,
                            "PctRow1" : 100,
                            "PctRow2" : 0,
                            "PctRow3" : 0,
                            "PctRow4" : 0,
                            "PctRow5" : 0,
                            "PctRow6" : 0,
                            "PctRow7" : 0,
                            "PctRow8" : 0,
                            "PrintMarginLeftRight" : 0.5,
                            "PrintMarginTopBottom" : 0.5,
                            "PrintWidth" : 650,
                            "ResponsiveLayout" : true,
                            "RightSidebar" : false,
                            "RightSidebarWidth" : 0,
                            "Rows" : 1,
                            "ShowDataLoading" : true,
                            "Spacing" : 2,
                            "Top" : 45,
                            "Type" : "layout",
                            "Visible" : true,
                            "Z-index" : 10,
                            "__TypeDisplayName" : "Layout"
                          },
                          "Widgets" : [ {
                            "Properties" : {
                              "AnimateExpandCollapse" : true,
                              "Area" : "UI",
                              "BGImageRepeat" : "no-repeat",
                              "BGImageSize" : "auto",
                              "DisplayName" : "Row 1",
                              "ExpandCollapseTabLocation" : "outside",
                              "Expanded" : true,
                              "Id" : "container-58",
                              "MinHeight" : 0,
                              "MinWidth" : 0,
                              "Overlay" : false,
                              "OverlayIsTransparent" : false,
                              "ResponsiveLayout" : true,
                              "ShowDataLoading" : true,
                              "ShowExpandCollapseTab" : false,
                              "Style" : "DefaultContainerStyle",
                              "TabCollapseStyle" : "DefaultTabCollapseStyle",
                              "TabExpandStyle" : "DefaultTabExpandStyle",
                              "TabHeight" : 36,
                              "TabLocation" : "center",
                              "TabOffset" : 0,
                              "TabWidth" : 36,
                              "Type" : "container",
                              "Visible" : true,
                              "Z-index" : 10,
                              "__TypeDisplayName" : "Container"
                            },
                            "Widgets" : [ {
                              "Properties" : {
                                "AnimationDuration" : 300,
                                "AnimationsEnabled" : true,
                                "Area" : "UI",
                                "Bordered" : true,
                                "DisplayName" : "D3Timeline-33",
                                "DragToZoom" : false,
                                "EnableTouchGestures" : true,
                                "EnableTrackGesturesPadAndWheel" : true,
                                "ExportFilename" : "export.png",
                                "Height" : 200,
                                "Id" : "D3Timeline-33",
                                "Left" : 615,
                                "RangeUpdateType" : "break",
                                "ResponsiveLayout" : true,
                                "SelectorHeight" : 20,
                                "ShowDataLoading" : true,
                                "ShowsSelector" : false,
                                "TimelineColorMap" : "{\"Cambio\": \"#c5c5c5\", \"XARELTO\": \"#00adef\", \"GLUCOBAY\": \"#002960\", \"NEXAVAR\": \"#f27f00\", \"ASPIRIN\": \"#6bc200\", \"ADALAT\": \"#9c27b0\", \"NIMOTOP\": \"#795548\", \"lightblue\": \"#03a9f4\", \"grey2\": \"#757575\"}",
                                "TimelineDurationField" : "duration",
                                "TimelineShowsXAxis" : true,
                                "TimelineStateField" : "colorState",
                                "TimelineXField" : "timestamp",
                                "TooltipMashupGravity" : "above",
                                "TooltipMashupHeight" : 200,
                                "TooltipMashupPropertyBinding" : "{}",
                                "TooltipMashupWidth" : 300,
                                "Top" : 190,
                                "Type" : "D3Timeline",
                                "Visible" : true,
                                "Width" : 500,
                                "Z-index" : 10,
                                "__TypeDisplayName" : "D3 Timeline"
                              },
                              "Widgets" : [ ]
                            } ]
                          }, {
                            "Properties" : {
                              "AnimateExpandCollapse" : true,
                              "Area" : "UI",
                              "BGImageRepeat" : "no-repeat",
                              "BGImageSize" : "auto",
                              "DisplayName" : "Footer",
                              "ExpandCollapseTabLocation" : "outside",
                              "Expanded" : true,
                              "Id" : "container-59",
                              "MinHeight" : 0,
                              "MinWidth" : 0,
                              "Overlay" : false,
                              "OverlayIsTransparent" : false,
                              "ResponsiveLayout" : true,
                              "ShowDataLoading" : true,
                              "ShowExpandCollapseTab" : false,
                              "Style" : "DefaultContainerStyle",
                              "TabCollapseStyle" : "DefaultTabCollapseStyle",
                              "TabExpandStyle" : "DefaultTabExpandStyle",
                              "TabHeight" : 36,
                              "TabLocation" : "center",
                              "TabOffset" : 0,
                              "TabWidth" : 36,
                              "Type" : "container",
                              "Visible" : true,
                              "Z-index" : 10,
                              "__TypeDisplayName" : "Container"
                            },
                            "Widgets" : [ {
                              "Properties" : {
                                "Area" : "UI",
                                "Columns" : 2,
                                "DisplayName" : "layout-60",
                                "Footer" : false,
                                "FooterHeight" : 0,
                                "Header" : false,
                                "HeaderHeight" : 0,
                                "Id" : "layout-60",
                                "IncludeSpacingInFixedAreas" : false,
                                "IsPrintLayout" : false,
                                "Left" : 530,
                                "LeftSidebar" : true,
                                "LeftSidebarWidth" : 150,
                                "Orientation" : "horizontal",
                                "PctColumn1" : 50,
                                "PctColumn2" : 50,
                                "PctColumn3" : 1,
                                "PctColumn4" : 1,
                                "PctColumn5" : 1,
                                "PctColumn6" : 1,
                                "PctColumn7" : 1,
                                "PctColumn8" : 1,
                                "PctRow1" : 50,
                                "PctRow2" : 50,
                                "PctRow3" : 0,
                                "PctRow4" : 0,
                                "PctRow5" : 0,
                                "PctRow6" : 0,
                                "PctRow7" : 0,
                                "PctRow8" : 0,
                                "PrintMarginLeftRight" : 0.5,
                                "PrintMarginTopBottom" : 0.5,
                                "PrintWidth" : 650,
                                "ResponsiveLayout" : true,
                                "RightSidebar" : true,
                                "RightSidebarWidth" : 100,
                                "Rows" : 0,
                                "ShowDataLoading" : true,
                                "Spacing" : 0,
                                "Top" : 30,
                                "Type" : "layout",
                                "Visible" : true,
                                "Z-index" : 10,
                                "__TypeDisplayName" : "Layout"
                              },
                              "Widgets" : [ {
                                "Properties" : {
                                  "AnimateExpandCollapse" : true,
                                  "Area" : "UI",
                                  "BGImageRepeat" : "no-repeat",
                                  "BGImageSize" : "auto",
                                  "DisplayName" : "Left Sidebar",
                                  "ExpandCollapseTabLocation" : "outside",
                                  "Expanded" : true,
                                  "Id" : "container-61",
                                  "MinHeight" : 0,
                                  "MinWidth" : 0,
                                  "Overlay" : false,
                                  "OverlayIsTransparent" : false,
                                  "ResponsiveLayout" : true,
                                  "ShowDataLoading" : true,
                                  "ShowExpandCollapseTab" : false,
                                  "Style" : "DefaultContainerStyle",
                                  "TabCollapseStyle" : "DefaultTabCollapseStyle",
                                  "TabExpandStyle" : "DefaultTabExpandStyle",
                                  "TabHeight" : 36,
                                  "TabLocation" : "center",
                                  "TabOffset" : 0,
                                  "TabWidth" : 36,
                                  "Type" : "container",
                                  "Visible" : true,
                                  "Z-index" : 10,
                                  "__TypeDisplayName" : "Container"
                                },
                                "Widgets" : [ ]
                              }, {
                                "Properties" : {
                                  "AnimateExpandCollapse" : true,
                                  "Area" : "UI",
                                  "BGImageRepeat" : "no-repeat",
                                  "BGImageSize" : "auto",
                                  "DisplayName" : "Column 1",
                                  "ExpandCollapseTabLocation" : "outside",
                                  "Expanded" : true,
                                  "Id" : "container-62",
                                  "MinHeight" : 0,
                                  "MinWidth" : 0,
                                  "Overlay" : false,
                                  "OverlayIsTransparent" : false,
                                  "ResponsiveLayout" : true,
                                  "ShowDataLoading" : true,
                                  "ShowExpandCollapseTab" : false,
                                  "Style" : "DefaultContainerStyle",
                                  "TabCollapseStyle" : "DefaultTabCollapseStyle",
                                  "TabExpandStyle" : "DefaultTabExpandStyle",
                                  "TabHeight" : 36,
                                  "TabLocation" : "center",
                                  "TabOffset" : 0,
                                  "TabWidth" : 36,
                                  "Type" : "container",
                                  "Visible" : true,
                                  "Z-index" : 10,
                                  "__TypeDisplayName" : "Container"
                                },
                                "Widgets" : [ {
                                  "Properties" : {
                                    "Area" : "UI",
                                    "Columns" : 1,
                                    "DisplayName" : "layout-65",
                                    "Footer" : false,
                                    "FooterHeight" : 0,
                                    "Header" : false,
                                    "HeaderHeight" : 0,
                                    "Id" : "layout-65",
                                    "IncludeSpacingInFixedAreas" : false,
                                    "IsPrintLayout" : false,
                                    "Left" : 135,
                                    "LeftSidebar" : true,
                                    "LeftSidebarWidth" : 30,
                                    "Orientation" : "horizontal",
                                    "PctColumn1" : 100,
                                    "PctColumn2" : 0,
                                    "PctColumn3" : 1,
                                    "PctColumn4" : 1,
                                    "PctColumn5" : 1,
                                    "PctColumn6" : 1,
                                    "PctColumn7" : 1,
                                    "PctColumn8" : 1,
                                    "PctRow1" : 50,
                                    "PctRow2" : 50,
                                    "PctRow3" : 0,
                                    "PctRow4" : 0,
                                    "PctRow5" : 0,
                                    "PctRow6" : 0,
                                    "PctRow7" : 0,
                                    "PctRow8" : 0,
                                    "PrintMarginLeftRight" : 0.5,
                                    "PrintMarginTopBottom" : 0.5,
                                    "PrintWidth" : 650,
                                    "ResponsiveLayout" : true,
                                    "RightSidebar" : false,
                                    "RightSidebarWidth" : 0,
                                    "Rows" : 0,
                                    "ShowDataLoading" : true,
                                    "Spacing" : 0,
                                    "Top" : 15,
                                    "Type" : "layout",
                                    "Visible" : true,
                                    "Z-index" : 10,
                                    "__TypeDisplayName" : "Layout"
                                  },
                                  "Widgets" : [ {
                                    "Properties" : {
                                      "AnimateExpandCollapse" : true,
                                      "Area" : "UI",
                                      "BGImageRepeat" : "no-repeat",
                                      "BGImageSize" : "auto",
                                      "DisplayName" : "Left Sidebar",
                                      "ExpandCollapseTabLocation" : "outside",
                                      "Expanded" : true,
                                      "Id" : "container-66",
                                      "MinHeight" : 0,
                                      "MinWidth" : 0,
                                      "Overlay" : false,
                                      "OverlayIsTransparent" : false,
                                      "ResponsiveLayout" : true,
                                      "ShowDataLoading" : true,
                                      "ShowExpandCollapseTab" : false,
                                      "Style" : "DefaultContainerStyle",
                                      "TabCollapseStyle" : "DefaultTabCollapseStyle",
                                      "TabExpandStyle" : "DefaultTabExpandStyle",
                                      "TabHeight" : 36,
                                      "TabLocation" : "center",
                                      "TabOffset" : 0,
                                      "TabWidth" : 36,
                                      "Type" : "container",
                                      "Visible" : true,
                                      "Z-index" : 10,
                                      "__TypeDisplayName" : "Container"
                                    },
                                    "Widgets" : [ {
                                      "Properties" : {
                                        "Area" : "UI",
                                        "DisplayName" : "panel-75",
                                        "Height" : 200,
                                        "HideScrollbars" : false,
                                        "HorizontalAnchor" : "left",
                                        "Id" : "panel-75",
                                        "Left" : 10,
                                        "ResponsiveLayout" : true,
                                        "ShowDataLoading" : true,
                                        "Style" : "DefaultContainerStyle",
                                        "Top" : 20,
                                        "Type" : "panel",
                                        "VerticalAnchor" : "top",
                                        "Visible" : true,
                                        "Width" : 300,
                                        "Z-index" : 10,
                                        "__TypeDisplayName" : "Panel"
                                      },
                                      "Widgets" : [ {
                                        "Properties" : {
                                          "Area" : "UI",
                                          "DisplayName" : "shape-68",
                                          "DynamicFillOrientation" : "vertical",
                                          "DynamicRangeMaximum" : 100,
                                          "DynamicRangeMinimum" : 0,
                                          "EnableDynamicFill" : false,
                                          "GradientOrientation" : "vertical",
                                          "GradientType" : "linear",
                                          "Height" : 20,
                                          "Id" : "shape-68",
                                          "Left" : 5,
                                          "RectangleCornerRadius" : 10,
                                          "ResponsiveLayout" : false,
                                          "ShapeFormatter_StateParameters" : [ ],
                                          "ShapeStyle" : "Bayer_Color_LightBlue",
                                          "ShapeType" : "rectangle",
                                          "ShowDataLoading" : true,
                                          "Top" : 5,
                                          "Type" : "shape",
                                          "UnfilledBackgroundStyle" : "DefaultShapeUnfilledBackgroundStyle",
                                          "Visible" : true,
                                          "Width" : 20,
                                          "Z-index" : 10,
                                          "__TypeDisplayName" : "Shape"
                                        },
                                        "Widgets" : [ ]
                                      } ]
                                    } ]
                                  }, {
                                    "Properties" : {
                                      "AnimateExpandCollapse" : true,
                                      "Area" : "UI",
                                      "BGImageRepeat" : "no-repeat",
                                      "BGImageSize" : "auto",
                                      "DisplayName" : "Column 1",
                                      "ExpandCollapseTabLocation" : "outside",
                                      "Expanded" : true,
                                      "Id" : "container-67",
                                      "MinHeight" : 0,
                                      "MinWidth" : 0,
                                      "Overlay" : false,
                                      "OverlayIsTransparent" : false,
                                      "ResponsiveLayout" : true,
                                      "ShowDataLoading" : true,
                                      "ShowExpandCollapseTab" : false,
                                      "Style" : "DefaultContainerStyle",
                                      "TabCollapseStyle" : "DefaultTabCollapseStyle",
                                      "TabExpandStyle" : "DefaultTabExpandStyle",
                                      "TabHeight" : 36,
                                      "TabLocation" : "center",
                                      "TabOffset" : 0,
                                      "TabWidth" : 36,
                                      "Type" : "container",
                                      "Visible" : true,
                                      "Z-index" : 10,
                                      "__TypeDisplayName" : "Container"
                                    },
                                    "Widgets" : [ {
                                      "Properties" : {
                                        "Alignment" : "left",
                                        "Area" : "UI",
                                        "BackgroundFill" : "content",
                                        "DisplayName" : "valuedisplay-69",
                                        "Height" : 22,
                                        "Id" : "valuedisplay-69",
                                        "ImageScaling" : "Width",
                                        "Label" : "",
                                        "LabelAlignment" : "left",
                                        "Left" : 105,
                                        "Overflow" : "hidden",
                                        "ResponsiveLayout" : true,
                                        "ShowDataLoading" : true,
                                        "TextIfNoValue" : "Running",
                                        "TextIfNoValueOffset" : 0,
                                        "TextIfNoValueStyle" : "Bayer_PanelTitle",
                                        "TextWrap" : true,
                                        "ToolTipField" : "",
                                        "ToolTipStyle" : "DefaultTooltipStyle",
                                        "Top" : 20,
                                        "Type" : "valuedisplay",
                                        "ValueDisplayLabelStyle" : "DefaultWidgetLabelStyle",
                                        "ValueDisplayStyle" : "DefaultValueDisplayStyle",
                                        "VerticalAlignment" : "middle",
                                        "Visible" : true,
                                        "Width" : 100,
                                        "Z-index" : 10,
                                        "__TypeDisplayName" : "Value Display",
                                        "__supportsLabel" : true,
                                        "__supportsTooltip" : true
                                      },
                                      "Widgets" : [ ]
                                    } ]
                                  } ]
                                } ]
                              }, {
                                "Properties" : {
                                  "AnimateExpandCollapse" : true,
                                  "Area" : "UI",
                                  "BGImageRepeat" : "no-repeat",
                                  "BGImageSize" : "auto",
                                  "DisplayName" : "Column 2",
                                  "ExpandCollapseTabLocation" : "outside",
                                  "Expanded" : true,
                                  "Id" : "container-63",
                                  "MinHeight" : 0,
                                  "MinWidth" : 0,
                                  "Overlay" : false,
                                  "OverlayIsTransparent" : false,
                                  "ResponsiveLayout" : true,
                                  "ShowDataLoading" : true,
                                  "ShowExpandCollapseTab" : false,
                                  "Style" : "DefaultContainerStyle",
                                  "TabCollapseStyle" : "DefaultTabCollapseStyle",
                                  "TabExpandStyle" : "DefaultTabExpandStyle",
                                  "TabHeight" : 36,
                                  "TabLocation" : "center",
                                  "TabOffset" : 0,
                                  "TabWidth" : 36,
                                  "Type" : "container",
                                  "Visible" : true,
                                  "Z-index" : 10,
                                  "__TypeDisplayName" : "Container"
                                },
                                "Widgets" : [ {
                                  "Properties" : {
                                    "Area" : "UI",
                                    "Columns" : 1,
                                    "DisplayName" : "layout-76",
                                    "Footer" : false,
                                    "FooterHeight" : 0,
                                    "Header" : false,
                                    "HeaderHeight" : 0,
                                    "Id" : "layout-76",
                                    "IncludeSpacingInFixedAreas" : false,
                                    "IsPrintLayout" : false,
                                    "Left" : 135,
                                    "LeftSidebar" : true,
                                    "LeftSidebarWidth" : 30,
                                    "Orientation" : "horizontal",
                                    "PctColumn1" : 100,
                                    "PctColumn2" : 0,
                                    "PctColumn3" : 1,
                                    "PctColumn4" : 1,
                                    "PctColumn5" : 1,
                                    "PctColumn6" : 1,
                                    "PctColumn7" : 1,
                                    "PctColumn8" : 1,
                                    "PctRow1" : 50,
                                    "PctRow2" : 50,
                                    "PctRow3" : 0,
                                    "PctRow4" : 0,
                                    "PctRow5" : 0,
                                    "PctRow6" : 0,
                                    "PctRow7" : 0,
                                    "PctRow8" : 0,
                                    "PrintMarginLeftRight" : 0.5,
                                    "PrintMarginTopBottom" : 0.5,
                                    "PrintWidth" : 650,
                                    "ResponsiveLayout" : true,
                                    "RightSidebar" : false,
                                    "RightSidebarWidth" : 0,
                                    "Rows" : 0,
                                    "ShowDataLoading" : true,
                                    "Spacing" : 0,
                                    "Top" : 15,
                                    "Type" : "layout",
                                    "Visible" : true,
                                    "Z-index" : 10,
                                    "__TypeDisplayName" : "Layout"
                                  },
                                  "Widgets" : [ {
                                    "Properties" : {
                                      "AnimateExpandCollapse" : true,
                                      "Area" : "UI",
                                      "BGImageRepeat" : "no-repeat",
                                      "BGImageSize" : "auto",
                                      "DisplayName" : "Left Sidebar",
                                      "ExpandCollapseTabLocation" : "outside",
                                      "Expanded" : true,
                                      "Id" : "container-77",
                                      "MinHeight" : 0,
                                      "MinWidth" : 0,
                                      "Overlay" : false,
                                      "OverlayIsTransparent" : false,
                                      "ResponsiveLayout" : true,
                                      "ShowDataLoading" : true,
                                      "ShowExpandCollapseTab" : false,
                                      "Style" : "DefaultContainerStyle",
                                      "TabCollapseStyle" : "DefaultTabCollapseStyle",
                                      "TabExpandStyle" : "DefaultTabExpandStyle",
                                      "TabHeight" : 36,
                                      "TabLocation" : "center",
                                      "TabOffset" : 0,
                                      "TabWidth" : 36,
                                      "Type" : "container",
                                      "Visible" : true,
                                      "Z-index" : 10,
                                      "__TypeDisplayName" : "Container"
                                    },
                                    "Widgets" : [ {
                                      "Properties" : {
                                        "Area" : "UI",
                                        "DisplayName" : "panel-78",
                                        "Height" : 200,
                                        "HideScrollbars" : false,
                                        "HorizontalAnchor" : "left",
                                        "Id" : "panel-78",
                                        "Left" : 10,
                                        "ResponsiveLayout" : true,
                                        "ShowDataLoading" : true,
                                        "Style" : "DefaultContainerStyle",
                                        "Top" : 20,
                                        "Type" : "panel",
                                        "VerticalAnchor" : "top",
                                        "Visible" : true,
                                        "Width" : 300,
                                        "Z-index" : 10,
                                        "__TypeDisplayName" : "Panel"
                                      },
                                      "Widgets" : [ {
                                        "Properties" : {
                                          "Area" : "UI",
                                          "DisplayName" : "shape-79",
                                          "DynamicFillOrientation" : "vertical",
                                          "DynamicRangeMaximum" : 100,
                                          "DynamicRangeMinimum" : 0,
                                          "EnableDynamicFill" : false,
                                          "GradientOrientation" : "vertical",
                                          "GradientType" : "linear",
                                          "Height" : 20,
                                          "Id" : "shape-79",
                                          "Left" : 5,
                                          "RectangleCornerRadius" : 10,
                                          "ResponsiveLayout" : false,
                                          "ShapeFormatter_StateParameters" : [ ],
                                          "ShapeStyle" : "Bayer_Color_Grey2",
                                          "ShapeType" : "rectangle",
                                          "ShowDataLoading" : true,
                                          "Top" : 5,
                                          "Type" : "shape",
                                          "UnfilledBackgroundStyle" : "DefaultShapeUnfilledBackgroundStyle",
                                          "Visible" : true,
                                          "Width" : 20,
                                          "Z-index" : 10,
                                          "__TypeDisplayName" : "Shape"
                                        },
                                        "Widgets" : [ ]
                                      } ]
                                    } ]
                                  }, {
                                    "Properties" : {
                                      "AnimateExpandCollapse" : true,
                                      "Area" : "UI",
                                      "BGImageRepeat" : "no-repeat",
                                      "BGImageSize" : "auto",
                                      "DisplayName" : "Column",
                                      "ExpandCollapseTabLocation" : "outside",
                                      "Expanded" : true,
                                      "Id" : "container-80",
                                      "MinHeight" : 0,
                                      "MinWidth" : 0,
                                      "Overlay" : false,
                                      "OverlayIsTransparent" : false,
                                      "ResponsiveLayout" : true,
                                      "ShowDataLoading" : true,
                                      "ShowExpandCollapseTab" : false,
                                      "Style" : "DefaultContainerStyle",
                                      "TabCollapseStyle" : "DefaultTabCollapseStyle",
                                      "TabExpandStyle" : "DefaultTabExpandStyle",
                                      "TabHeight" : 36,
                                      "TabLocation" : "center",
                                      "TabOffset" : 0,
                                      "TabWidth" : 36,
                                      "Type" : "container",
                                      "Visible" : true,
                                      "Z-index" : 10,
                                      "__TypeDisplayName" : "Container"
                                    },
                                    "Widgets" : [ {
                                      "Properties" : {
                                        "Alignment" : "left",
                                        "Area" : "UI",
                                        "BackgroundFill" : "content",
                                        "DisplayName" : "valuedisplay-81",
                                        "Height" : 22,
                                        "Id" : "valuedisplay-81",
                                        "ImageScaling" : "Width",
                                        "Label" : "",
                                        "LabelAlignment" : "left",
                                        "Left" : 105,
                                        "Overflow" : "hidden",
                                        "ResponsiveLayout" : true,
                                        "ShowDataLoading" : true,
                                        "TextIfNoValue" : "Stopped",
                                        "TextIfNoValueOffset" : 0,
                                        "TextIfNoValueStyle" : "Bayer_PanelTitle",
                                        "TextWrap" : true,
                                        "ToolTipField" : "",
                                        "ToolTipStyle" : "DefaultTooltipStyle",
                                        "Top" : 20,
                                        "Type" : "valuedisplay",
                                        "ValueDisplayLabelStyle" : "DefaultWidgetLabelStyle",
                                        "ValueDisplayStyle" : "DefaultValueDisplayStyle",
                                        "VerticalAlignment" : "middle",
                                        "Visible" : true,
                                        "Width" : 100,
                                        "Z-index" : 10,
                                        "__TypeDisplayName" : "Value Display",
                                        "__supportsLabel" : true,
                                        "__supportsTooltip" : true
                                      },
                                      "Widgets" : [ ]
                                    } ]
                                  } ]
                                } ]
                              }, {
                                "Properties" : {
                                  "AnimateExpandCollapse" : true,
                                  "Area" : "UI",
                                  "BGImageRepeat" : "no-repeat",
                                  "BGImageSize" : "auto",
                                  "DisplayName" : "Right Sidebar",
                                  "ExpandCollapseTabLocation" : "outside",
                                  "Expanded" : true,
                                  "Id" : "container-64",
                                  "MinHeight" : 0,
                                  "MinWidth" : 0,
                                  "Overlay" : false,
                                  "OverlayIsTransparent" : false,
                                  "ResponsiveLayout" : true,
                                  "ShowDataLoading" : true,
                                  "ShowExpandCollapseTab" : false,
                                  "Style" : "DefaultContainerStyle",
                                  "TabCollapseStyle" : "DefaultTabCollapseStyle",
                                  "TabExpandStyle" : "DefaultTabExpandStyle",
                                  "TabHeight" : 36,
                                  "TabLocation" : "center",
                                  "TabOffset" : 0,
                                  "TabWidth" : 36,
                                  "Type" : "container",
                                  "Visible" : true,
                                  "Z-index" : 10,
                                  "__TypeDisplayName" : "Container"
                                },
                                "Widgets" : [ ]
                              } ]
                            } ]
                          } ]
                        } ]
                      }, {
                        "Properties" : {
                          "AnimateExpandCollapse" : true,
                          "Area" : "UI",
                          "BGImageRepeat" : "no-repeat",
                          "BGImageSize" : "auto",
                          "DisplayName" : "Row 1",
                          "ExpandCollapseTabLocation" : "outside",
                          "Expanded" : true,
                          "Id" : "container-27",
                          "MinHeight" : 0,
                          "MinWidth" : 0,
                          "Overlay" : false,
                          "OverlayIsTransparent" : false,
                          "ResponsiveLayout" : true,
                          "ShowDataLoading" : true,
                          "ShowExpandCollapseTab" : false,
                          "Style" : "DefaultContainerStyle",
                          "TabCollapseStyle" : "DefaultTabCollapseStyle",
                          "TabExpandStyle" : "DefaultTabExpandStyle",
                          "TabHeight" : 36,
                          "TabLocation" : "center",
                          "TabOffset" : 0,
                          "TabWidth" : 36,
                          "Type" : "container",
                          "Visible" : true,
                          "Z-index" : 10,
                          "__TypeDisplayName" : "Container"
                        },
                        "Widgets" : [ {
                          "Properties" : {
                            "Area" : "UI",
                            "Columns" : 2,
                            "DisplayName" : "layout-37",
                            "Footer" : false,
                            "FooterHeight" : 0,
                            "Header" : false,
                            "HeaderHeight" : 0,
                            "Id" : "layout-37",
                            "IncludeSpacingInFixedAreas" : false,
                            "IsPrintLayout" : false,
                            "Left" : 265,
                            "LeftSidebar" : true,
                            "LeftSidebarWidth" : 100,
                            "Orientation" : "horizontal",
                            "PctColumn1" : 50,
                            "PctColumn2" : 50,
                            "PctColumn3" : 1,
                            "PctColumn4" : 1,
                            "PctColumn5" : 1,
                            "PctColumn6" : 1,
                            "PctColumn7" : 1,
                            "PctColumn8" : 1,
                            "PctRow1" : 50,
                            "PctRow2" : 50,
                            "PctRow3" : 0,
                            "PctRow4" : 0,
                            "PctRow5" : 0,
                            "PctRow6" : 0,
                            "PctRow7" : 0,
                            "PctRow8" : 0,
                            "PrintMarginLeftRight" : 0.5,
                            "PrintMarginTopBottom" : 0.5,
                            "PrintWidth" : 650,
                            "ResponsiveLayout" : true,
                            "RightSidebar" : false,
                            "RightSidebarWidth" : 0,
                            "Rows" : 0,
                            "ShowDataLoading" : true,
                            "Spacing" : 4,
                            "Top" : 125,
                            "Type" : "layout",
                            "Visible" : true,
                            "Z-index" : 10,
                            "__TypeDisplayName" : "Layout"
                          },
                          "Widgets" : [ {
                            "Properties" : {
                              "AnimateExpandCollapse" : true,
                              "Area" : "UI",
                              "BGImageRepeat" : "no-repeat",
                              "BGImageSize" : "auto",
                              "DisplayName" : "Left Sidebar",
                              "ExpandCollapseTabLocation" : "outside",
                              "Expanded" : true,
                              "Id" : "container-38",
                              "MinHeight" : 0,
                              "MinWidth" : 0,
                              "Overlay" : false,
                              "OverlayIsTransparent" : false,
                              "ResponsiveLayout" : true,
                              "ShowDataLoading" : true,
                              "ShowExpandCollapseTab" : false,
                              "Style" : "DefaultContainerStyle",
                              "TabCollapseStyle" : "DefaultTabCollapseStyle",
                              "TabExpandStyle" : "DefaultTabExpandStyle",
                              "TabHeight" : 36,
                              "TabLocation" : "center",
                              "TabOffset" : 0,
                              "TabWidth" : 36,
                              "Type" : "container",
                              "Visible" : true,
                              "Z-index" : 10,
                              "__TypeDisplayName" : "Container"
                            },
                            "Widgets" : [ ]
                          }, {
                            "Properties" : {
                              "AnimateExpandCollapse" : true,
                              "Area" : "UI",
                              "BGImageRepeat" : "no-repeat",
                              "BGImageSize" : "auto",
                              "DisplayName" : "Column",
                              "ExpandCollapseTabLocation" : "outside",
                              "Expanded" : true,
                              "Id" : "container-93",
                              "MinHeight" : 0,
                              "MinWidth" : 0,
                              "Overlay" : false,
                              "OverlayIsTransparent" : false,
                              "ResponsiveLayout" : true,
                              "ShowDataLoading" : true,
                              "ShowExpandCollapseTab" : false,
                              "Style" : "DefaultContainerStyle",
                              "TabCollapseStyle" : "DefaultTabCollapseStyle",
                              "TabExpandStyle" : "DefaultTabExpandStyle",
                              "TabHeight" : 36,
                              "TabLocation" : "center",
                              "TabOffset" : 0,
                              "TabWidth" : 36,
                              "Type" : "container",
                              "Visible" : true,
                              "Z-index" : 10,
                              "__TypeDisplayName" : "Container"
                            },
                            "Widgets" : [ {
                              "Properties" : {
                                "Area" : "UI",
                                "DisplayName" : "panel-82",
                                "Height" : 200,
                                "HideScrollbars" : false,
                                "HorizontalAnchor" : "left",
                                "Id" : "panel-82",
                                "Left" : 90,
                                "ResponsiveLayout" : true,
                                "ShowDataLoading" : true,
                                "Style" : "DefaultContainerStyle",
                                "Top" : 180,
                                "Type" : "panel",
                                "VerticalAnchor" : "top",
                                "Visible" : true,
                                "Width" : 300,
                                "Z-index" : 10,
                                "__TypeDisplayName" : "Panel"
                              },
                              "Widgets" : [ {
                                "Properties" : {
                                  "Alignment" : "left",
                                  "Area" : "UI",
                                  "BackgroundFill" : "content",
                                  "DisplayName" : "valuedisplay-84",
                                  "Height" : 22,
                                  "Id" : "valuedisplay-84",
                                  "ImageScaling" : "Width",
                                  "Label" : "Total Stops",
                                  "LabelAlignment" : "left",
                                  "Left" : 2,
                                  "Overflow" : "hidden",
                                  "ResponsiveLayout" : false,
                                  "ShowDataLoading" : true,
                                  "TextIfNoValue" : "2",
                                  "TextIfNoValueOffset" : 0,
                                  "TextIfNoValueStyle" : "Bayer_DefaultCellValueStyle",
                                  "TextWrap" : true,
                                  "ToolTipField" : "",
                                  "ToolTipStyle" : "DefaultTooltipStyle",
                                  "Top" : 2,
                                  "Type" : "valuedisplay",
                                  "ValueDisplayLabelStyle" : "Bayer_PanelTitle",
                                  "ValueDisplayStyle" : "DefaultValueDisplayStyle",
                                  "VerticalAlignment" : "middle",
                                  "Visible" : true,
                                  "Width" : 100,
                                  "Z-index" : 10,
                                  "__TypeDisplayName" : "Value Display",
                                  "__supportsLabel" : true,
                                  "__supportsTooltip" : true
                                },
                                "Widgets" : [ ]
                              }, {
                                "Properties" : {
                                  "Alignment" : "left",
                                  "Area" : "UI",
                                  "BackgroundFill" : "content",
                                  "DisplayName" : "valuedisplay-86",
                                  "Height" : 22,
                                  "Id" : "valuedisplay-86",
                                  "ImageScaling" : "Width",
                                  "Label" : "Total Stop Duration (min)",
                                  "LabelAlignment" : "left",
                                  "Left" : 2,
                                  "Overflow" : "hidden",
                                  "ResponsiveLayout" : false,
                                  "ShowDataLoading" : true,
                                  "TextIfNoValue" : "2",
                                  "TextIfNoValueOffset" : 0,
                                  "TextIfNoValueStyle" : "Bayer_DefaultCellValueStyle",
                                  "TextWrap" : true,
                                  "ToolTipField" : "",
                                  "ToolTipStyle" : "DefaultTooltipStyle",
                                  "Top" : 70,
                                  "Type" : "valuedisplay",
                                  "ValueDisplayLabelStyle" : "Bayer_PanelTitle",
                                  "ValueDisplayStyle" : "DefaultValueDisplayStyle",
                                  "VerticalAlignment" : "middle",
                                  "Visible" : true,
                                  "Width" : 205,
                                  "Z-index" : 10,
                                  "__TypeDisplayName" : "Value Display",
                                  "__supportsLabel" : true,
                                  "__supportsTooltip" : true
                                },
                                "Widgets" : [ ]
                              } ]
                            } ]
                          }, {
                            "Properties" : {
                              "AnimateExpandCollapse" : true,
                              "Area" : "UI",
                              "BGImageRepeat" : "no-repeat",
                              "BGImageSize" : "auto",
                              "DisplayName" : "Column 1",
                              "ExpandCollapseTabLocation" : "outside",
                              "Expanded" : true,
                              "Id" : "container-39",
                              "MinHeight" : 0,
                              "MinWidth" : 0,
                              "Overlay" : false,
                              "OverlayIsTransparent" : false,
                              "ResponsiveLayout" : true,
                              "ShowDataLoading" : true,
                              "ShowExpandCollapseTab" : false,
                              "Style" : "DefaultContainerStyle",
                              "TabCollapseStyle" : "DefaultTabCollapseStyle",
                              "TabExpandStyle" : "DefaultTabExpandStyle",
                              "TabHeight" : 36,
                              "TabLocation" : "center",
                              "TabOffset" : 0,
                              "TabWidth" : 36,
                              "Type" : "container",
                              "Visible" : true,
                              "Z-index" : 10,
                              "__TypeDisplayName" : "Container"
                            },
                            "Widgets" : [ {
                              "Properties" : {
                                "Area" : "UI",
                                "Columns" : 1,
                                "DisplayName" : "layout-40",
                                "Footer" : false,
                                "FooterHeight" : 0,
                                "Header" : false,
                                "HeaderHeight" : 0,
                                "Id" : "layout-40",
                                "IncludeSpacingInFixedAreas" : false,
                                "IsPrintLayout" : false,
                                "Left" : 715,
                                "LeftSidebar" : true,
                                "LeftSidebarWidth" : 150,
                                "Orientation" : "horizontal",
                                "PctColumn1" : 100,
                                "PctColumn2" : 0,
                                "PctColumn3" : 1,
                                "PctColumn4" : 1,
                                "PctColumn5" : 1,
                                "PctColumn6" : 1,
                                "PctColumn7" : 1,
                                "PctColumn8" : 1,
                                "PctRow1" : 50,
                                "PctRow2" : 50,
                                "PctRow3" : 0,
                                "PctRow4" : 0,
                                "PctRow5" : 0,
                                "PctRow6" : 0,
                                "PctRow7" : 0,
                                "PctRow8" : 0,
                                "PrintMarginLeftRight" : 0.5,
                                "PrintMarginTopBottom" : 0.5,
                                "PrintWidth" : 650,
                                "ResponsiveLayout" : true,
                                "RightSidebar" : false,
                                "RightSidebarWidth" : 0,
                                "Rows" : 0,
                                "ShowDataLoading" : true,
                                "Spacing" : 0,
                                "Top" : 115,
                                "Type" : "layout",
                                "Visible" : true,
                                "Z-index" : 10,
                                "__TypeDisplayName" : "Layout"
                              },
                              "Widgets" : [ {
                                "Properties" : {
                                  "AnimateExpandCollapse" : true,
                                  "Area" : "UI",
                                  "BGImageRepeat" : "no-repeat",
                                  "BGImageSize" : "auto",
                                  "DisplayName" : "Left Sidebar",
                                  "ExpandCollapseTabLocation" : "outside",
                                  "Expanded" : true,
                                  "Id" : "container-41",
                                  "MinHeight" : 0,
                                  "MinWidth" : 0,
                                  "Overlay" : false,
                                  "OverlayIsTransparent" : false,
                                  "ResponsiveLayout" : true,
                                  "ShowDataLoading" : true,
                                  "ShowExpandCollapseTab" : false,
                                  "Style" : "DefaultContainerStyle",
                                  "TabCollapseStyle" : "DefaultTabCollapseStyle",
                                  "TabExpandStyle" : "DefaultTabExpandStyle",
                                  "TabHeight" : 36,
                                  "TabLocation" : "center",
                                  "TabOffset" : 0,
                                  "TabWidth" : 36,
                                  "Type" : "container",
                                  "Visible" : true,
                                  "Z-index" : 10,
                                  "__TypeDisplayName" : "Container"
                                },
                                "Widgets" : [ {
                                  "Properties" : {
                                    "Area" : "UI",
                                    "Columns" : 0,
                                    "DisplayName" : "layout-88",
                                    "Footer" : false,
                                    "FooterHeight" : 0,
                                    "Header" : true,
                                    "HeaderHeight" : 40,
                                    "Id" : "layout-88",
                                    "IncludeSpacingInFixedAreas" : false,
                                    "IsPrintLayout" : false,
                                    "Left" : 50,
                                    "LeftSidebar" : false,
                                    "LeftSidebarWidth" : 0,
                                    "Orientation" : "vertical",
                                    "PctColumn1" : 50,
                                    "PctColumn2" : 50,
                                    "PctColumn3" : 1,
                                    "PctColumn4" : 1,
                                    "PctColumn5" : 1,
                                    "PctColumn6" : 1,
                                    "PctColumn7" : 1,
                                    "PctColumn8" : 1,
                                    "PctRow1" : 100,
                                    "PctRow2" : 0,
                                    "PctRow3" : 0,
                                    "PctRow4" : 0,
                                    "PctRow5" : 0,
                                    "PctRow6" : 0,
                                    "PctRow7" : 0,
                                    "PctRow8" : 0,
                                    "PrintMarginLeftRight" : 0.5,
                                    "PrintMarginTopBottom" : 0.5,
                                    "PrintWidth" : 650,
                                    "ResponsiveLayout" : true,
                                    "RightSidebar" : false,
                                    "RightSidebarWidth" : 0,
                                    "Rows" : 1,
                                    "ShowDataLoading" : true,
                                    "Spacing" : 2,
                                    "Top" : 90,
                                    "Type" : "layout",
                                    "Visible" : true,
                                    "Z-index" : 10,
                                    "__TypeDisplayName" : "Layout"
                                  },
                                  "Widgets" : [ {
                                    "Properties" : {
                                      "AnimateExpandCollapse" : true,
                                      "Area" : "UI",
                                      "BGImageRepeat" : "no-repeat",
                                      "BGImageSize" : "auto",
                                      "DisplayName" : "Header",
                                      "ExpandCollapseTabLocation" : "outside",
                                      "Expanded" : true,
                                      "Id" : "container-89",
                                      "MinHeight" : 0,
                                      "MinWidth" : 0,
                                      "Overlay" : false,
                                      "OverlayIsTransparent" : false,
                                      "ResponsiveLayout" : true,
                                      "ShowDataLoading" : true,
                                      "ShowExpandCollapseTab" : false,
                                      "Style" : "DefaultContainerStyle",
                                      "TabCollapseStyle" : "DefaultTabCollapseStyle",
                                      "TabExpandStyle" : "DefaultTabExpandStyle",
                                      "TabHeight" : 36,
                                      "TabLocation" : "center",
                                      "TabOffset" : 0,
                                      "TabWidth" : 36,
                                      "Type" : "container",
                                      "Visible" : true,
                                      "Z-index" : 10,
                                      "__TypeDisplayName" : "Container"
                                    },
                                    "Widgets" : [ {
                                      "Properties" : {
                                        "Alignment" : "left",
                                        "Area" : "UI",
                                        "BackgroundFill" : "content",
                                        "DisplayName" : "valuedisplay-91",
                                        "Height" : 22,
                                        "Id" : "valuedisplay-91",
                                        "ImageScaling" : "Width",
                                        "Label" : "",
                                        "LabelAlignment" : "left",
                                        "Left" : 105,
                                        "Overflow" : "hidden",
                                        "ResponsiveLayout" : true,
                                        "ShowDataLoading" : true,
                                        "TextIfNoValue" : "Reason Codes",
                                        "TextIfNoValueOffset" : 0,
                                        "TextIfNoValueStyle" : "Bayer_PanelTitle",
                                        "TextWrap" : true,
                                        "ToolTipField" : "",
                                        "ToolTipStyle" : "DefaultTooltipStyle",
                                        "Top" : 5,
                                        "Type" : "valuedisplay",
                                        "ValueDisplayLabelStyle" : "DefaultWidgetLabelStyle",
                                        "ValueDisplayStyle" : "DefaultValueDisplayStyle",
                                        "VerticalAlignment" : "middle",
                                        "Visible" : true,
                                        "Width" : 100,
                                        "Z-index" : 10,
                                        "__TypeDisplayName" : "Value Display",
                                        "__supportsLabel" : true,
                                        "__supportsTooltip" : true
                                      },
                                      "Widgets" : [ ]
                                    } ]
                                  }, {
                                    "Properties" : {
                                      "AnimateExpandCollapse" : true,
                                      "Area" : "UI",
                                      "BGImageRepeat" : "no-repeat",
                                      "BGImageSize" : "auto",
                                      "DisplayName" : "Row 1",
                                      "ExpandCollapseTabLocation" : "outside",
                                      "Expanded" : true,
                                      "Id" : "container-90",
                                      "MinHeight" : 0,
                                      "MinWidth" : 0,
                                      "Overlay" : false,
                                      "OverlayIsTransparent" : false,
                                      "ResponsiveLayout" : true,
                                      "ShowDataLoading" : true,
                                      "ShowExpandCollapseTab" : false,
                                      "Style" : "DefaultContainerStyle",
                                      "TabCollapseStyle" : "DefaultTabCollapseStyle",
                                      "TabExpandStyle" : "DefaultTabExpandStyle",
                                      "TabHeight" : 36,
                                      "TabLocation" : "center",
                                      "TabOffset" : 0,
                                      "TabWidth" : 36,
                                      "Type" : "container",
                                      "Visible" : true,
                                      "Z-index" : 10,
                                      "__TypeDisplayName" : "Container"
                                    },
                                    "Widgets" : [ {
                                      "Properties" : {
                                        "Alignment" : "left",
                                        "Area" : "UI",
                                        "BackgroundFill" : "content",
                                        "DisplayName" : "valuedisplay-92",
                                        "Height" : 22,
                                        "Id" : "valuedisplay-92",
                                        "ImageScaling" : "Width",
                                        "Label" : "",
                                        "LabelAlignment" : "left",
                                        "Left" : 55,
                                        "Overflow" : "hidden",
                                        "ResponsiveLayout" : true,
                                        "ShowDataLoading" : true,
                                        "TextIfNoValue" : "Mechanical Failure Scheduling Change",
                                        "TextIfNoValueOffset" : 0,
                                        "TextIfNoValueStyle" : "Bayer_DefaultCellValueStyle",
                                        "TextWrap" : true,
                                        "ToolTipField" : "",
                                        "ToolTipStyle" : "DefaultTooltipStyle",
                                        "Top" : 125,
                                        "Type" : "valuedisplay",
                                        "ValueDisplayLabelStyle" : "DefaultWidgetLabelStyle",
                                        "ValueDisplayStyle" : "DefaultValueDisplayStyle",
                                        "VerticalAlignment" : "top",
                                        "Visible" : true,
                                        "Width" : 100,
                                        "Z-index" : 10,
                                        "__TypeDisplayName" : "Value Display",
                                        "__supportsLabel" : true,
                                        "__supportsTooltip" : true
                                      },
                                      "Widgets" : [ ]
                                    } ]
                                  } ]
                                } ]
                              }, {
                                "Properties" : {
                                  "AnimateExpandCollapse" : true,
                                  "Area" : "UI",
                                  "BGImageRepeat" : "no-repeat",
                                  "BGImageSize" : "auto",
                                  "DisplayName" : "Column 1",
                                  "ExpandCollapseTabLocation" : "outside",
                                  "Expanded" : true,
                                  "Id" : "container-42",
                                  "MinHeight" : 0,
                                  "MinWidth" : 0,
                                  "Overlay" : false,
                                  "OverlayIsTransparent" : false,
                                  "ResponsiveLayout" : true,
                                  "ShowDataLoading" : true,
                                  "ShowExpandCollapseTab" : false,
                                  "Style" : "DefaultContainerStyle",
                                  "TabCollapseStyle" : "DefaultTabCollapseStyle",
                                  "TabExpandStyle" : "DefaultTabExpandStyle",
                                  "TabHeight" : 36,
                                  "TabLocation" : "center",
                                  "TabOffset" : 0,
                                  "TabWidth" : 36,
                                  "Type" : "container",
                                  "Visible" : true,
                                  "Z-index" : 10,
                                  "__TypeDisplayName" : "Container"
                                },
                                "Widgets" : [ ]
                              } ]
                            } ]
                          } ]
                        } ]
                      } ]
                    } ]
                  } ]
                } ]
              },
              "mashupType" : "mashup"
            }
            ]]>
            </mashupContent>
            <preview></preview>
        </Mashup>
    </Mashups>
</Entities>
