<?xml version="1.0" encoding="UTF-8"?>
<Entities
 build="b222"
 majorVersion="8"
 minorVersion="5"
 modelPersistenceProviderPackage="PostgresPersistenceProviderPackage"
 revision="4"
 schemaVersion="1053"
 universal="">
    <Mashups>
        <Mashup
         aspect.isResponsive="true"
         aspect.mashupType="mashup"
         columns="0.0"
         description=""
         documentationContent=""
         homeMashup=""
         lastModifiedDate="2020-06-09T13:26:55.367Z"
         name="BayerCustomChangeoverConfigFormatsPopup"
         projectName="BayerIoT"
         rows="0.0"
         tags="Applications:Bayer">
            <avatar></avatar>
            <DesignTimePermissions>
                <Create></Create>
                <Read></Read>
                <Update></Update>
                <Delete></Delete>
                <Metadata></Metadata>
            </DesignTimePermissions>
            <RunTimePermissions></RunTimePermissions>
            <VisibilityPermissions>
                <Visibility>
                    <Principal
                     isPermitted="true"
                     name="Bayer:PerformanceDashboard"
                     type="OrganizationalUnit"></Principal>
                </Visibility>
            </VisibilityPermissions>
            <ConfigurationTableDefinitions></ConfigurationTableDefinitions>
            <ConfigurationTables></ConfigurationTables>
            <ParameterDefinitions>
                <FieldDefinition
                 aspect.bindingDirection="BOTH"
                 aspect.isMandatory="false"
                 aspect.ordinal="5"
                 baseType="STRING"
                 description=""
                 name="blisterSize"
                 ordinal="0"></FieldDefinition>
                <FieldDefinition
                 aspect.bindingDirection="BOTH"
                 aspect.isMandatory="false"
                 aspect.ordinal="7"
                 baseType="STRING"
                 description=""
                 name="blistersPerFoldedBox"
                 ordinal="0"></FieldDefinition>
                <FieldDefinition
                 aspect.bindingDirection="BOTH"
                 aspect.isMandatory="false"
                 aspect.ordinal="3"
                 baseType="STRING"
                 description=""
                 name="blisterType"
                 ordinal="0"></FieldDefinition>
                <FieldDefinition
                 aspect.bindingDirection="BOTH"
                 aspect.isMandatory="false"
                 aspect.ordinal="8"
                 baseType="STRING"
                 description=""
                 name="bundleFormat"
                 ordinal="0"></FieldDefinition>
                <FieldDefinition
                 aspect.bindingDirection="BOTH"
                 aspect.isMandatory="false"
                 aspect.ordinal="12"
                 baseType="STRING"
                 description=""
                 name="clickedButton"
                 ordinal="0"></FieldDefinition>
                <FieldDefinition
                 aspect.bindingDirection="BOTH"
                 aspect.isMandatory="false"
                 aspect.ordinal="6"
                 baseType="STRING"
                 description=""
                 name="foldedBoxFormat"
                 ordinal="0"></FieldDefinition>
                <FieldDefinition
                 aspect.bindingDirection="BOTH"
                 aspect.isMandatory="false"
                 aspect.ordinal="0"
                 baseType="STRING"
                 description=""
                 name="formatType"
                 ordinal="0"></FieldDefinition>
                <FieldDefinition
                 aspect.bindingDirection="BOTH"
                 aspect.isMandatory="false"
                 aspect.ordinal="4"
                 baseType="STRING"
                 description=""
                 name="groundFoil"
                 ordinal="0"></FieldDefinition>
                <FieldDefinition
                 aspect.bindingDirection="BOTH"
                 aspect.isMandatory="false"
                 aspect.ordinal="10"
                 baseType="BOOLEAN"
                 description=""
                 name="ifEditClicked"
                 ordinal="0"></FieldDefinition>
                <FieldDefinition
                 aspect.bindingDirection="BOTH"
                 aspect.isMandatory="false"
                 aspect.ordinal="11"
                 baseType="BOOLEAN"
                 description=""
                 name="ifOKClicked"
                 ordinal="0"></FieldDefinition>
                <FieldDefinition
                 aspect.bindingDirection="BOTH"
                 aspect.isMandatory="false"
                 aspect.ordinal="2"
                 baseType="STRING"
                 description=""
                 name="productDescription"
                 ordinal="0"></FieldDefinition>
                <FieldDefinition
                 aspect.bindingDirection="BOTH"
                 aspect.isMandatory="false"
                 aspect.ordinal="1"
                 baseType="STRING"
                 description=""
                 name="productId"
                 ordinal="0"></FieldDefinition>
                <FieldDefinition
                 aspect.bindingDirection="BOTH"
                 aspect.isMandatory="false"
                 aspect.ordinal="13"
                 baseType="STRING"
                 description=""
                 name="productType"
                 ordinal="0"></FieldDefinition>
                <FieldDefinition
                 aspect.bindingDirection="BOTH"
                 aspect.isMandatory="false"
                 aspect.ordinal="14"
                 baseType="STRING"
                 description=""
                 name="selectedKey"
                 ordinal="0"></FieldDefinition>
                <FieldDefinition
                 aspect.bindingDirection="BOTH"
                 aspect.isMandatory="false"
                 aspect.ordinal="9"
                 baseType="STRING"
                 description=""
                 name="taNumber"
                 ordinal="0"></FieldDefinition>
            </ParameterDefinitions>
            <Things>
                <Thing>BayerProductFormatsDataTable</Thing>
            </Things>
            <ThingShapes></ThingShapes>
            <ThingTemplates></ThingTemplates>
            <mashupContent>
            <![CDATA[
            {
              "CustomMashupCss" : "",
              "Data" : {
                "DynamicThings_BayerDBDataProvider" : {
                  "DataName" : "DynamicThings_BayerDBDataProvider",
                  "EntityName" : "BayerDBDataProvider",
                  "EntityType" : "DynamicThings",
                  "Id" : "229ce7b1-11e6-408a-b96e-39ffac55b38c",
                  "Services" : [ ]
                },
                "Session" : {
                  "DataName" : "Session",
                  "EntityName" : "",
                  "EntityType" : "Session",
                  "Id" : "session",
                  "Services" : [ {
                    "APIMethod" : "post",
                    "Characteristic" : "Services",
                    "Id" : "SessionInterface",
                    "Name" : "GetGlobalSessionValues",
                    "Parameters" : { },
                    "RefreshInterval" : 0,
                    "Target" : "GetGlobalSessionValues"
                  } ]
                },
                "Things_BayerProductFormatsDataTable" : {
                  "DataName" : "Things_BayerProductFormatsDataTable",
                  "EntityName" : "BayerProductFormatsDataTable",
                  "EntityType" : "Things",
                  "Id" : "0f604af2-65df-4071-a101-0059915bf22c",
                  "Services" : [ {
                    "APIMethod" : "post",
                    "Characteristic" : "Services",
                    "Id" : "815327d3-ccc1-44c6-818c-4c2037554f52",
                    "Name" : "GetDataTableEntryByKey",
                    "Parameters" : { },
                    "RefreshInterval" : 0,
                    "Target" : "GetDataTableEntryByKey"
                  } ]
                },
                "UserExtensions" : {
                  "DataName" : "UserExtensions",
                  "EntityName" : "",
                  "EntityType" : "UserExtensions",
                  "Id" : "UserExtensions",
                  "Services" : [ {
                    "APIMethod" : "post",
                    "Characteristic" : "Services",
                    "Id" : "UserExtensionInterface",
                    "Name" : "GetCurrentUserExtensionProperties",
                    "Parameters" : { },
                    "RefreshInterval" : 0,
                    "Target" : "GetCurrentUserExtensionProperties"
                  } ]
                }
              },
              "DataBindings" : [ {
                "Id" : "5d8993e7-ae4b-4c02-a7a7-6d404240fbfc",
                "PropertyMaps" : [ {
                  "SourceProperty" : "Text",
                  "SourcePropertyBaseType" : "STRING",
                  "TargetProperty" : "formatType",
                  "TargetPropertyBaseType" : "STRING"
                } ],
                "SourceArea" : "UI",
                "SourceId" : "ptcstextfield-17",
                "SourceSection" : "",
                "TargetArea" : "Mashup",
                "TargetId" : "mashup-root",
                "TargetSection" : ""
              }, {
                "Id" : "c7e7b3fd-9425-43df-b11b-7900a5dd9fc6",
                "PropertyMaps" : [ {
                  "SourceProperty" : "Text",
                  "SourcePropertyBaseType" : "STRING",
                  "TargetProperty" : "productId",
                  "TargetPropertyBaseType" : "STRING"
                } ],
                "SourceArea" : "UI",
                "SourceId" : "ptcstextfield-19",
                "SourceSection" : "",
                "TargetArea" : "Mashup",
                "TargetId" : "mashup-root",
                "TargetSection" : ""
              }, {
                "Id" : "10e75bde-0829-4989-b70e-0708342a9a6d",
                "PropertyMaps" : [ {
                  "SourceProperty" : "Text",
                  "SourcePropertyBaseType" : "STRING",
                  "TargetProperty" : "productDescription",
                  "TargetPropertyBaseType" : "STRING"
                } ],
                "SourceArea" : "UI",
                "SourceId" : "ptcstextfield-24",
                "SourceSection" : "",
                "TargetArea" : "Mashup",
                "TargetId" : "mashup-root",
                "TargetSection" : ""
              }, {
                "Id" : "c39c39c9-5dd3-4de4-8c7e-64db831ec2b1",
                "PropertyMaps" : [ {
                  "SourceProperty" : "Text",
                  "SourcePropertyBaseType" : "STRING",
                  "TargetProperty" : "blisterType",
                  "TargetPropertyBaseType" : "STRING"
                } ],
                "SourceArea" : "UI",
                "SourceId" : "ptcstextfield-25",
                "SourceSection" : "",
                "TargetArea" : "Mashup",
                "TargetId" : "mashup-root",
                "TargetSection" : ""
              }, {
                "Id" : "c2143584-e491-4031-bafe-0906d1358ba8",
                "PropertyMaps" : [ {
                  "SourceProperty" : "Text",
                  "SourcePropertyBaseType" : "STRING",
                  "TargetProperty" : "groundFoil",
                  "TargetPropertyBaseType" : "STRING"
                } ],
                "SourceArea" : "UI",
                "SourceId" : "ptcstextfield-26",
                "SourceSection" : "",
                "TargetArea" : "Mashup",
                "TargetId" : "mashup-root",
                "TargetSection" : ""
              }, {
                "Id" : "699e9a4d-a88e-409b-b7f9-6a5f9ba33d92",
                "PropertyMaps" : [ {
                  "SourceProperty" : "Text",
                  "SourcePropertyBaseType" : "STRING",
                  "TargetProperty" : "blisterSize",
                  "TargetPropertyBaseType" : "STRING"
                } ],
                "SourceArea" : "UI",
                "SourceId" : "ptcstextfield-27",
                "SourceSection" : "",
                "TargetArea" : "Mashup",
                "TargetId" : "mashup-root",
                "TargetSection" : ""
              }, {
                "Id" : "619d3146-a4f3-4830-ac6e-effb6abe8629",
                "PropertyMaps" : [ {
                  "SourceProperty" : "Text",
                  "SourcePropertyBaseType" : "STRING",
                  "TargetProperty" : "foldedBoxFormat",
                  "TargetPropertyBaseType" : "STRING"
                } ],
                "SourceArea" : "UI",
                "SourceId" : "ptcstextfield-28",
                "SourceSection" : "",
                "TargetArea" : "Mashup",
                "TargetId" : "mashup-root",
                "TargetSection" : ""
              }, {
                "Id" : "afb47e44-ad69-4560-8125-bd298eb103f3",
                "PropertyMaps" : [ {
                  "SourceProperty" : "Text",
                  "SourcePropertyBaseType" : "STRING",
                  "TargetProperty" : "blistersPerFoldedBox",
                  "TargetPropertyBaseType" : "STRING"
                } ],
                "SourceArea" : "UI",
                "SourceId" : "ptcstextfield-29",
                "SourceSection" : "",
                "TargetArea" : "Mashup",
                "TargetId" : "mashup-root",
                "TargetSection" : ""
              }, {
                "Id" : "ce6a3160-d43c-4711-9097-6aadd2662e87",
                "PropertyMaps" : [ {
                  "SourceProperty" : "Text",
                  "SourcePropertyBaseType" : "STRING",
                  "TargetProperty" : "bundleFormat",
                  "TargetPropertyBaseType" : "STRING"
                } ],
                "SourceArea" : "UI",
                "SourceId" : "ptcstextfield-30",
                "SourceSection" : "",
                "TargetArea" : "Mashup",
                "TargetId" : "mashup-root",
                "TargetSection" : ""
              }, {
                "Id" : "9a437d76-ecc8-4a3c-b8ad-7107fb0390c3",
                "PropertyMaps" : [ {
                  "SourceProperty" : "ifEditClicked",
                  "SourcePropertyBaseType" : "BOOLEAN",
                  "TargetProperty" : "Disabled",
                  "TargetPropertyBaseType" : "BOOLEAN"
                } ],
                "SourceArea" : "Mashup",
                "SourceId" : "mashup-root",
                "SourceSection" : "",
                "TargetArea" : "UI",
                "TargetId" : "ptcstextfield-17",
                "TargetSection" : ""
              }, {
                "Id" : "b8309777-9937-4872-a5b9-06598f2be9da",
                "PropertyMaps" : [ {
                  "SourceProperty" : "Output",
                  "SourcePropertyBaseType" : "STRING",
                  "SourcePropertyType" : "Property",
                  "TargetProperty" : "Input1",
                  "TargetPropertyBaseType" : "STRING",
                  "TargetPropertyType" : "property"
                } ],
                "SourceArea" : "UI",
                "SourceId" : "expression-32",
                "SourceSection" : "",
                "TargetArea" : "UI",
                "TargetId" : "eventsrouter-31",
                "TargetSection" : ""
              }, {
                "Id" : "9ecee5e4-5e22-4f7d-aaaf-03394ff59061",
                "PropertyMaps" : [ {
                  "SourceProperty" : "Output",
                  "SourcePropertyBaseType" : "STRING",
                  "SourcePropertyType" : "Property",
                  "TargetProperty" : "Input2",
                  "TargetPropertyBaseType" : "STRING",
                  "TargetPropertyType" : "property"
                } ],
                "SourceArea" : "UI",
                "SourceId" : "expression-33",
                "SourceSection" : "",
                "TargetArea" : "UI",
                "TargetId" : "eventsrouter-31",
                "TargetSection" : ""
              }, {
                "Id" : "494db61c-8824-4cb6-a234-fd615f99687a",
                "PropertyMaps" : [ {
                  "SourceProperty" : "Output",
                  "SourcePropertyBaseType" : "STRING",
                  "SourcePropertyType" : "Property",
                  "TargetProperty" : "Input3",
                  "TargetPropertyBaseType" : "STRING",
                  "TargetPropertyType" : "property"
                } ],
                "SourceArea" : "UI",
                "SourceId" : "expression-35",
                "SourceSection" : "",
                "TargetArea" : "UI",
                "TargetId" : "eventsrouter-31",
                "TargetSection" : ""
              }, {
                "Id" : "015d18fd-3c9c-4f11-a9f9-fc908422ca69",
                "PropertyMaps" : [ {
                  "SourceProperty" : "Output",
                  "SourcePropertyBaseType" : "STRING",
                  "SourcePropertyType" : "Property",
                  "TargetProperty" : "clickedButton",
                  "TargetPropertyBaseType" : "STRING",
                  "TargetPropertyType" : "property"
                } ],
                "SourceArea" : "UI",
                "SourceId" : "eventsrouter-31",
                "SourceSection" : "",
                "TargetArea" : "Mashup",
                "TargetId" : "mashup-root",
                "TargetSection" : ""
              }, {
                "Id" : "889bc0ea-c7a4-4a3a-b149-5b3f2179bc6e",
                "PropertyMaps" : [ {
                  "SourceProperty" : "selectedKey",
                  "SourcePropertyBaseType" : "STRING",
                  "TargetProperty" : "key",
                  "TargetPropertyBaseType" : "STRING",
                  "TargetPropertyType" : "Parameter"
                } ],
                "SourceArea" : "Mashup",
                "SourceId" : "mashup-root",
                "SourceSection" : "",
                "TargetArea" : "Data",
                "TargetId" : "GetDataTableEntryByKey",
                "TargetSection" : "Things_BayerProductFormatsDataTable"
              }, {
                "Id" : "d60eb161-27f2-4fc2-9d06-49f615c3f087",
                "PropertyMaps" : [ {
                  "SourceProperty" : "productType",
                  "SourcePropertyBaseType" : "STRING",
                  "SourcePropertyType" : "Field",
                  "TargetProperty" : "Text",
                  "TargetPropertyBaseType" : "STRING",
                  "TargetPropertyType" : "property"
                } ],
                "SourceArea" : "Data",
                "SourceDetails" : "AllData",
                "SourceId" : "GetDataTableEntryByKey",
                "SourceSection" : "Things_BayerProductFormatsDataTable",
                "TargetArea" : "UI",
                "TargetId" : "ptcstextfield-19",
                "TargetSection" : ""
              }, {
                "Id" : "118b0607-3a5b-4b44-9ec8-c40681987a22",
                "PropertyMaps" : [ {
                  "SourceProperty" : "blisterType",
                  "SourcePropertyBaseType" : "STRING",
                  "SourcePropertyType" : "Field",
                  "TargetProperty" : "Text",
                  "TargetPropertyBaseType" : "STRING",
                  "TargetPropertyType" : "property"
                } ],
                "SourceArea" : "Data",
                "SourceDetails" : "AllData",
                "SourceId" : "GetDataTableEntryByKey",
                "SourceSection" : "Things_BayerProductFormatsDataTable",
                "TargetArea" : "UI",
                "TargetId" : "ptcstextfield-25",
                "TargetSection" : ""
              }, {
                "Id" : "182011fe-f1e3-473a-afc6-d9b34e1342ee",
                "PropertyMaps" : [ {
                  "SourceProperty" : "groundFoil",
                  "SourcePropertyBaseType" : "STRING",
                  "SourcePropertyType" : "Field",
                  "TargetProperty" : "Text",
                  "TargetPropertyBaseType" : "STRING",
                  "TargetPropertyType" : "property"
                } ],
                "SourceArea" : "Data",
                "SourceDetails" : "AllData",
                "SourceId" : "GetDataTableEntryByKey",
                "SourceSection" : "Things_BayerProductFormatsDataTable",
                "TargetArea" : "UI",
                "TargetId" : "ptcstextfield-26",
                "TargetSection" : ""
              }, {
                "Id" : "40d06faf-3d8a-4242-853c-5b07af957b0f",
                "PropertyMaps" : [ {
                  "SourceProperty" : "blisterSize",
                  "SourcePropertyBaseType" : "STRING",
                  "SourcePropertyType" : "Field",
                  "TargetProperty" : "Text",
                  "TargetPropertyBaseType" : "STRING",
                  "TargetPropertyType" : "property"
                } ],
                "SourceArea" : "Data",
                "SourceDetails" : "AllData",
                "SourceId" : "GetDataTableEntryByKey",
                "SourceSection" : "Things_BayerProductFormatsDataTable",
                "TargetArea" : "UI",
                "TargetId" : "ptcstextfield-27",
                "TargetSection" : ""
              }, {
                "Id" : "31fab4a3-a0a9-4ff5-ba6b-0830ae09b25f",
                "PropertyMaps" : [ {
                  "SourceProperty" : "foldedBoxFormat",
                  "SourcePropertyBaseType" : "STRING",
                  "SourcePropertyType" : "Field",
                  "TargetProperty" : "Text",
                  "TargetPropertyBaseType" : "STRING",
                  "TargetPropertyType" : "property"
                } ],
                "SourceArea" : "Data",
                "SourceDetails" : "AllData",
                "SourceId" : "GetDataTableEntryByKey",
                "SourceSection" : "Things_BayerProductFormatsDataTable",
                "TargetArea" : "UI",
                "TargetId" : "ptcstextfield-28",
                "TargetSection" : ""
              }, {
                "Id" : "8ffc3997-704c-42f4-b858-19084d33d87d",
                "PropertyMaps" : [ {
                  "SourceProperty" : "blistersPerFoldedBox",
                  "SourcePropertyBaseType" : "INTEGER",
                  "SourcePropertyType" : "Field",
                  "TargetProperty" : "Text",
                  "TargetPropertyBaseType" : "STRING",
                  "TargetPropertyType" : "property"
                } ],
                "SourceArea" : "Data",
                "SourceDetails" : "AllData",
                "SourceId" : "GetDataTableEntryByKey",
                "SourceSection" : "Things_BayerProductFormatsDataTable",
                "TargetArea" : "UI",
                "TargetId" : "ptcstextfield-29",
                "TargetSection" : ""
              }, {
                "Id" : "6e0d3fac-9e18-4e7c-9a2a-f361f219f13d",
                "PropertyMaps" : [ {
                  "SourceProperty" : "bundleFormat",
                  "SourcePropertyBaseType" : "STRING",
                  "SourcePropertyType" : "Field",
                  "TargetProperty" : "Text",
                  "TargetPropertyBaseType" : "STRING",
                  "TargetPropertyType" : "property"
                } ],
                "SourceArea" : "Data",
                "SourceDetails" : "AllData",
                "SourceId" : "GetDataTableEntryByKey",
                "SourceSection" : "Things_BayerProductFormatsDataTable",
                "TargetArea" : "UI",
                "TargetId" : "ptcstextfield-30",
                "TargetSection" : ""
              }, {
                "Id" : "bbb119a6-4a3a-4ee0-8e07-c8de0846b242",
                "PropertyMaps" : [ {
                  "SourceProperty" : "ifEditClicked",
                  "SourcePropertyBaseType" : "BOOLEAN",
                  "SourcePropertyType" : "Property",
                  "TargetProperty" : "ifEditClicked",
                  "TargetPropertyBaseType" : "BOOLEAN",
                  "TargetPropertyType" : "property"
                } ],
                "SourceArea" : "Mashup",
                "SourceId" : "mashup-root",
                "SourceSection" : "",
                "TargetArea" : "UI",
                "TargetId" : "validator-36",
                "TargetSection" : ""
              }, {
                "Id" : "9326b0f9-3abe-4191-84ff-26c43dcb2c59",
                "PropertyMaps" : [ {
                  "SourceProperty" : "formatType",
                  "SourcePropertyBaseType" : "STRING",
                  "SourcePropertyType" : "Field",
                  "TargetProperty" : "Text",
                  "TargetPropertyBaseType" : "STRING",
                  "TargetPropertyType" : "property"
                } ],
                "SourceArea" : "Data",
                "SourceDetails" : "AllData",
                "SourceId" : "GetDataTableEntryByKey",
                "SourceSection" : "Things_BayerProductFormatsDataTable",
                "TargetArea" : "UI",
                "TargetId" : "ptcstextfield-17",
                "TargetSection" : ""
              }, {
                "Id" : "083124da-ade2-4c46-904b-dc67ba218bf1",
                "PropertyMaps" : [ {
                  "SourceProperty" : "Text",
                  "SourcePropertyBaseType" : "STRING",
                  "SourcePropertyType" : "Property",
                  "TargetProperty" : "formatTypeValue",
                  "TargetPropertyBaseType" : "STRING",
                  "TargetPropertyType" : "property"
                } ],
                "SourceArea" : "UI",
                "SourceId" : "ptcstextfield-17",
                "SourceSection" : "",
                "TargetArea" : "UI",
                "TargetId" : "expression-37",
                "TargetSection" : ""
              }, {
                "Id" : "07346c70-bd47-4078-b73f-f1fb382276a5",
                "PropertyMaps" : [ {
                  "SourceProperty" : "Text",
                  "SourcePropertyBaseType" : "STRING",
                  "SourcePropertyType" : "Property",
                  "TargetProperty" : "productTypeValue",
                  "TargetPropertyBaseType" : "STRING",
                  "TargetPropertyType" : "property"
                } ],
                "SourceArea" : "UI",
                "SourceId" : "ptcstextfield-19",
                "SourceSection" : "",
                "TargetArea" : "UI",
                "TargetId" : "expression-37",
                "TargetSection" : ""
              }, {
                "Id" : "d10102cb-6806-4a1e-8734-7e48fd1a973e",
                "PropertyMaps" : [ {
                  "SourceProperty" : "Text",
                  "SourcePropertyBaseType" : "STRING",
                  "SourcePropertyType" : "Property",
                  "TargetProperty" : "blisterLxWValue",
                  "TargetPropertyBaseType" : "STRING",
                  "TargetPropertyType" : "property"
                } ],
                "SourceArea" : "UI",
                "SourceId" : "ptcstextfield-25",
                "SourceSection" : "",
                "TargetArea" : "UI",
                "TargetId" : "expression-37",
                "TargetSection" : ""
              }, {
                "Id" : "c79b2579-32a5-420c-92f5-14c9dba8d3fa",
                "PropertyMaps" : [ {
                  "SourceProperty" : "Text",
                  "SourcePropertyBaseType" : "STRING",
                  "SourcePropertyType" : "Property",
                  "TargetProperty" : "groundFoilValue",
                  "TargetPropertyBaseType" : "STRING",
                  "TargetPropertyType" : "property"
                } ],
                "SourceArea" : "UI",
                "SourceId" : "ptcstextfield-26",
                "SourceSection" : "",
                "TargetArea" : "UI",
                "TargetId" : "expression-37",
                "TargetSection" : ""
              }, {
                "Id" : "ff26b648-9f92-4da4-8e9c-1f3bd4505507",
                "PropertyMaps" : [ {
                  "SourceProperty" : "Text",
                  "SourcePropertyBaseType" : "STRING",
                  "SourcePropertyType" : "Property",
                  "TargetProperty" : "blisterSizeValue",
                  "TargetPropertyBaseType" : "STRING",
                  "TargetPropertyType" : "property"
                } ],
                "SourceArea" : "UI",
                "SourceId" : "ptcstextfield-27",
                "SourceSection" : "",
                "TargetArea" : "UI",
                "TargetId" : "expression-37",
                "TargetSection" : ""
              }, {
                "Id" : "6ad2f62e-0760-4a0e-a0f4-263a845cad96",
                "PropertyMaps" : [ {
                  "SourceProperty" : "Text",
                  "SourcePropertyBaseType" : "STRING",
                  "SourcePropertyType" : "Property",
                  "TargetProperty" : "foldedBoxLxHxWValue",
                  "TargetPropertyBaseType" : "STRING",
                  "TargetPropertyType" : "property"
                } ],
                "SourceArea" : "UI",
                "SourceId" : "ptcstextfield-28",
                "SourceSection" : "",
                "TargetArea" : "UI",
                "TargetId" : "expression-37",
                "TargetSection" : ""
              }, {
                "Id" : "e2610f6b-02ca-4065-8353-b481ef95e15d",
                "PropertyMaps" : [ {
                  "SourceProperty" : "Text",
                  "SourcePropertyBaseType" : "STRING",
                  "SourcePropertyType" : "Property",
                  "TargetProperty" : "blistersPerFoldedBoxValue",
                  "TargetPropertyBaseType" : "NUMBER",
                  "TargetPropertyType" : "property"
                } ],
                "SourceArea" : "UI",
                "SourceId" : "ptcstextfield-29",
                "SourceSection" : "",
                "TargetArea" : "UI",
                "TargetId" : "expression-37",
                "TargetSection" : ""
              }, {
                "Id" : "c207afe8-5892-47d2-aefd-de8f6faa4d80",
                "PropertyMaps" : [ {
                  "SourceProperty" : "Text",
                  "SourcePropertyBaseType" : "STRING",
                  "SourcePropertyType" : "Property",
                  "TargetProperty" : "bundleFormatValue",
                  "TargetPropertyBaseType" : "STRING",
                  "TargetPropertyType" : "property"
                } ],
                "SourceArea" : "UI",
                "SourceId" : "ptcstextfield-30",
                "SourceSection" : "",
                "TargetArea" : "UI",
                "TargetId" : "expression-37",
                "TargetSection" : ""
              }, {
                "Id" : "0f5ef341-9626-4fe9-8016-8926551a54f8",
                "PropertyMaps" : [ {
                  "SourceProperty" : "Output",
                  "SourcePropertyBaseType" : "BOOLEAN",
                  "SourcePropertyType" : "Property",
                  "TargetProperty" : "Disabled",
                  "TargetPropertyBaseType" : "BOOLEAN",
                  "TargetPropertyType" : "property"
                } ],
                "SourceArea" : "UI",
                "SourceId" : "expression-37",
                "SourceSection" : "",
                "TargetArea" : "UI",
                "TargetId" : "ptcsbutton-7",
                "TargetSection" : ""
              } ],
              "DesignTimePermissions" : {
                "Create" : [ ],
                "Delete" : [ ],
                "Metadata" : [ ],
                "Read" : [ ],
                "Update" : [ ]
              },
              "Events" : [ {
                "EventHandlerArea" : "UI",
                "EventHandlerId" : "expression-33",
                "EventHandlerService" : "Evaluate",
                "EventTriggerArea" : "UI",
                "EventTriggerEvent" : "Clicked",
                "EventTriggerId" : "ptcsbutton-7",
                "EventTriggerSection" : "",
                "Id" : "63601f90-fc38-403e-9688-c26dde084bda"
              }, {
                "EventHandlerArea" : "UI",
                "EventHandlerId" : "expression-32",
                "EventHandlerService" : "Evaluate",
                "EventTriggerArea" : "UI",
                "EventTriggerEvent" : "Clicked",
                "EventTriggerId" : "ptcsbutton-6",
                "EventTriggerSection" : "",
                "Id" : "c022cffd-8ac1-45af-bc69-2dc6a811fc78"
              }, {
                "EventHandlerArea" : "UI",
                "EventHandlerId" : "expression-35",
                "EventHandlerService" : "Evaluate",
                "EventTriggerArea" : "Mashup",
                "EventTriggerEvent" : "Loaded",
                "EventTriggerId" : "mashup-root",
                "EventTriggerSection" : "",
                "Id" : "1d3ef432-3ab3-4e7f-9ee6-29ae6f4a6ba1"
              }, {
                "EventHandlerArea" : "Mashup",
                "EventHandlerId" : "mashup-root",
                "EventHandlerService" : "CloseIfPopup",
                "EventTriggerArea" : "UI",
                "EventTriggerEvent" : "Changed",
                "EventTriggerId" : "expression-32",
                "EventTriggerSection" : " ",
                "Id" : "b233919d-734d-418a-a687-20feb152a301"
              }, {
                "EventHandlerArea" : "Mashup",
                "EventHandlerId" : "mashup-root",
                "EventHandlerService" : "CloseIfPopup",
                "EventTriggerArea" : "UI",
                "EventTriggerEvent" : "Changed",
                "EventTriggerId" : "expression-33",
                "EventTriggerSection" : " ",
                "Id" : "7e393c5e-3766-474c-be5d-c4c8f37fd428"
              }, {
                "EventHandlerArea" : "Data",
                "EventHandlerId" : "Things_BayerProductFormatsDataTable",
                "EventHandlerService" : "GetDataTableEntryByKey",
                "EventTriggerArea" : "UI",
                "EventTriggerEvent" : "True",
                "EventTriggerId" : "validator-36",
                "EventTriggerSection" : " ",
                "Id" : "55b0c219-47fb-413a-a7a0-ccf5c2a4dd7f"
              }, {
                "EventHandlerArea" : "UI",
                "EventHandlerId" : "validator-36",
                "EventHandlerService" : "Evaluate",
                "EventTriggerArea" : "Mashup",
                "EventTriggerEvent" : "Loaded",
                "EventTriggerId" : "mashup-root",
                "EventTriggerSection" : "",
                "Id" : "cc71abc8-ec3a-4cc4-abd7-821e4664c29a"
              } ],
              "RunTimePermissions" : {
                "permissions" : [ ]
              },
              "UI" : {
                "Properties" : {
                  "AddToDashboardButton" : "SimplePlus",
                  "AddToDashboardButtonStyle" : "DefaultAddToDashboardButtonStyle",
                  "Area" : "Mashup",
                  "BGImage" : "",
                  "BGImageRepeat" : "repeat",
                  "BGImageSize" : "auto",
                  "Columns" : 0,
                  "ConfigureGadgetButton" : "SimpleGear",
                  "ConfigureGadgetButtonStyle" : "DefaultConfigureGadgetButtonStyle",
                  "DisplayName" : "Mashup",
                  "EnableParameterEditing" : false,
                  "Height" : 618,
                  "Id" : "mashup-root",
                  "IgnoreWarningsInViewMashup" : false,
                  "IsPrintLayout" : false,
                  "Left" : 0,
                  "MashupToEditGadget" : "DefaultMashupToEditGadget",
                  "MinHeight" : 0,
                  "MinWidth" : 0,
                  "ResponsiveLayout" : true,
                  "Rows" : 0,
                  "ShowDataLoading" : true,
                  "Style" : "DefaultMashupStyle",
                  "StyleProperties" : {
                    "data" : { },
                    "meta" : {
                      "type" : "WidgetStyler",
                      "version" : "1.0"
                    }
                  },
                  "StyleTheme" : "PTC Convergence Theme",
                  "Title" : "",
                  "TitleBar" : false,
                  "TitleBarStyle" : "DefaultTitleBarStyle",
                  "TitleBarText" : "Gadget Title Here",
                  "Top" : 0,
                  "Type" : "mashup",
                  "UseMasterTheme" : false,
                  "UseTheme" : false,
                  "UseThemeForHybrids" : false,
                  "Visible" : true,
                  "Width" : 1024,
                  "Z-index" : 10,
                  "__TypeDisplayName" : "Mashup",
                  "_currentParameterDefs" : [ {
                    "Aspects" : {
                      "bindingDirection" : "BOTH",
                      "isMandatory" : false
                    },
                    "BaseType" : "STRING",
                    "Description" : "",
                    "ParameterName" : "formatType"
                  }, {
                    "Aspects" : {
                      "bindingDirection" : "BOTH",
                      "isMandatory" : false
                    },
                    "BaseType" : "STRING",
                    "Description" : "",
                    "ParameterName" : "productId"
                  }, {
                    "Aspects" : {
                      "bindingDirection" : "BOTH",
                      "isMandatory" : false
                    },
                    "BaseType" : "STRING",
                    "Description" : "",
                    "ParameterName" : "productDescription"
                  }, {
                    "Aspects" : {
                      "bindingDirection" : "BOTH",
                      "isMandatory" : false
                    },
                    "BaseType" : "STRING",
                    "Description" : "",
                    "ParameterName" : "blisterType"
                  }, {
                    "Aspects" : {
                      "bindingDirection" : "BOTH",
                      "isMandatory" : false
                    },
                    "BaseType" : "STRING",
                    "Description" : "",
                    "ParameterName" : "groundFoil"
                  }, {
                    "Aspects" : {
                      "bindingDirection" : "BOTH",
                      "isMandatory" : false
                    },
                    "BaseType" : "STRING",
                    "Description" : "",
                    "ParameterName" : "blisterSize"
                  }, {
                    "Aspects" : {
                      "bindingDirection" : "BOTH",
                      "isMandatory" : false
                    },
                    "BaseType" : "STRING",
                    "Description" : "",
                    "ParameterName" : "foldedBoxFormat"
                  }, {
                    "Aspects" : {
                      "bindingDirection" : "BOTH",
                      "isMandatory" : false
                    },
                    "BaseType" : "STRING",
                    "Description" : "",
                    "ParameterName" : "blistersPerFoldedBox"
                  }, {
                    "Aspects" : {
                      "bindingDirection" : "BOTH",
                      "isMandatory" : false
                    },
                    "BaseType" : "STRING",
                    "Description" : "",
                    "ParameterName" : "bundleFormat"
                  }, {
                    "Aspects" : {
                      "bindingDirection" : "BOTH",
                      "isMandatory" : false
                    },
                    "BaseType" : "STRING",
                    "Description" : "",
                    "ParameterName" : "taNumber"
                  }, {
                    "Aspects" : {
                      "bindingDirection" : "BOTH",
                      "isMandatory" : false
                    },
                    "BaseType" : "BOOLEAN",
                    "DefaultValue" : false,
                    "Description" : "",
                    "ParameterName" : "ifEditClicked"
                  }, {
                    "Aspects" : {
                      "bindingDirection" : "BOTH",
                      "isMandatory" : false
                    },
                    "BaseType" : "BOOLEAN",
                    "DefaultValue" : false,
                    "Description" : "",
                    "ParameterName" : "ifOKClicked"
                  }, {
                    "Aspects" : {
                      "bindingDirection" : "BOTH",
                      "isMandatory" : false
                    },
                    "BaseType" : "STRING",
                    "Description" : "",
                    "ParameterName" : "clickedButton"
                  }, {
                    "Aspects" : {
                      "bindingDirection" : "BOTH",
                      "isMandatory" : false
                    },
                    "BaseType" : "STRING",
                    "Description" : "",
                    "ParameterName" : "productType"
                  }, {
                    "Aspects" : {
                      "bindingDirection" : "BOTH",
                      "isMandatory" : false
                    },
                    "BaseType" : "STRING",
                    "Description" : "",
                    "ParameterName" : "selectedKey"
                  } ],
                  "id_index" : 37,
                  "ifEditClicked" : false,
                  "ifOKClicked" : false,
                  "supportsAutoResize" : true
                },
                "Widgets" : [ {
                  "Properties" : {
                    "Area" : "UI",
                    "Columns" : 0,
                    "DisplayName" : "Mashup-Layout",
                    "Footer" : true,
                    "FooterHeight" : 50,
                    "Header" : false,
                    "HeaderHeight" : 0,
                    "Id" : "layout-2",
                    "IncludeSpacingInFixedAreas" : false,
                    "IsPrintLayout" : false,
                    "LastContainer" : false,
                    "Left" : 135,
                    "LeftSidebar" : false,
                    "LeftSidebarWidth" : 0,
                    "Orientation" : "vertical",
                    "PctColumn1" : 50,
                    "PctColumn2" : 50,
                    "PctColumn3" : 1,
                    "PctColumn4" : 1,
                    "PctColumn5" : 1,
                    "PctColumn6" : 1,
                    "PctColumn7" : 1,
                    "PctColumn8" : 1,
                    "PctRow1" : 100,
                    "PctRow2" : 0,
                    "PctRow3" : 0,
                    "PctRow4" : 0,
                    "PctRow5" : 0,
                    "PctRow6" : 0,
                    "PctRow7" : 0,
                    "PctRow8" : 0,
                    "PrintMarginLeftRight" : 0.5,
                    "PrintMarginTopBottom" : 0.5,
                    "PrintWidth" : 650,
                    "ResponsiveLayout" : true,
                    "RightSidebar" : false,
                    "RightSidebarWidth" : 0,
                    "Rows" : 1,
                    "ShowDataLoading" : true,
                    "Spacing" : 0,
                    "Top" : 105,
                    "Type" : "layout",
                    "Visible" : true,
                    "Z-index" : 10,
                    "__TypeDisplayName" : "Layout"
                  },
                  "Widgets" : [ {
                    "Properties" : {
                      "AnimateExpandCollapse" : true,
                      "Area" : "UI",
                      "BGImageRepeat" : "no-repeat",
                      "BGImageSize" : "auto",
                      "DisplayName" : "Row",
                      "ExpandCollapseTabLocation" : "outside",
                      "Expanded" : true,
                      "Id" : "container-3",
                      "LastContainer" : false,
                      "MinHeight" : 0,
                      "MinWidth" : 0,
                      "Overlay" : false,
                      "OverlayIsTransparent" : false,
                      "ResponsiveLayout" : true,
                      "ShowDataLoading" : true,
                      "ShowExpandCollapseTab" : false,
                      "Style" : "DefaultContainerStyle",
                      "TabCollapseStyle" : "DefaultTabCollapseStyle",
                      "TabExpandStyle" : "DefaultTabExpandStyle",
                      "TabHeight" : 36,
                      "TabLocation" : "center",
                      "TabOffset" : 0,
                      "TabWidth" : 36,
                      "Type" : "container",
                      "Visible" : true,
                      "Z-index" : 10,
                      "__TypeDisplayName" : "Container",
                      "userCannotRemove" : true
                    },
                    "Widgets" : [ {
                      "Properties" : {
                        "Area" : "UI",
                        "ContainerClass" : "",
                        "DisplayName" : "Panel",
                        "Height" : 200,
                        "HideScrollbars" : true,
                        "HorizontalAnchor" : "left",
                        "Id" : "panel-8",
                        "LastContainer" : false,
                        "Left" : 240,
                        "ResponsiveLayout" : true,
                        "ShowDataLoading" : true,
                        "Style" : "DefaultContainerStyle",
                        "Top" : 80,
                        "Type" : "panel",
                        "VerticalAnchor" : "top",
                        "Visible" : true,
                        "Width" : 300,
                        "Z-index" : 10,
                        "__TypeDisplayName" : "Panel"
                      },
                      "Widgets" : [ {
                        "Properties" : {
                          "Area" : "UI",
                          "ContainerClass" : "",
                          "Description" : "Panel-Floating",
                          "DisplayName" : "Panel-Floating",
                          "Height" : 330,
                          "HideScrollbars" : false,
                          "HorizontalAnchor" : "center",
                          "Id" : "panel-9",
                          "LastContainer" : false,
                          "Left" : 0,
                          "ResponsiveLayout" : false,
                          "ShowDataLoading" : true,
                          "Style" : "DefaultContainerStyle",
                          "Top" : 0,
                          "Type" : "panel",
                          "VerticalAnchor" : "middle",
                          "Visible" : true,
                          "Width" : 480,
                          "Z-index" : 10,
                          "__TypeDisplayName" : "Panel"
                        },
                        "Widgets" : [ {
                          "Properties" : {
                            "Area" : "UI",
                            "Counter" : false,
                            "Description" : "",
                            "Disabled" : false,
                            "DisplayName" : "Textfield-FormatType",
                            "HasText" : false,
                            "Id" : "ptcstextfield-17",
                            "Label" : "[[Bayer.FormatType]]",
                            "LabelAlignment" : "left",
                            "LastContainer" : false,
                            "Left" : 0,
                            "MaxNumberOfCharacters" : 100,
                            "Password" : false,
                            "ReadOnly" : false,
                            "ResponsiveLayout" : false,
                            "ShowClearText" : true,
                            "ShowDataLoading" : true,
                            "TabSequence" : 0,
                            "TextAlignment" : "left",
                            "Top" : 10,
                            "Type" : "ptcstextfield",
                            "UseTheme" : true,
                            "Visible" : true,
                            "Width" : 220,
                            "Z-index" : 10,
                            "__TypeDisplayName" : "Text Field"
                          },
                          "Widgets" : [ ]
                        }, {
                          "Properties" : {
                            "Area" : "UI",
                            "Counter" : false,
                            "Disabled" : false,
                            "DisplayName" : "Textfield-ProductType",
                            "HasText" : false,
                            "Id" : "ptcstextfield-19",
                            "Label" : "[[Bayer.ProductType]]",
                            "LabelAlignment" : "left",
                            "LastContainer" : false,
                            "Left" : 0,
                            "MaxNumberOfCharacters" : 100,
                            "Password" : false,
                            "ReadOnly" : false,
                            "ResponsiveLayout" : false,
                            "ShowClearText" : true,
                            "ShowDataLoading" : true,
                            "TabSequence" : 0,
                            "TextAlignment" : "left",
                            "Top" : 75,
                            "Type" : "ptcstextfield",
                            "UseTheme" : true,
                            "Visible" : true,
                            "Width" : 220,
                            "Z-index" : 10,
                            "__TypeDisplayName" : "Text Field"
                          },
                          "Widgets" : [ ]
                        }, {
                          "Properties" : {
                            "Area" : "UI",
                            "Counter" : false,
                            "Disabled" : false,
                            "DisplayName" : "Textfield-ProductDescription",
                            "HasText" : false,
                            "Id" : "ptcstextfield-24",
                            "Label" : "[[Bayer.ProductDescription]]",
                            "LabelAlignment" : "left",
                            "LastContainer" : false,
                            "Left" : 250,
                            "MaxNumberOfCharacters" : 100,
                            "Password" : false,
                            "ReadOnly" : false,
                            "ResponsiveLayout" : false,
                            "ShowClearText" : true,
                            "ShowDataLoading" : true,
                            "TabSequence" : 0,
                            "TextAlignment" : "left",
                            "Top" : 270,
                            "Type" : "ptcstextfield",
                            "UseTheme" : true,
                            "Visible" : false,
                            "Width" : 220,
                            "Z-index" : 10,
                            "__TypeDisplayName" : "Text Field"
                          },
                          "Widgets" : [ ]
                        }, {
                          "Properties" : {
                            "Area" : "UI",
                            "Counter" : false,
                            "Description" : "",
                            "Disabled" : false,
                            "DisplayName" : "Textfield-BlisterType",
                            "HasText" : false,
                            "Id" : "ptcstextfield-25",
                            "Label" : "[[Bayer.blisterType]]",
                            "LabelAlignment" : "left",
                            "LastContainer" : false,
                            "Left" : 0,
                            "MaxNumberOfCharacters" : 100,
                            "Password" : false,
                            "ReadOnly" : false,
                            "ResponsiveLayout" : false,
                            "ShowClearText" : true,
                            "ShowDataLoading" : true,
                            "TabSequence" : 0,
                            "TextAlignment" : "left",
                            "Top" : 140,
                            "Type" : "ptcstextfield",
                            "UseTheme" : true,
                            "Visible" : true,
                            "Width" : 220,
                            "Z-index" : 10,
                            "__TypeDisplayName" : "Text Field"
                          },
                          "Widgets" : [ ]
                        }, {
                          "Properties" : {
                            "Area" : "UI",
                            "Counter" : false,
                            "Description" : "",
                            "Disabled" : false,
                            "DisplayName" : "Textfield-GroundFoil",
                            "HasText" : false,
                            "Id" : "ptcstextfield-26",
                            "Label" : "[[Bayer.GroundFoil]]",
                            "LabelAlignment" : "left",
                            "LastContainer" : false,
                            "Left" : 0,
                            "MaxNumberOfCharacters" : 100,
                            "Password" : false,
                            "ReadOnly" : false,
                            "ResponsiveLayout" : false,
                            "ShowClearText" : true,
                            "ShowDataLoading" : true,
                            "TabSequence" : 0,
                            "TextAlignment" : "left",
                            "Top" : 205,
                            "Type" : "ptcstextfield",
                            "UseTheme" : true,
                            "Visible" : true,
                            "Width" : 220,
                            "Z-index" : 10,
                            "__TypeDisplayName" : "Text Field"
                          },
                          "Widgets" : [ ]
                        }, {
                          "Properties" : {
                            "Area" : "UI",
                            "Counter" : false,
                            "Description" : "",
                            "Disabled" : false,
                            "DisplayName" : "Textfield-BlisterSize",
                            "HasText" : false,
                            "Id" : "ptcstextfield-27",
                            "Label" : "[[Bayer.BlisterSize]]",
                            "LabelAlignment" : "left",
                            "LastContainer" : false,
                            "Left" : 250,
                            "MaxNumberOfCharacters" : 100,
                            "Password" : false,
                            "ReadOnly" : false,
                            "ResponsiveLayout" : false,
                            "ShowClearText" : true,
                            "ShowDataLoading" : true,
                            "TabSequence" : 0,
                            "TextAlignment" : "left",
                            "Top" : 10,
                            "Type" : "ptcstextfield",
                            "UseTheme" : true,
                            "Visible" : true,
                            "Width" : 220,
                            "Z-index" : 10,
                            "__TypeDisplayName" : "Text Field"
                          },
                          "Widgets" : [ ]
                        }, {
                          "Properties" : {
                            "Area" : "UI",
                            "Counter" : false,
                            "Description" : "",
                            "Disabled" : false,
                            "DisplayName" : "Textfield-FoldedBoxFormat",
                            "HasText" : false,
                            "Id" : "ptcstextfield-28",
                            "Label" : "[[Bayer.foldedBoxFormat]]",
                            "LabelAlignment" : "left",
                            "LastContainer" : false,
                            "Left" : 250,
                            "MaxNumberOfCharacters" : 100,
                            "Password" : false,
                            "ReadOnly" : false,
                            "ResponsiveLayout" : false,
                            "ShowClearText" : true,
                            "ShowDataLoading" : true,
                            "TabSequence" : 0,
                            "TextAlignment" : "left",
                            "Top" : 75,
                            "Type" : "ptcstextfield",
                            "UseTheme" : true,
                            "Visible" : true,
                            "Width" : 220,
                            "Z-index" : 10,
                            "__TypeDisplayName" : "Text Field"
                          },
                          "Widgets" : [ ]
                        }, {
                          "Properties" : {
                            "Area" : "UI",
                            "Counter" : false,
                            "Description" : "",
                            "Disabled" : false,
                            "DisplayName" : "Textfield-BlistersPerFoldedBox",
                            "HasText" : false,
                            "Id" : "ptcstextfield-29",
                            "Label" : "[[Bayer.blistersPerFoldedBox]]",
                            "LabelAlignment" : "left",
                            "LastContainer" : false,
                            "Left" : 250,
                            "MaxNumberOfCharacters" : 100,
                            "Password" : false,
                            "ReadOnly" : false,
                            "ResponsiveLayout" : false,
                            "ShowClearText" : true,
                            "ShowDataLoading" : true,
                            "TabSequence" : 0,
                            "TextAlignment" : "left",
                            "Top" : 140,
                            "Type" : "ptcstextfield",
                            "UseTheme" : true,
                            "Visible" : true,
                            "Width" : 220,
                            "Z-index" : 10,
                            "__TypeDisplayName" : "Text Field"
                          },
                          "Widgets" : [ ]
                        }, {
                          "Properties" : {
                            "Area" : "UI",
                            "Counter" : false,
                            "Description" : "",
                            "Disabled" : false,
                            "DisplayName" : "Texftield-BundleFormat",
                            "HasText" : false,
                            "Id" : "ptcstextfield-30",
                            "Label" : "[[Bayer.BundleFormat]]",
                            "LabelAlignment" : "left",
                            "LastContainer" : false,
                            "Left" : 250,
                            "MaxNumberOfCharacters" : 100,
                            "Password" : false,
                            "ReadOnly" : false,
                            "ResponsiveLayout" : false,
                            "ShowClearText" : true,
                            "ShowDataLoading" : true,
                            "TabSequence" : 0,
                            "TextAlignment" : "left",
                            "Top" : 205,
                            "Type" : "ptcstextfield",
                            "UseTheme" : true,
                            "Visible" : true,
                            "Width" : 220,
                            "Z-index" : 10,
                            "__TypeDisplayName" : "Text Field"
                          },
                          "Widgets" : [ ]
                        } ]
                      } ]
                    } ]
                  }, {
                    "Properties" : {
                      "AnimateExpandCollapse" : true,
                      "Area" : "UI",
                      "BGImageRepeat" : "no-repeat",
                      "BGImageSize" : "auto",
                      "DisplayName" : "Footer",
                      "ExpandCollapseTabLocation" : "outside",
                      "Expanded" : true,
                      "Id" : "container-4",
                      "LastContainer" : false,
                      "MinHeight" : 0,
                      "MinWidth" : 0,
                      "Overlay" : false,
                      "OverlayIsTransparent" : false,
                      "ResponsiveLayout" : true,
                      "ShowDataLoading" : true,
                      "ShowExpandCollapseTab" : false,
                      "Style" : "DefaultContainerStyle",
                      "TabCollapseStyle" : "DefaultTabCollapseStyle",
                      "TabExpandStyle" : "DefaultTabExpandStyle",
                      "TabHeight" : 36,
                      "TabLocation" : "center",
                      "TabOffset" : 0,
                      "TabWidth" : 36,
                      "Type" : "container",
                      "Visible" : true,
                      "Z-index" : 10,
                      "__TypeDisplayName" : "Container",
                      "userCannotRemove" : true
                    },
                    "Widgets" : [ {
                      "Properties" : {
                        "Area" : "UI",
                        "Columns" : 1,
                        "Description" : "Footer-Layout",
                        "DisplayName" : "Footer-Layout",
                        "Footer" : false,
                        "FooterHeight" : 0,
                        "Header" : false,
                        "HeaderHeight" : 0,
                        "Id" : "layout-11",
                        "IncludeSpacingInFixedAreas" : false,
                        "IsPrintLayout" : false,
                        "LastContainer" : false,
                        "Left" : 170,
                        "LeftSidebar" : false,
                        "LeftSidebarWidth" : 0,
                        "Orientation" : "horizontal",
                        "PctColumn1" : 100,
                        "PctColumn2" : 0,
                        "PctColumn3" : 1,
                        "PctColumn4" : 1,
                        "PctColumn5" : 1,
                        "PctColumn6" : 1,
                        "PctColumn7" : 1,
                        "PctColumn8" : 1,
                        "PctRow1" : 50,
                        "PctRow2" : 50,
                        "PctRow3" : 0,
                        "PctRow4" : 0,
                        "PctRow5" : 0,
                        "PctRow6" : 0,
                        "PctRow7" : 0,
                        "PctRow8" : 0,
                        "PrintMarginLeftRight" : 0.5,
                        "PrintMarginTopBottom" : 0.5,
                        "PrintWidth" : 650,
                        "ResponsiveLayout" : true,
                        "RightSidebar" : true,
                        "RightSidebarWidth" : 250,
                        "Rows" : 0,
                        "ShowDataLoading" : true,
                        "Spacing" : 2,
                        "Top" : 30,
                        "Type" : "layout",
                        "Visible" : true,
                        "Z-index" : 10,
                        "__TypeDisplayName" : "Layout"
                      },
                      "Widgets" : [ {
                        "Properties" : {
                          "AnimateExpandCollapse" : true,
                          "Area" : "UI",
                          "BGImageRepeat" : "no-repeat",
                          "BGImageSize" : "auto",
                          "DisplayName" : "Column",
                          "ExpandCollapseTabLocation" : "outside",
                          "Expanded" : true,
                          "Id" : "container-12",
                          "LastContainer" : false,
                          "MinHeight" : 0,
                          "MinWidth" : 0,
                          "Overlay" : false,
                          "OverlayIsTransparent" : false,
                          "ResponsiveLayout" : true,
                          "ShowDataLoading" : true,
                          "ShowExpandCollapseTab" : false,
                          "Style" : "DefaultContainerStyle",
                          "TabCollapseStyle" : "DefaultTabCollapseStyle",
                          "TabExpandStyle" : "DefaultTabExpandStyle",
                          "TabHeight" : 36,
                          "TabLocation" : "center",
                          "TabOffset" : 0,
                          "TabWidth" : 36,
                          "Type" : "container",
                          "Visible" : true,
                          "Z-index" : 10,
                          "__TypeDisplayName" : "Container",
                          "userCannotRemove" : true
                        },
                        "Widgets" : [ ]
                      }, {
                        "Properties" : {
                          "AnimateExpandCollapse" : true,
                          "Area" : "UI",
                          "BGImageRepeat" : "no-repeat",
                          "BGImageSize" : "auto",
                          "DisplayName" : "Right Sidebar",
                          "ExpandCollapseTabLocation" : "outside",
                          "Expanded" : true,
                          "Id" : "container-13",
                          "LastContainer" : false,
                          "MinHeight" : 0,
                          "MinWidth" : 0,
                          "Overlay" : false,
                          "OverlayIsTransparent" : false,
                          "ResponsiveLayout" : true,
                          "ShowDataLoading" : true,
                          "ShowExpandCollapseTab" : false,
                          "Style" : "DefaultContainerStyle",
                          "TabCollapseStyle" : "DefaultTabCollapseStyle",
                          "TabExpandStyle" : "DefaultTabExpandStyle",
                          "TabHeight" : 36,
                          "TabLocation" : "center",
                          "TabOffset" : 0,
                          "TabWidth" : 36,
                          "Type" : "container",
                          "Visible" : true,
                          "Z-index" : 10,
                          "__TypeDisplayName" : "Container",
                          "userCannotRemove" : true
                        },
                        "Widgets" : [ {
                          "Properties" : {
                            "Area" : "UI",
                            "ContainerClass" : "",
                            "Description" : "Panel-Buttons",
                            "DisplayName" : "Panel-Buttons",
                            "Height" : 200,
                            "HideScrollbars" : false,
                            "HorizontalAnchor" : "left",
                            "Id" : "panel-5",
                            "LastContainer" : false,
                            "Left" : 80,
                            "ResponsiveLayout" : true,
                            "ShowDataLoading" : true,
                            "Style" : "DefaultContainerStyle",
                            "Top" : 55,
                            "Type" : "panel",
                            "VerticalAnchor" : "top",
                            "Visible" : true,
                            "Width" : 300,
                            "Z-index" : 10,
                            "__TypeDisplayName" : "Panel"
                          },
                          "Widgets" : [ {
                            "Properties" : {
                              "Area" : "UI",
                              "ButtonType" : "primary",
                              "ContextID" : "",
                              "Disabled" : false,
                              "DisplayName" : "btn-CANCEL",
                              "Id" : "ptcsbutton-6",
                              "Label" : "[[Bayer.CANCEL]]",
                              "LabelAlignment" : "center",
                              "LastContainer" : false,
                              "Left" : 25,
                              "ResponsiveLayout" : false,
                              "ShowDataLoading" : true,
                              "TabSequence" : 0,
                              "ToolTipField" : "",
                              "ToolTipStyle" : "DefaultTooltipStyle",
                              "Top" : 5,
                              "Type" : "ptcsbutton",
                              "UseTheme" : true,
                              "Visible" : true,
                              "Z-index" : 10,
                              "__TypeDisplayName" : "Button",
                              "__supportsTooltip" : true
                            },
                            "Widgets" : [ ]
                          }, {
                            "Properties" : {
                              "Area" : "UI",
                              "ButtonType" : "primary",
                              "ContextID" : "",
                              "Disabled" : false,
                              "DisplayName" : "btn-OK",
                              "Id" : "ptcsbutton-7",
                              "Label" : "OK",
                              "LabelAlignment" : "center",
                              "LastContainer" : false,
                              "Left" : 149,
                              "ResponsiveLayout" : false,
                              "ShowDataLoading" : true,
                              "TabSequence" : 0,
                              "ToolTipField" : "",
                              "ToolTipStyle" : "DefaultTooltipStyle",
                              "Top" : 5,
                              "Type" : "ptcsbutton",
                              "UseTheme" : true,
                              "Visible" : true,
                              "Z-index" : 10,
                              "__TypeDisplayName" : "Button",
                              "__supportsTooltip" : true
                            },
                            "Widgets" : [ ]
                          } ]
                        } ]
                      } ]
                    } ]
                  } ]
                }, {
                  "Properties" : {
                    "Area" : "UI",
                    "DataShape" : "",
                    "DataType" : "STRING",
                    "DisplayName" : "clickedButtonId",
                    "Id" : "eventsrouter-31",
                    "LastContainer" : false,
                    "Left" : 0,
                    "NumberOfInputs" : "3",
                    "ShowDataLoading" : true,
                    "Top" : 0,
                    "Type" : "eventsrouter",
                    "Visible" : true,
                    "Z-index" : 10,
                    "__TypeDisplayName" : "Events Router"
                  },
                  "Widgets" : [ ]
                }, {
                  "Properties" : {
                    "Area" : "UI",
                    "AutoEvaluate" : false,
                    "DataChangeType" : "ALWAYS",
                    "DisplayName" : "clickedCancel",
                    "Expression" : "\"Cancel\";",
                    "FireOnFirstValue" : false,
                    "Height" : 28,
                    "Id" : "expression-32",
                    "LastContainer" : false,
                    "Left" : 0,
                    "OutputBaseType" : "STRING",
                    "ShowDataLoading" : true,
                    "Top" : 0,
                    "Type" : "expression",
                    "Visible" : true,
                    "Width" : 200,
                    "Z-index" : 10,
                    "__TypeDisplayName" : "Expression",
                    "_currentParameterDefs" : [ ]
                  },
                  "Widgets" : [ ]
                }, {
                  "Properties" : {
                    "Area" : "UI",
                    "AutoEvaluate" : false,
                    "DataChangeType" : "ALWAYS",
                    "DisplayName" : "clickedOK",
                    "Expression" : "\"OK\";",
                    "FireOnFirstValue" : false,
                    "Height" : 28,
                    "Id" : "expression-33",
                    "LastContainer" : false,
                    "Left" : 0,
                    "OutputBaseType" : "STRING",
                    "ShowDataLoading" : true,
                    "Top" : 0,
                    "Type" : "expression",
                    "Visible" : true,
                    "Width" : 200,
                    "Z-index" : 10,
                    "__TypeDisplayName" : "Expression",
                    "_currentParameterDefs" : [ ]
                  },
                  "Widgets" : [ ]
                }, {
                  "Properties" : {
                    "Area" : "UI",
                    "AutoEvaluate" : false,
                    "DataChangeType" : "ALWAYS",
                    "DisplayName" : "clearButtonId",
                    "Expression" : "\"\";",
                    "FireOnFirstValue" : false,
                    "Height" : 28,
                    "Id" : "expression-35",
                    "LastContainer" : false,
                    "Left" : 0,
                    "OutputBaseType" : "STRING",
                    "ShowDataLoading" : true,
                    "Top" : 0,
                    "Type" : "expression",
                    "Visible" : true,
                    "Width" : 200,
                    "Z-index" : 10,
                    "__TypeDisplayName" : "Expression",
                    "_currentParameterDefs" : [ ]
                  },
                  "Widgets" : [ ]
                }, {
                  "Properties" : {
                    "Area" : "UI",
                    "AutoEvaluate" : false,
                    "DisplayName" : "editLoadEntry",
                    "Expression" : "!!ifEditClicked;",
                    "Height" : 28,
                    "Id" : "validator-36",
                    "LastContainer" : false,
                    "Left" : 0,
                    "Output" : true,
                    "ShowDataLoading" : true,
                    "Top" : 0,
                    "Type" : "validator",
                    "Visible" : true,
                    "Width" : 200,
                    "Z-index" : 10,
                    "__TypeDisplayName" : "Validator",
                    "_currentParameterDefs" : [ {
                      "BaseType" : "BOOLEAN",
                      "DefaultValue" : false,
                      "Description" : "",
                      "ParameterName" : "ifEditClicked",
                      "bindingDirection" : "Target",
                      "bindingStatus" : true,
                      "bindingType" : "Property",
                      "isBindingSource" : false,
                      "isBindingTarget" : true,
                      "name" : "ifEditClicked"
                    } ]
                  },
                  "Widgets" : [ ]
                }, {
                  "Properties" : {
                    "Area" : "UI",
                    "AutoEvaluate" : true,
                    "DataChangeType" : "ALWAYS",
                    "DisplayName" : "buttonOKDisabled",
                    "Expression" : "(!formatTypeValue || !productTypeValue || !blisterLxWValue || !groundFoilValue || !blisterSizeValue || !foldedBoxLxHxWValue || !blistersPerFoldedBoxValue || !bundleFormatValue) ? true : false;",
                    "FireOnFirstValue" : false,
                    "Height" : 28,
                    "Id" : "expression-37",
                    "LastContainer" : false,
                    "Left" : 0,
                    "OutputBaseType" : "BOOLEAN",
                    "ShowDataLoading" : true,
                    "Top" : 0,
                    "Type" : "expression",
                    "Visible" : true,
                    "Width" : 200,
                    "Z-index" : 10,
                    "__TypeDisplayName" : "Expression",
                    "_currentParameterDefs" : [ {
                      "BaseType" : "STRING",
                      "Description" : "",
                      "ParameterName" : "groundFoilValue",
                      "bindingDirection" : "Target",
                      "bindingStatus" : false,
                      "bindingType" : "Property",
                      "isBindingSource" : false,
                      "isBindingTarget" : true,
                      "name" : "groundFoilValue"
                    }, {
                      "BaseType" : "STRING",
                      "Description" : "",
                      "ParameterName" : "blisterSizeValue",
                      "bindingDirection" : "Target",
                      "bindingStatus" : false,
                      "bindingType" : "Property",
                      "isBindingSource" : false,
                      "isBindingTarget" : true,
                      "name" : "blisterSizeValue"
                    }, {
                      "BaseType" : "STRING",
                      "Description" : "",
                      "ParameterName" : "foldedBoxLxHxWValue",
                      "bindingDirection" : "Target",
                      "bindingStatus" : false,
                      "bindingType" : "Property",
                      "isBindingSource" : false,
                      "isBindingTarget" : true,
                      "name" : "foldedBoxLxHxWValue"
                    }, {
                      "BaseType" : "NUMBER",
                      "Description" : "",
                      "ParameterName" : "blistersPerFoldedBoxValue",
                      "bindingDirection" : "Target",
                      "bindingStatus" : false,
                      "bindingType" : "Property",
                      "isBindingSource" : false,
                      "isBindingTarget" : true,
                      "name" : "blistersPerFoldedBoxValue"
                    }, {
                      "BaseType" : "STRING",
                      "Description" : "",
                      "ParameterName" : "bundleFormatValue",
                      "bindingDirection" : "Target",
                      "bindingStatus" : false,
                      "bindingType" : "Property",
                      "isBindingSource" : false,
                      "isBindingTarget" : true,
                      "name" : "bundleFormatValue"
                    }, {
                      "BaseType" : "STRING",
                      "Description" : "",
                      "ParameterName" : "formatTypeValue",
                      "bindingDirection" : "Target",
                      "bindingStatus" : false,
                      "bindingType" : "Property",
                      "isBindingSource" : false,
                      "isBindingTarget" : true,
                      "name" : "formatTypeValue"
                    }, {
                      "BaseType" : "STRING",
                      "Description" : "",
                      "ParameterName" : "productTypeValue",
                      "bindingDirection" : "Target",
                      "bindingStatus" : false,
                      "bindingType" : "Property",
                      "isBindingSource" : false,
                      "isBindingTarget" : true,
                      "name" : "productTypeValue"
                    }, {
                      "BaseType" : "STRING",
                      "Description" : "",
                      "ParameterName" : "blisterLxWValue",
                      "bindingDirection" : "Target",
                      "bindingStatus" : false,
                      "bindingType" : "Property",
                      "isBindingSource" : false,
                      "isBindingTarget" : true,
                      "name" : "blisterLxWValue"
                    } ]
                  },
                  "Widgets" : [ ]
                } ]
              },
              "mashupType" : "mashup"
            }
            ]]>
            </mashupContent>
            <preview></preview>
        </Mashup>
    </Mashups>
</Entities>
