<?xml version="1.0" encoding="UTF-8"?><Entities>
  <ExtensionPackages>
    <ExtensionPackage name="BMVoiceRecognition" description="Requires BMCoreUI. A widget that manages a list of view elements, efficiently adding and removing them from view based on the current scroll position." vendor="ThingWorx Labs" packageVersion="1.500.616" minimumThingWorxVersion="6.0.0" buildNumber="{&quot;giteaURL&quot;: &quot;http://roicentersvn.ptcnet.ptc.com/api/v1/repos/BogdanMihaiciuc/BMCollectionView/releases/latest&quot;}"/>
  </ExtensionPackages>
  <Widgets>
    <Widget name="BMVoiceRecognition">
      <UIResources>
        <FileResource type="JS" file="BMVoiceRecognition.ide.bundle.js" description="" isDevelopment="true" isRuntime="false"/>
        <FileResource type="JS" file="BMVoiceRecognition.runtime.bundle.js" description="" isDevelopment="false" isRuntime="true"/>
      </UIResources>
    </Widget>
  </Widgets>
</Entities>
