<?xml version="1.0" encoding="UTF-8" standalone="no"?>
<Entities build="b2319" majorVersion="8" minorVersion="4" modelPersistenceProviderPackage="PostgresPersistenceProviderPackage" revision="4" schemaVersion="1041" universal="">
    <Things>
        <Thing description="" documentationContent="" effectiveThingPackage="ConfiguredThing" enabled="true" homeMashup="" identifier="" lastModifiedDate="2019-11-06T09:55:16.595Z" name="BayerProductionPlansParser" projectName="BayerIoT" published="false" tags="Applications:BayerProductionPlans;Applications:Bayer" thingTemplate="BayerProductionPlansParserTemplate" valueStream="">
            <avatar/>
            <DesignTimePermissions>
                <Create/>
                <Read/>
                <Update/>
                <Delete/>
                <Metadata/>
            </DesignTimePermissions>
            <RunTimePermissions/>
            <VisibilityPermissions>
                <Visibility/>
            </VisibilityPermissions>
            <ConfigurationTableDefinitions/>
            <ConfigurationTables>
                <ConfigurationTable description="" isMultiRow="true" name="ColumnMappings" ordinal="0">
                    <DataShape>
                        <FieldDefinitions>
                            <FieldDefinition aspect.isPrimaryKey="false" baseType="STRING" description="" name="csvColumnName" ordinal="1"/>
                            <FieldDefinition aspect.isPrimaryKey="true" baseType="STRING" description="" name="targetFieldName" ordinal="2"/>
                        </FieldDefinitions>
                    </DataShape>
                    <Rows>
                        <Row>
                            <csvColumnName>
                            <![CDATA[
                            Produktnummer
                            ]]>
                            </csvColumnName>
                            <targetFieldName>
                            <![CDATA[
                            productId
                            ]]>
                            </targetFieldName>
                        </Row>
                    </Rows>
                </ConfigurationTable>
                <ConfigurationTable description="" isMultiRow="false" name="ParserSettings" ordinal="0">
                    <DataShape>
                        <FieldDefinitions>
                            <FieldDefinition aspect.friendlyName="" aspect.isPrimaryKey="false" baseType="PASSWORD" description="" name="appKey" ordinal="4"/>
                            <FieldDefinition aspect.defaultValue=";" aspect.isPrimaryKey="false" baseType="STRING" description="" name="csvDelimiter" ordinal="5"/>
                            <FieldDefinition aspect.defaultValue="/" aspect.friendlyName="" aspect.isPrimaryKey="true" baseType="STRING" description="" name="path" ordinal="2"/>
                            <FieldDefinition aspect.defaultValue="BayerCSVRepository" aspect.friendlyName="" aspect.isPrimaryKey="true" aspect.thingTemplate="FileRepository" baseType="THINGNAME" description="" name="repository" ordinal="1"/>
                            <FieldDefinition aspect.defaultValue="http://localhost:8080/Thingworx/Things/BayerProductionPlansParser/Services/ProcessData" aspect.friendlyName="" aspect.isPrimaryKey="false" baseType="STRING" description="" name="targetServiceUrl" ordinal="3"/>
                        </FieldDefinitions>
                    </DataShape>
                    <Rows>
                        <Row>
                            <appKey/>
                            <csvDelimiter>
                            <![CDATA[
                            ;
                            ]]>
                            </csvDelimiter>
                            <path/>
                            <repository/>
                            <targetServiceUrl/>
                        </Row>
                    </Rows>
                </ConfigurationTable>
            </ConfigurationTables>
            <ThingShape>
                <PropertyDefinitions/>
                <ServiceDefinitions/>
                <EventDefinitions/>
                <ServiceMappings/>
                <ServiceImplementations/>
                <Subscriptions/>
            </ThingShape>
            <PropertyBindings/>
            <RemotePropertyBindings/>
            <RemoteServiceBindings/>
            <RemoteEventBindings/>
            <AlertConfigurations/>
            <ImplementedShapes/>
            <ThingProperties/>
        </Thing>
    </Things>
</Entities>
