<?xml version="1.0" encoding="UTF-8" standalone="no"?>
<Entities build="b2319" majorVersion="8" minorVersion="4" modelPersistenceProviderPackage="PostgresPersistenceProviderPackage" revision="4" schemaVersion="1041" universal="">
    <DataShapes>
        <DataShape baseDataShape="" description="" documentationContent="" homeMashup="" lastModifiedDate="2019-09-27T11:07:01.658Z" name="BayerChangeoverTrendDateRangesDataShape" projectName="BayerIoT" tags="Applications:Bayer">
            <avatar/>
            <DesignTimePermissions>
                <Create/>
                <Read/>
                <Update/>
                <Delete/>
                <Metadata/>
            </DesignTimePermissions>
            <RunTimePermissions/>
            <VisibilityPermissions>
                <Visibility>
                    <Principal isPermitted="true" name="Bayer:PerformanceDashboard" type="OrganizationalUnit"/>
                </Visibility>
            </VisibilityPermissions>
            <ConfigurationTableDefinitions/>
            <ConfigurationTables/>
            <FieldDefinitions>
                <FieldDefinition aspect.isPrimaryKey="false" baseType="DATETIME" description="" name="end" ordinal="3"/>
                <FieldDefinition aspect.isPrimaryKey="true" baseType="NUMBER" description="" name="id" ordinal="1"/>
                <FieldDefinition aspect.isPrimaryKey="false" baseType="DATETIME" description="" name="start" ordinal="2"/>
            </FieldDefinitions>
        </DataShape>
    </DataShapes>
</Entities>
