<?xml version="1.0" encoding="UTF-8" standalone="no"?>
<Entities build="b2319" majorVersion="8" minorVersion="4" modelPersistenceProviderPackage="PostgresPersistenceProviderPackage" revision="4" schemaVersion="1041" universal="">
    <ThingShapes>
        <ThingShape className="" description="" documentationContent="" homeMashup="" lastModifiedDate="2019-12-05T13:19:05.333Z" name="BayerMaintenanceTicketsManagement" projectName="BayerIoT" tags="Applications:Bayer">
            <PropertyDefinitions>
                <PropertyDefinition aspect.cacheTime="0.0" aspect.dataChangeType="VALUE" aspect.defaultValue="Open" aspect.isPersistent="true" baseType="STRING" category="" description="" isLocalOnly="false" name="defaultStatus" ordinal="3"/>
                <PropertyDefinition aspect.cacheTime="0.0" aspect.dataChangeType="VALUE" aspect.defaultValue="Production stopped more than 30 minutes" aspect.isPersistent="true" baseType="STRING" category="" description="" isLocalOnly="false" name="type1Description" ordinal="6"/>
                <PropertyDefinition aspect.cacheTime="0.0" aspect.dataChangeType="VALUE" aspect.defaultValue="Change over in 30 minutes" aspect.isPersistent="true" baseType="STRING" category="" description="" isLocalOnly="false" name="type2Description" ordinal="5"/>
            </PropertyDefinitions>
            <ServiceDefinitions>
                <ServiceDefinition aspect.isAsync="false" category="" description="" isAllowOverride="false" isLocalOnly="false" isOpen="false" isPrivate="false" name="CreateMaintenanceTicket">
                    <ResultType baseType="NOTHING" description="" name="result" ordinal="0"/>
                    <ParameterDefinitions>
                        <FieldDefinition baseType="STRING" description="" name="typeDescription" ordinal="1"/>
                    </ParameterDefinitions>
                </ServiceDefinition>
                <ServiceDefinition aspect.isAsync="false" category="" description="" isAllowOverride="false" isLocalOnly="false" isOpen="false" isPrivate="false" name="GetMaintenanceTicketsTimeThreshold">
                    <ResultType aspect.dataShape="BayerMaintenanceTicketsDataShape" baseType="INFOTABLE" description="" name="result" ordinal="0"/>
                    <ParameterDefinitions>
                        <FieldDefinition aspect.thingTemplate="BayerProductionLine" baseType="THINGNAME" description="" name="productionLine" ordinal="2"/>
                        <FieldDefinition baseType="DATETIME" description="" name="timeThreshold" ordinal="1"/>
                    </ParameterDefinitions>
                </ServiceDefinition>
                <ServiceDefinition aspect.isAsync="false" category="" description="" isAllowOverride="false" isLocalOnly="false" isOpen="false" isPrivate="false" name="UpdateMaintenanceTicket">
                    <ResultType baseType="NOTHING" description="" name="result" ordinal="0"/>
                    <ParameterDefinitions>
                        <FieldDefinition baseType="STRING" description="" name="assignedTo" ordinal="3"/>
                        <FieldDefinition baseType="THINGNAME" description="" name="productionLine" ordinal="2"/>
                        <FieldDefinition baseType="STRING" description="" name="status" ordinal="1"/>
                        <FieldDefinition baseType="LONG" description="" name="ticketId" ordinal="4"/>
                    </ParameterDefinitions>
                </ServiceDefinition>
            </ServiceDefinitions>
            <EventDefinitions/>
            <ServiceMappings/>
            <ServiceImplementations>
                <ServiceImplementation description="" handlerName="Script" name="CreateMaintenanceTicket">
                    <ConfigurationTables>
                        <ConfigurationTable description="" isMultiRow="false" name="Script" ordinal="0">
                            <DataShape>
                                <FieldDefinitions>
                                    <FieldDefinition baseType="STRING" description="code" name="code" ordinal="0"/>
                                </FieldDefinitions>
                            </DataShape>
                            <Rows>
                                <Row>
                                    <code>
                                    <![CDATA[
                                    Things["BayerDBDataProvider"].CreateMaintenanceTicket({
                                    	productionLine: me.name /* THINGNAME */,
                                    	type: typeDescription /* STRING */,
                                    	assignedTo: "" /* STRING */,
                                    	status: me.defaultStatus /* STRING */
                                    });
                                    ]]>
                                    </code>
                                </Row>
                            </Rows>
                        </ConfigurationTable>
                    </ConfigurationTables>
                </ServiceImplementation>
                <ServiceImplementation description="" handlerName="Script" name="GetMaintenanceTicketsTimeThreshold">
                    <ConfigurationTables>
                        <ConfigurationTable description="" isMultiRow="false" name="Script" ordinal="0">
                            <DataShape>
                                <FieldDefinitions>
                                    <FieldDefinition baseType="STRING" description="code" name="code" ordinal="0"/>
                                </FieldDefinitions>
                            </DataShape>
                            <Rows>
                                <Row>
                                    <code>
                                    <![CDATA[
                                    // result: INFOTABLE dataShape: "BayerMaintenanceTicketsDataShape"
                                    var result =  Things["BayerDBDataProvider"].GetMaintenanceTicketsTimeThreshold({
                                        productionLine: productionLine,
                                    	timeThreshold: timeThreshold /* DATETIME */
                                    });
                                    ]]>
                                    </code>
                                </Row>
                            </Rows>
                        </ConfigurationTable>
                    </ConfigurationTables>
                </ServiceImplementation>
                <ServiceImplementation description="" handlerName="Script" name="UpdateMaintenanceTicket">
                    <ConfigurationTables>
                        <ConfigurationTable description="" isMultiRow="false" name="Script" ordinal="0">
                            <DataShape>
                                <FieldDefinitions>
                                    <FieldDefinition baseType="STRING" description="code" name="code" ordinal="0"/>
                                </FieldDefinitions>
                            </DataShape>
                            <Rows>
                                <Row>
                                    <code>
                                    <![CDATA[
                                    Things["BayerDBDataProvider"].UpdateMaintenanceTicket({
                                    	productionLine: productionLine /* THINGNAME */,
                                    	assignedTo: assignedTo /* STRING */,
                                    	ticketId: ticketId /* LONG */,
                                    	status: status /* STRING */
                                    });
                                    ]]>
                                    </code>
                                </Row>
                            </Rows>
                        </ConfigurationTable>
                    </ConfigurationTables>
                </ServiceImplementation>
            </ServiceImplementations>
            <Subscriptions/>
            <avatar/>
            <DesignTimePermissions>
                <Create/>
                <Read/>
                <Update/>
                <Delete/>
                <Metadata/>
            </DesignTimePermissions>
            <RunTimePermissions/>
            <VisibilityPermissions>
                <Visibility>
                    <Principal isPermitted="true" name="Bayer:PerformanceDashboard" type="OrganizationalUnit"/>
                </Visibility>
            </VisibilityPermissions>
            <ConfigurationTableDefinitions/>
            <ConfigurationTables/>
            <PropertyBindings/>
            <RemotePropertyBindings/>
            <RemoteServiceBindings/>
            <RemoteEventBindings/>
            <AlertConfigurations>
                <AlertDefinitions name="defaultStatus"/>
                <AlertDefinitions name="type1Description"/>
                <AlertDefinitions name="type2Description"/>
            </AlertConfigurations>
            <InstanceRunTimePermissions/>
        </ThingShape>
    </ThingShapes>
</Entities>
