<?xml version="1.0" encoding="UTF-8"?>
<Entities
 build="b222"
 majorVersion="8"
 minorVersion="5"
 modelPersistenceProviderPackage="PostgresPersistenceProviderPackage"
 revision="4"
 schemaVersion="1053"
 universal="">
    <Mashups>
        <Mashup
         aspect.isResponsive="true"
         aspect.mashupType="mashup"
         columns="0.0"
         description=""
         documentationContent=""
         homeMashup=""
         lastModifiedDate="2020-04-01T08:33:28.726Z"
         name="BayerActualVsTargetPanelMashup"
         projectName="BayerIoT"
         rows="0.0"
         tags="Applications:Bayer">
            <avatar></avatar>
            <DesignTimePermissions>
                <Create></Create>
                <Read></Read>
                <Update></Update>
                <Delete></Delete>
                <Metadata></Metadata>
            </DesignTimePermissions>
            <RunTimePermissions></RunTimePermissions>
            <VisibilityPermissions>
                <Visibility>
                    <Principal
                     isPermitted="true"
                     name="Bayer:PerformanceDashboard"
                     type="OrganizationalUnit"></Principal>
                </Visibility>
            </VisibilityPermissions>
            <ConfigurationTableDefinitions></ConfigurationTableDefinitions>
            <ConfigurationTables></ConfigurationTables>
            <ParameterDefinitions>
                <FieldDefinition
                 aspect.bindingDirection="BOTH"
                 aspect.dataShape="BayerScheduleDataShape"
                 aspect.isMandatory="false"
                 aspect.ordinal="0"
                 baseType="INFOTABLE"
                 description=""
                 name="schedule"
                 ordinal="0"></FieldDefinition>
                <FieldDefinition
                 aspect.bindingDirection="IN"
                 aspect.isMandatory="false"
                 aspect.ordinal="1"
                 baseType="STRING"
                 description="blisters or boxes"
                 name="subject"
                 ordinal="0"></FieldDefinition>
            </ParameterDefinitions>
            <Things></Things>
            <ThingShapes></ThingShapes>
            <ThingTemplates></ThingTemplates>
            <mashupContent>
            <![CDATA[
            {
              "CustomMashupCss" : "",
              "Data" : {
                "Session" : {
                  "DataName" : "Session",
                  "EntityName" : "",
                  "EntityType" : "Session",
                  "Id" : "session",
                  "Services" : [ {
                    "APIMethod" : "post",
                    "Characteristic" : "Services",
                    "Id" : "SessionInterface",
                    "Name" : "GetGlobalSessionValues",
                    "Parameters" : { },
                    "RefreshInterval" : 0,
                    "Target" : "GetGlobalSessionValues"
                  } ]
                },
                "UserExtensions" : {
                  "DataName" : "UserExtensions",
                  "EntityName" : "",
                  "EntityType" : "UserExtensions",
                  "Id" : "UserExtensions",
                  "Services" : [ {
                    "APIMethod" : "post",
                    "Characteristic" : "Services",
                    "Id" : "UserExtensionInterface",
                    "Name" : "GetCurrentUserExtensionProperties",
                    "Parameters" : { },
                    "RefreshInterval" : 0,
                    "Target" : "GetCurrentUserExtensionProperties"
                  } ]
                }
              },
              "DataBindings" : [ {
                "Id" : "2cf167d9-00bf-4860-ad17-3c895a69ecfe",
                "PropertyMaps" : [ {
                  "SourceProperty" : "schedule",
                  "SourcePropertyBaseType" : "INFOTABLE",
                  "SourcePropertyType" : "Property",
                  "TargetProperty" : "Data",
                  "TargetPropertyBaseType" : "INFOTABLE",
                  "TargetPropertyType" : "property"
                } ],
                "SourceArea" : "Mashup",
                "SourceDetails" : "AllData",
                "SourceId" : "mashup-root",
                "SourceSection" : "",
                "TargetArea" : "UI",
                "TargetId" : "labelchart-3",
                "TargetSection" : ""
              }, {
                "Id" : "8b41e5bf-8108-4093-a27f-c9eee54675fc",
                "PropertyMaps" : [ {
                  "SourceProperty" : "subject",
                  "SourcePropertyBaseType" : "STRING",
                  "SourcePropertyType" : "Property",
                  "TargetProperty" : "subject",
                  "TargetPropertyBaseType" : "STRING",
                  "TargetPropertyType" : "property"
                } ],
                "SourceArea" : "Mashup",
                "SourceId" : "mashup-root",
                "SourceSection" : "",
                "TargetArea" : "UI",
                "TargetId" : "validator-14",
                "TargetSection" : ""
              }, {
                "Id" : "44d2990d-5d8a-4cb8-8261-7b5d3eed02b0",
                "PropertyMaps" : [ {
                  "SourceProperty" : "subject",
                  "SourcePropertyBaseType" : "STRING",
                  "SourcePropertyType" : "Property",
                  "TargetProperty" : "subject",
                  "TargetPropertyBaseType" : "STRING",
                  "TargetPropertyType" : "property"
                } ],
                "SourceArea" : "Mashup",
                "SourceId" : "mashup-root",
                "SourceSection" : "",
                "TargetArea" : "UI",
                "TargetId" : "validator-15",
                "TargetSection" : ""
              }, {
                "Id" : "d369c2d0-ea73-4daa-a160-87d4e0d841ad",
                "PropertyMaps" : [ {
                  "SourceProperty" : "schedule",
                  "SourcePropertyBaseType" : "INFOTABLE",
                  "TargetProperty" : "Data",
                  "TargetPropertyBaseType" : "INFOTABLE"
                } ],
                "SourceArea" : "Mashup",
                "SourceDetails" : "AllData",
                "SourceId" : "mashup-root",
                "SourceSection" : "",
                "TargetArea" : "UI",
                "TargetId" : "labelchart-9",
                "TargetSection" : ""
              }, {
                "Id" : "af4eda9e-6c3f-4ac9-a243-a72613979fa0",
                "PropertyMaps" : [ {
                  "SourceProperty" : "subject",
                  "SourcePropertyBaseType" : "STRING",
                  "TargetProperty" : "SelectedTabValue",
                  "TargetPropertyBaseType" : "STRING"
                } ],
                "SourceArea" : "Mashup",
                "SourceId" : "mashup-root",
                "SourceSection" : "",
                "TargetArea" : "UI",
                "TargetId" : "tabsv2-16",
                "TargetSection" : ""
              } ],
              "DesignTimePermissions" : {
                "Create" : [ ],
                "Delete" : [ ],
                "Metadata" : [ ],
                "Read" : [ ],
                "Update" : [ ]
              },
              "Events" : [ ],
              "RunTimePermissions" : {
                "permissions" : [ ]
              },
              "UI" : {
                "Properties" : {
                  "AddToDashboardButton" : "SimplePlus",
                  "AddToDashboardButtonStyle" : "DefaultAddToDashboardButtonStyle",
                  "Area" : "Mashup",
                  "BGImage" : "",
                  "BGImageRepeat" : "no-repeat",
                  "BGImageSize" : "auto",
                  "Columns" : 0,
                  "ConfigureGadgetButton" : "SimpleGear",
                  "ConfigureGadgetButtonStyle" : "DefaultConfigureGadgetButtonStyle",
                  "DisplayName" : "Mashup",
                  "EnableParameterEditing" : false,
                  "Height" : 618,
                  "Id" : "mashup-root",
                  "IgnoreWarningsInViewMashup" : false,
                  "IsPrintLayout" : false,
                  "Left" : 0,
                  "MashupToEditGadget" : "DefaultMashupToEditGadget",
                  "MinHeight" : 0,
                  "MinWidth" : 0,
                  "ResponsiveLayout" : true,
                  "Rows" : 0,
                  "ShowDataLoading" : true,
                  "Style" : "DefaultMashupStyle",
                  "StyleTheme" : "Base Theme",
                  "Title" : "",
                  "TitleBar" : false,
                  "TitleBarStyle" : "DefaultTitleBarStyle",
                  "TitleBarText" : "Gadget Title Here",
                  "Top" : 0,
                  "Type" : "mashup",
                  "UseMasterTheme" : false,
                  "UseTheme" : false,
                  "UseThemeForHybrids" : false,
                  "Visible" : true,
                  "Width" : 1024,
                  "Z-index" : 10,
                  "__TypeDisplayName" : "Mashup",
                  "_currentParameterDefs" : [ {
                    "Aspects" : {
                      "bindingDirection" : "BOTH",
                      "dataShape" : "BayerScheduleDataShape",
                      "isMandatory" : false
                    },
                    "BaseType" : "INFOTABLE",
                    "Description" : "",
                    "ParameterName" : "schedule"
                  }, {
                    "Aspects" : {
                      "bindingDirection" : "IN",
                      "isMandatory" : false
                    },
                    "BaseType" : "STRING",
                    "Description" : "blisters or boxes",
                    "ParameterName" : "subject"
                  } ],
                  "id_index" : 18,
                  "supportsAutoResize" : true
                },
                "Widgets" : [ {
                  "Properties" : {
                    "Area" : "UI",
                    "Columns" : 1,
                    "DisplayName" : "layout-1",
                    "Footer" : false,
                    "FooterHeight" : 0,
                    "Header" : false,
                    "HeaderHeight" : 0,
                    "Id" : "layout-1",
                    "IncludeSpacingInFixedAreas" : false,
                    "IsPrintLayout" : false,
                    "LastContainer" : false,
                    "Left" : 385,
                    "LeftSidebar" : false,
                    "LeftSidebarWidth" : 0,
                    "Orientation" : "horizontal",
                    "PctColumn1" : 100,
                    "PctColumn2" : 50,
                    "PctColumn3" : 1,
                    "PctColumn4" : 1,
                    "PctColumn5" : 1,
                    "PctColumn6" : 1,
                    "PctColumn7" : 1,
                    "PctColumn8" : 1,
                    "PctRow1" : 50,
                    "PctRow2" : 50,
                    "PctRow3" : 0,
                    "PctRow4" : 0,
                    "PctRow5" : 0,
                    "PctRow6" : 0,
                    "PctRow7" : 0,
                    "PctRow8" : 0,
                    "PrintMarginLeftRight" : 0.5,
                    "PrintMarginTopBottom" : 0.5,
                    "PrintWidth" : 650,
                    "ResponsiveLayout" : true,
                    "RightSidebar" : true,
                    "RightSidebarWidth" : 5,
                    "Rows" : 0,
                    "ShowDataLoading" : true,
                    "Spacing" : 0,
                    "Top" : 160,
                    "Type" : "layout",
                    "Visible" : true,
                    "Z-index" : 10,
                    "__TypeDisplayName" : "Layout"
                  },
                  "Widgets" : [ {
                    "Properties" : {
                      "AnimateExpandCollapse" : true,
                      "Area" : "UI",
                      "BGImageRepeat" : "no-repeat",
                      "BGImageSize" : "auto",
                      "DisplayName" : "Column 1",
                      "ExpandCollapseTabLocation" : "outside",
                      "Expanded" : true,
                      "Id" : "container-2",
                      "LastContainer" : false,
                      "MinHeight" : 0,
                      "MinWidth" : 0,
                      "Overlay" : false,
                      "OverlayIsTransparent" : false,
                      "ResponsiveLayout" : true,
                      "ShowDataLoading" : true,
                      "ShowExpandCollapseTab" : false,
                      "Style" : "DefaultContainerStyle",
                      "TabCollapseStyle" : "DefaultTabCollapseStyle",
                      "TabExpandStyle" : "DefaultTabExpandStyle",
                      "TabHeight" : 36,
                      "TabLocation" : "center",
                      "TabOffset" : 0,
                      "TabWidth" : 36,
                      "Type" : "container",
                      "Visible" : true,
                      "Z-index" : 10,
                      "__TypeDisplayName" : "Container",
                      "userCannotRemove" : true
                    },
                    "Widgets" : [ {
                      "Properties" : {
                        "Area" : "UI",
                        "CurrentTab" : 2,
                        "DefaultTabAtRuntime" : 1,
                        "DisplayName" : "tabs-chart",
                        "Height" : 300,
                        "Id" : "tabsv2-16",
                        "LastContainer" : false,
                        "Left" : 355,
                        "MaxTabWidth" : 256,
                        "NumberOfTabs" : 2,
                        "ResponsiveLayout" : true,
                        "RoundedCorners" : false,
                        "ShowDataLoading" : true,
                        "Tab10Disabled" : false,
                        "Tab10Image" : "",
                        "Tab10Name" : "Tab10Name",
                        "Tab10Value" : "Tab10Value",
                        "Tab10Visible" : true,
                        "Tab11Disabled" : false,
                        "Tab11Image" : "",
                        "Tab11Name" : "Tab11Name",
                        "Tab11Value" : "Tab11Value",
                        "Tab11Visible" : true,
                        "Tab12Disabled" : false,
                        "Tab12Image" : "",
                        "Tab12Name" : "Tab12Name",
                        "Tab12Value" : "Tab12Value",
                        "Tab12Visible" : true,
                        "Tab13Disabled" : false,
                        "Tab13Image" : "",
                        "Tab13Name" : "Tab13Name",
                        "Tab13Value" : "Tab13Value",
                        "Tab13Visible" : true,
                        "Tab14Disabled" : false,
                        "Tab14Image" : "",
                        "Tab14Name" : "Tab14Name",
                        "Tab14Value" : "Tab14Value",
                        "Tab14Visible" : true,
                        "Tab15Disabled" : false,
                        "Tab15Image" : "",
                        "Tab15Name" : "Tab15Name",
                        "Tab15Value" : "Tab15Value",
                        "Tab15Visible" : true,
                        "Tab16Disabled" : false,
                        "Tab16Image" : "",
                        "Tab16Name" : "Tab16Name",
                        "Tab16Value" : "Tab16Value",
                        "Tab16Visible" : true,
                        "Tab1Disabled" : false,
                        "Tab1Image" : "",
                        "Tab1Name" : "",
                        "Tab1Value" : "boxes",
                        "Tab1Visible" : true,
                        "Tab2Disabled" : false,
                        "Tab2Image" : "",
                        "Tab2Name" : "",
                        "Tab2Value" : "blisters",
                        "Tab2Visible" : true,
                        "Tab3Disabled" : false,
                        "Tab3Image" : "",
                        "Tab3Name" : "Tab3Name",
                        "Tab3Value" : "Tab3Value",
                        "Tab3Visible" : true,
                        "Tab4Disabled" : false,
                        "Tab4Image" : "",
                        "Tab4Name" : "Tab4Name",
                        "Tab4Value" : "Tab4Value",
                        "Tab4Visible" : true,
                        "Tab5Disabled" : false,
                        "Tab5Image" : "",
                        "Tab5Name" : "Tab5Name",
                        "Tab5Value" : "Tab5Value",
                        "Tab5Visible" : true,
                        "Tab6Disabled" : false,
                        "Tab6Image" : "",
                        "Tab6Name" : "Tab6Name",
                        "Tab6Value" : "Tab6Value",
                        "Tab6Visible" : true,
                        "Tab7Disabled" : false,
                        "Tab7Image" : "",
                        "Tab7Name" : "Tab7Name",
                        "Tab7Value" : "Tab7Value",
                        "Tab7Visible" : true,
                        "Tab8Disabled" : false,
                        "Tab8Image" : "",
                        "Tab8Name" : "Tab8Name",
                        "Tab8Value" : "Tab8Value",
                        "Tab8Visible" : true,
                        "Tab9Disabled" : false,
                        "Tab9Image" : "",
                        "Tab9Name" : "Tab9Name",
                        "Tab9Value" : "Tab9Value",
                        "Tab9Visible" : true,
                        "TabContentStyle" : "DefaultContainerStyle",
                        "TabDisabledStyle" : "DefaultContainerStyle",
                        "TabHeight" : 0,
                        "TabSelectedStyle" : "DefaultContainerStyle",
                        "TabSpacing" : 2,
                        "TabUnselectedStyle" : "DefaultContainerStyle",
                        "Top" : 150,
                        "Type" : "tabsv2",
                        "Visible" : true,
                        "Width" : 300,
                        "Z-index" : 10,
                        "__TypeDisplayName" : "Tabs - Responsive"
                      },
                      "Widgets" : [ {
                        "Properties" : {
                          "AnimateExpandCollapse" : true,
                          "Area" : "UI",
                          "BGImageRepeat" : "no-repeat",
                          "BGImageSize" : "auto",
                          "DisplayName" : "boxes",
                          "ExpandCollapseTabLocation" : "outside",
                          "Expanded" : true,
                          "Id" : "container-17",
                          "LastContainer" : false,
                          "MinHeight" : 0,
                          "MinWidth" : 0,
                          "Overlay" : false,
                          "OverlayIsTransparent" : false,
                          "ResponsiveLayout" : true,
                          "ShowDataLoading" : true,
                          "ShowExpandCollapseTab" : false,
                          "Style" : "DefaultContainerStyle",
                          "TabCollapseStyle" : "DefaultTabCollapseStyle",
                          "TabExpandStyle" : "DefaultTabExpandStyle",
                          "TabHeight" : 36,
                          "TabLocation" : "center",
                          "TabOffset" : 0,
                          "TabWidth" : 36,
                          "Type" : "container",
                          "Visible" : true,
                          "Z-index" : 10,
                          "__TypeDisplayName" : "Container",
                          "userCannotRemove" : true
                        },
                        "Widgets" : [ {
                          "Properties" : {
                            "AllowSelection" : true,
                            "AllowYAxisZoom" : false,
                            "Area" : "UI",
                            "AxisAutoscale1" : true,
                            "AxisAutoscale10" : true,
                            "AxisAutoscale11" : true,
                            "AxisAutoscale12" : true,
                            "AxisAutoscale13" : true,
                            "AxisAutoscale14" : true,
                            "AxisAutoscale15" : true,
                            "AxisAutoscale16" : true,
                            "AxisAutoscale17" : true,
                            "AxisAutoscale18" : true,
                            "AxisAutoscale19" : true,
                            "AxisAutoscale2" : true,
                            "AxisAutoscale20" : true,
                            "AxisAutoscale21" : true,
                            "AxisAutoscale22" : true,
                            "AxisAutoscale23" : true,
                            "AxisAutoscale24" : true,
                            "AxisAutoscale3" : true,
                            "AxisAutoscale4" : true,
                            "AxisAutoscale5" : true,
                            "AxisAutoscale6" : true,
                            "AxisAutoscale7" : true,
                            "AxisAutoscale8" : true,
                            "AxisAutoscale9" : true,
                            "AxisFormat1" : "0000.0",
                            "AxisFormat10" : "0000.0",
                            "AxisFormat11" : "0000.0",
                            "AxisFormat12" : "0000.0",
                            "AxisFormat13" : "0000.0",
                            "AxisFormat14" : "0000.0",
                            "AxisFormat15" : "0000.0",
                            "AxisFormat16" : "0000.0",
                            "AxisFormat17" : "0000.0",
                            "AxisFormat18" : "0000.0",
                            "AxisFormat19" : "0000.0",
                            "AxisFormat2" : "0000.0",
                            "AxisFormat20" : "0000.0",
                            "AxisFormat21" : "0000.0",
                            "AxisFormat22" : "0000.0",
                            "AxisFormat23" : "0000.0",
                            "AxisFormat24" : "0000.0",
                            "AxisFormat3" : "0000.0",
                            "AxisFormat4" : "0000.0",
                            "AxisFormat5" : "0000.0",
                            "AxisFormat6" : "0000.0",
                            "AxisFormat7" : "0000.0",
                            "AxisFormat8" : "0000.0",
                            "AxisFormat9" : "0000.0",
                            "AxisMaximum1" : 100,
                            "AxisMaximum10" : 100,
                            "AxisMaximum11" : 100,
                            "AxisMaximum12" : 100,
                            "AxisMaximum13" : 100,
                            "AxisMaximum14" : 100,
                            "AxisMaximum15" : 100,
                            "AxisMaximum16" : 100,
                            "AxisMaximum17" : 100,
                            "AxisMaximum18" : 100,
                            "AxisMaximum19" : 100,
                            "AxisMaximum2" : 100,
                            "AxisMaximum20" : 100,
                            "AxisMaximum21" : 100,
                            "AxisMaximum22" : 100,
                            "AxisMaximum23" : 100,
                            "AxisMaximum24" : 100,
                            "AxisMaximum3" : 100,
                            "AxisMaximum4" : 100,
                            "AxisMaximum5" : 100,
                            "AxisMaximum6" : 100,
                            "AxisMaximum7" : 100,
                            "AxisMaximum8" : 100,
                            "AxisMaximum9" : 100,
                            "AxisMinimum1" : 0,
                            "AxisMinimum10" : 0,
                            "AxisMinimum11" : 0,
                            "AxisMinimum12" : 0,
                            "AxisMinimum13" : 0,
                            "AxisMinimum14" : 0,
                            "AxisMinimum15" : 0,
                            "AxisMinimum16" : 0,
                            "AxisMinimum17" : 0,
                            "AxisMinimum18" : 0,
                            "AxisMinimum19" : 0,
                            "AxisMinimum2" : 0,
                            "AxisMinimum20" : 0,
                            "AxisMinimum21" : 0,
                            "AxisMinimum22" : 0,
                            "AxisMinimum23" : 0,
                            "AxisMinimum24" : 0,
                            "AxisMinimum3" : 0,
                            "AxisMinimum4" : 0,
                            "AxisMinimum5" : 0,
                            "AxisMinimum6" : 0,
                            "AxisMinimum7" : 0,
                            "AxisMinimum8" : 0,
                            "AxisMinimum9" : 0,
                            "AxisZeroscale1" : false,
                            "AxisZeroscale10" : false,
                            "AxisZeroscale11" : false,
                            "AxisZeroscale12" : false,
                            "AxisZeroscale13" : false,
                            "AxisZeroscale14" : false,
                            "AxisZeroscale15" : false,
                            "AxisZeroscale16" : false,
                            "AxisZeroscale17" : false,
                            "AxisZeroscale18" : false,
                            "AxisZeroscale19" : false,
                            "AxisZeroscale2" : false,
                            "AxisZeroscale20" : false,
                            "AxisZeroscale21" : false,
                            "AxisZeroscale22" : false,
                            "AxisZeroscale23" : false,
                            "AxisZeroscale24" : false,
                            "AxisZeroscale3" : false,
                            "AxisZeroscale4" : false,
                            "AxisZeroscale5" : false,
                            "AxisZeroscale6" : false,
                            "AxisZeroscale7" : false,
                            "AxisZeroscale8" : false,
                            "AxisZeroscale9" : false,
                            "ChartAreaStyle" : "DefaultChartAreaStyle",
                            "ChartLegendStyle" : "DefaultChartLegendStyle",
                            "ChartOrientation" : "vertical",
                            "ChartStyle" : "DefaultChartStyle",
                            "ChartTitle" : "",
                            "ChartTitleStyle" : "DefaultChartTitleStyle",
                            "ChartType" : "bar",
                            "DataField1" : "quantityProduced",
                            "DataField2" : "targetQuantity",
                            "DataLabel1" : "Actual",
                            "DataLabel2" : "Target",
                            "DisplayName" : "labelchart-boxes",
                            "EnableHover" : true,
                            "GridStyle" : "DefaultChartGridStyle",
                            "Height" : 240,
                            "Id" : "labelchart-3",
                            "LastContainer" : false,
                            "Left" : 400,
                            "LegendLocation" : "right",
                            "LegendOrientation" : "vertical",
                            "LegendWidth" : 0,
                            "MarkerSize" : 7,
                            "MarkerType" : "circle",
                            "NumberOfSeries" : 2,
                            "ResponsiveLayout" : true,
                            "SecondaryYAxisAutoscale" : true,
                            "SecondaryYAxisFormat" : "0000",
                            "SecondaryYAxisMaximum" : 100,
                            "SecondaryYAxisMinimum" : 0,
                            "SecondaryYAxisTitle" : "",
                            "SecondaryYAxisZeroscale" : false,
                            "SelectedItemStyle" : "DefaultChartSelectionStyle",
                            "SeriesDataStyle1" : {
                              "FieldName" : "quantityTargetOk",
                              "StateDefinition" : "BayerBarChartStateFormatting",
                              "StateDefinitionType" : "string",
                              "StateFormats" : [ {
                                "comparator" : "==",
                                "state" : "Bayer_Bar_Green",
                                "stateName" : "",
                                "value" : "true"
                              }, {
                                "state" : "Bayer_Bar_Red",
                                "stateName" : ""
                              } ]
                            },
                            "SeriesDataStyle10_StateParameters" : [ ],
                            "SeriesDataStyle11_StateParameters" : [ ],
                            "SeriesDataStyle12_StateParameters" : [ ],
                            "SeriesDataStyle13_StateParameters" : [ ],
                            "SeriesDataStyle14_StateParameters" : [ ],
                            "SeriesDataStyle15_StateParameters" : [ ],
                            "SeriesDataStyle16_StateParameters" : [ ],
                            "SeriesDataStyle17_StateParameters" : [ ],
                            "SeriesDataStyle18_StateParameters" : [ ],
                            "SeriesDataStyle19_StateParameters" : [ ],
                            "SeriesDataStyle1_StateParameters" : [ ],
                            "SeriesDataStyle2" : {
                              "FieldName" : "quantityTargetOk",
                              "StateDefinition" : "BayerBarChartStateFormatting",
                              "StateDefinitionType" : "string",
                              "StateFormats" : [ {
                                "comparator" : "==",
                                "state" : "Bayer_Bar_Green",
                                "stateName" : "",
                                "value" : "true"
                              }, {
                                "state" : "Bayer_Bar_Red",
                                "stateName" : ""
                              } ]
                            },
                            "SeriesDataStyle20_StateParameters" : [ ],
                            "SeriesDataStyle21_StateParameters" : [ ],
                            "SeriesDataStyle22_StateParameters" : [ ],
                            "SeriesDataStyle23_StateParameters" : [ ],
                            "SeriesDataStyle24_StateParameters" : [ ],
                            "SeriesDataStyle2_StateParameters" : [ ],
                            "SeriesDataStyle3_StateParameters" : [ ],
                            "SeriesDataStyle4_StateParameters" : [ ],
                            "SeriesDataStyle5_StateParameters" : [ ],
                            "SeriesDataStyle6_StateParameters" : [ ],
                            "SeriesDataStyle7_StateParameters" : [ ],
                            "SeriesDataStyle8_StateParameters" : [ ],
                            "SeriesDataStyle9_StateParameters" : [ ],
                            "SeriesMarkerType1" : "chart",
                            "SeriesMarkerType10" : "chart",
                            "SeriesMarkerType11" : "chart",
                            "SeriesMarkerType12" : "chart",
                            "SeriesMarkerType13" : "chart",
                            "SeriesMarkerType14" : "chart",
                            "SeriesMarkerType15" : "chart",
                            "SeriesMarkerType16" : "chart",
                            "SeriesMarkerType17" : "chart",
                            "SeriesMarkerType18" : "chart",
                            "SeriesMarkerType19" : "chart",
                            "SeriesMarkerType2" : "circle",
                            "SeriesMarkerType20" : "chart",
                            "SeriesMarkerType21" : "chart",
                            "SeriesMarkerType22" : "chart",
                            "SeriesMarkerType23" : "chart",
                            "SeriesMarkerType24" : "chart",
                            "SeriesMarkerType3" : "chart",
                            "SeriesMarkerType4" : "chart",
                            "SeriesMarkerType5" : "chart",
                            "SeriesMarkerType6" : "chart",
                            "SeriesMarkerType7" : "chart",
                            "SeriesMarkerType8" : "chart",
                            "SeriesMarkerType9" : "chart",
                            "SeriesStyle1" : "Bayer_Bar_Grey",
                            "SeriesStyle10" : "DefaultChartStyle10",
                            "SeriesStyle11" : "DefaultChartStyle11",
                            "SeriesStyle12" : "DefaultChartStyle12",
                            "SeriesStyle13" : "DefaultChartStyle13",
                            "SeriesStyle14" : "DefaultChartStyle14",
                            "SeriesStyle15" : "DefaultChartStyle15",
                            "SeriesStyle16" : "DefaultChartStyle16",
                            "SeriesStyle17" : "DefaultChartStyle17",
                            "SeriesStyle18" : "DefaultChartStyle18",
                            "SeriesStyle19" : "DefaultChartStyle19",
                            "SeriesStyle2" : "Bayer_BlueLine",
                            "SeriesStyle20" : "DefaultChartStyle20",
                            "SeriesStyle21" : "DefaultChartStyle21",
                            "SeriesStyle22" : "DefaultChartStyle22",
                            "SeriesStyle23" : "DefaultChartStyle23",
                            "SeriesStyle24" : "DefaultChartStyle24",
                            "SeriesStyle3" : "DefaultChartStyle3",
                            "SeriesStyle4" : "DefaultChartStyle4",
                            "SeriesStyle5" : "DefaultChartStyle5",
                            "SeriesStyle6" : "DefaultChartStyle6",
                            "SeriesStyle7" : "DefaultChartStyle7",
                            "SeriesStyle8" : "DefaultChartStyle8",
                            "SeriesStyle9" : "DefaultChartStyle9",
                            "SeriesType1" : "bar",
                            "SeriesType10" : "chart",
                            "SeriesType11" : "chart",
                            "SeriesType12" : "chart",
                            "SeriesType13" : "chart",
                            "SeriesType14" : "chart",
                            "SeriesType15" : "chart",
                            "SeriesType16" : "chart",
                            "SeriesType17" : "chart",
                            "SeriesType18" : "chart",
                            "SeriesType19" : "chart",
                            "SeriesType2" : "line",
                            "SeriesType20" : "chart",
                            "SeriesType21" : "chart",
                            "SeriesType22" : "chart",
                            "SeriesType23" : "chart",
                            "SeriesType24" : "chart",
                            "SeriesType3" : "chart",
                            "SeriesType4" : "chart",
                            "SeriesType5" : "chart",
                            "SeriesType6" : "chart",
                            "SeriesType7" : "chart",
                            "SeriesType8" : "chart",
                            "SeriesType9" : "chart",
                            "ShowDataLoading" : true,
                            "ShowLegend" : false,
                            "ShowXAxis" : true,
                            "ShowXAxisGrid" : true,
                            "ShowXAxisLabels" : true,
                            "ShowXAxisTicks" : true,
                            "ShowYAxis" : true,
                            "ShowYAxisGrid" : true,
                            "ShowYAxisLabels" : true,
                            "ShowYAxisSmartLabels" : false,
                            "ShowYAxisTicks" : true,
                            "SingleDataSource" : true,
                            "Smoothing" : false,
                            "StackSeries" : false,
                            "ToolTipStyle" : "DefaultTooltipStyle",
                            "Top" : 150,
                            "TruncateX-AxisLabels" : 0,
                            "TruncateY-AxisLabels" : 0,
                            "Type" : "labelchart",
                            "UseSecondaryAxis1" : false,
                            "UseSecondaryAxis10" : false,
                            "UseSecondaryAxis11" : false,
                            "UseSecondaryAxis12" : false,
                            "UseSecondaryAxis13" : false,
                            "UseSecondaryAxis14" : false,
                            "UseSecondaryAxis15" : false,
                            "UseSecondaryAxis16" : false,
                            "UseSecondaryAxis17" : false,
                            "UseSecondaryAxis18" : false,
                            "UseSecondaryAxis19" : false,
                            "UseSecondaryAxis2" : false,
                            "UseSecondaryAxis20" : false,
                            "UseSecondaryAxis21" : false,
                            "UseSecondaryAxis22" : false,
                            "UseSecondaryAxis23" : false,
                            "UseSecondaryAxis24" : false,
                            "UseSecondaryAxis3" : false,
                            "UseSecondaryAxis4" : false,
                            "UseSecondaryAxis5" : false,
                            "UseSecondaryAxis6" : false,
                            "UseSecondaryAxis7" : false,
                            "UseSecondaryAxis8" : false,
                            "UseSecondaryAxis9" : false,
                            "Visible" : true,
                            "Width" : 640,
                            "XAxisField" : "time",
                            "XAxisFormat" : "HH:mm",
                            "XAxisLabelRotation" : 0,
                            "XAxisLabelType" : "DATETIME",
                            "XAxisStyle" : "DefaultChartAxisStyle",
                            "XAxisTitle" : "",
                            "YAxisAutoscale" : true,
                            "YAxisFormat" : "0000",
                            "YAxisIntervals" : 10,
                            "YAxisLabels" : 2,
                            "YAxisMaximum" : 100,
                            "YAxisMinimum" : 0,
                            "YAxisMinorTicks" : 1,
                            "YAxisMode" : "single",
                            "YAxisStyle" : "DefaultChartAxisStyle",
                            "YAxisTitle" : "",
                            "YAxisZeroscale" : false,
                            "Z-index" : 10,
                            "__TypeDisplayName" : "Label Chart",
                            "__supportsTooltip" : true
                          },
                          "Widgets" : [ ]
                        } ]
                      }, {
                        "Properties" : {
                          "AnimateExpandCollapse" : true,
                          "Area" : "UI",
                          "BGImageRepeat" : "no-repeat",
                          "BGImageSize" : "auto",
                          "DisplayName" : "blisters",
                          "ExpandCollapseTabLocation" : "outside",
                          "Expanded" : true,
                          "Id" : "container-18",
                          "LastContainer" : false,
                          "MinHeight" : 0,
                          "MinWidth" : 0,
                          "Overlay" : false,
                          "OverlayIsTransparent" : false,
                          "ResponsiveLayout" : true,
                          "ShowDataLoading" : true,
                          "ShowExpandCollapseTab" : false,
                          "Style" : "DefaultContainerStyle",
                          "TabCollapseStyle" : "DefaultTabCollapseStyle",
                          "TabExpandStyle" : "DefaultTabExpandStyle",
                          "TabHeight" : 36,
                          "TabLocation" : "center",
                          "TabOffset" : 0,
                          "TabWidth" : 36,
                          "Type" : "container",
                          "Visible" : true,
                          "Z-index" : 10,
                          "__TypeDisplayName" : "Container",
                          "userCannotRemove" : true
                        },
                        "Widgets" : [ {
                          "Properties" : {
                            "AllowSelection" : true,
                            "AllowYAxisZoom" : false,
                            "Area" : "UI",
                            "AxisAutoscale1" : true,
                            "AxisAutoscale10" : true,
                            "AxisAutoscale11" : true,
                            "AxisAutoscale12" : true,
                            "AxisAutoscale13" : true,
                            "AxisAutoscale14" : true,
                            "AxisAutoscale15" : true,
                            "AxisAutoscale16" : true,
                            "AxisAutoscale17" : true,
                            "AxisAutoscale18" : true,
                            "AxisAutoscale19" : true,
                            "AxisAutoscale2" : true,
                            "AxisAutoscale20" : true,
                            "AxisAutoscale21" : true,
                            "AxisAutoscale22" : true,
                            "AxisAutoscale23" : true,
                            "AxisAutoscale24" : true,
                            "AxisAutoscale3" : true,
                            "AxisAutoscale4" : true,
                            "AxisAutoscale5" : true,
                            "AxisAutoscale6" : true,
                            "AxisAutoscale7" : true,
                            "AxisAutoscale8" : true,
                            "AxisAutoscale9" : true,
                            "AxisFormat1" : "0000.0",
                            "AxisFormat10" : "0000.0",
                            "AxisFormat11" : "0000.0",
                            "AxisFormat12" : "0000.0",
                            "AxisFormat13" : "0000.0",
                            "AxisFormat14" : "0000.0",
                            "AxisFormat15" : "0000.0",
                            "AxisFormat16" : "0000.0",
                            "AxisFormat17" : "0000.0",
                            "AxisFormat18" : "0000.0",
                            "AxisFormat19" : "0000.0",
                            "AxisFormat2" : "0000.0",
                            "AxisFormat20" : "0000.0",
                            "AxisFormat21" : "0000.0",
                            "AxisFormat22" : "0000.0",
                            "AxisFormat23" : "0000.0",
                            "AxisFormat24" : "0000.0",
                            "AxisFormat3" : "0000.0",
                            "AxisFormat4" : "0000.0",
                            "AxisFormat5" : "0000.0",
                            "AxisFormat6" : "0000.0",
                            "AxisFormat7" : "0000.0",
                            "AxisFormat8" : "0000.0",
                            "AxisFormat9" : "0000.0",
                            "AxisMaximum1" : 100,
                            "AxisMaximum10" : 100,
                            "AxisMaximum11" : 100,
                            "AxisMaximum12" : 100,
                            "AxisMaximum13" : 100,
                            "AxisMaximum14" : 100,
                            "AxisMaximum15" : 100,
                            "AxisMaximum16" : 100,
                            "AxisMaximum17" : 100,
                            "AxisMaximum18" : 100,
                            "AxisMaximum19" : 100,
                            "AxisMaximum2" : 100,
                            "AxisMaximum20" : 100,
                            "AxisMaximum21" : 100,
                            "AxisMaximum22" : 100,
                            "AxisMaximum23" : 100,
                            "AxisMaximum24" : 100,
                            "AxisMaximum3" : 100,
                            "AxisMaximum4" : 100,
                            "AxisMaximum5" : 100,
                            "AxisMaximum6" : 100,
                            "AxisMaximum7" : 100,
                            "AxisMaximum8" : 100,
                            "AxisMaximum9" : 100,
                            "AxisMinimum1" : 0,
                            "AxisMinimum10" : 0,
                            "AxisMinimum11" : 0,
                            "AxisMinimum12" : 0,
                            "AxisMinimum13" : 0,
                            "AxisMinimum14" : 0,
                            "AxisMinimum15" : 0,
                            "AxisMinimum16" : 0,
                            "AxisMinimum17" : 0,
                            "AxisMinimum18" : 0,
                            "AxisMinimum19" : 0,
                            "AxisMinimum2" : 0,
                            "AxisMinimum20" : 0,
                            "AxisMinimum21" : 0,
                            "AxisMinimum22" : 0,
                            "AxisMinimum23" : 0,
                            "AxisMinimum24" : 0,
                            "AxisMinimum3" : 0,
                            "AxisMinimum4" : 0,
                            "AxisMinimum5" : 0,
                            "AxisMinimum6" : 0,
                            "AxisMinimum7" : 0,
                            "AxisMinimum8" : 0,
                            "AxisMinimum9" : 0,
                            "AxisZeroscale1" : false,
                            "AxisZeroscale10" : false,
                            "AxisZeroscale11" : false,
                            "AxisZeroscale12" : false,
                            "AxisZeroscale13" : false,
                            "AxisZeroscale14" : false,
                            "AxisZeroscale15" : false,
                            "AxisZeroscale16" : false,
                            "AxisZeroscale17" : false,
                            "AxisZeroscale18" : false,
                            "AxisZeroscale19" : false,
                            "AxisZeroscale2" : false,
                            "AxisZeroscale20" : false,
                            "AxisZeroscale21" : false,
                            "AxisZeroscale22" : false,
                            "AxisZeroscale23" : false,
                            "AxisZeroscale24" : false,
                            "AxisZeroscale3" : false,
                            "AxisZeroscale4" : false,
                            "AxisZeroscale5" : false,
                            "AxisZeroscale6" : false,
                            "AxisZeroscale7" : false,
                            "AxisZeroscale8" : false,
                            "AxisZeroscale9" : false,
                            "ChartAreaStyle" : "DefaultChartAreaStyle",
                            "ChartLegendStyle" : "DefaultChartLegendStyle",
                            "ChartOrientation" : "vertical",
                            "ChartStyle" : "DefaultChartStyle",
                            "ChartTitle" : "",
                            "ChartTitleStyle" : "DefaultChartTitleStyle",
                            "ChartType" : "bar",
                            "DataField1" : "quantityProducedBlisters",
                            "DataField2" : "targetQuantityBlisters",
                            "DataLabel1" : "Actual",
                            "DataLabel2" : "Target",
                            "DisplayName" : "labelchart-blisters",
                            "EnableHover" : true,
                            "GridStyle" : "DefaultChartGridStyle",
                            "Height" : 240,
                            "Id" : "labelchart-9",
                            "LastContainer" : false,
                            "Left" : 400,
                            "LegendLocation" : "right",
                            "LegendOrientation" : "vertical",
                            "LegendWidth" : 0,
                            "MarkerSize" : 7,
                            "MarkerType" : "circle",
                            "NumberOfSeries" : 2,
                            "ResponsiveLayout" : true,
                            "SecondaryYAxisAutoscale" : true,
                            "SecondaryYAxisFormat" : "0000",
                            "SecondaryYAxisMaximum" : 100,
                            "SecondaryYAxisMinimum" : 0,
                            "SecondaryYAxisTitle" : "",
                            "SecondaryYAxisZeroscale" : false,
                            "SelectedItemStyle" : "DefaultChartSelectionStyle",
                            "SeriesDataStyle1" : {
                              "FieldName" : "quantityTargetOk",
                              "StateDefinition" : "BayerBarChartStateFormatting",
                              "StateDefinitionType" : "string",
                              "StateFormats" : [ {
                                "comparator" : "==",
                                "state" : "Bayer_Bar_Green",
                                "stateName" : "",
                                "value" : "true"
                              }, {
                                "state" : "Bayer_Bar_Red",
                                "stateName" : ""
                              } ]
                            },
                            "SeriesDataStyle10_StateParameters" : [ ],
                            "SeriesDataStyle11_StateParameters" : [ ],
                            "SeriesDataStyle12_StateParameters" : [ ],
                            "SeriesDataStyle13_StateParameters" : [ ],
                            "SeriesDataStyle14_StateParameters" : [ ],
                            "SeriesDataStyle15_StateParameters" : [ ],
                            "SeriesDataStyle16_StateParameters" : [ ],
                            "SeriesDataStyle17_StateParameters" : [ ],
                            "SeriesDataStyle18_StateParameters" : [ ],
                            "SeriesDataStyle19_StateParameters" : [ ],
                            "SeriesDataStyle1_StateParameters" : [ ],
                            "SeriesDataStyle2" : {
                              "FieldName" : "quantityTargetOk",
                              "StateDefinition" : "BayerBarChartStateFormatting",
                              "StateDefinitionType" : "string",
                              "StateFormats" : [ {
                                "comparator" : "==",
                                "state" : "Bayer_Bar_Green",
                                "stateName" : "",
                                "value" : "true"
                              }, {
                                "state" : "Bayer_Bar_Red",
                                "stateName" : ""
                              } ]
                            },
                            "SeriesDataStyle20_StateParameters" : [ ],
                            "SeriesDataStyle21_StateParameters" : [ ],
                            "SeriesDataStyle22_StateParameters" : [ ],
                            "SeriesDataStyle23_StateParameters" : [ ],
                            "SeriesDataStyle24_StateParameters" : [ ],
                            "SeriesDataStyle2_StateParameters" : [ ],
                            "SeriesDataStyle3_StateParameters" : [ ],
                            "SeriesDataStyle4_StateParameters" : [ ],
                            "SeriesDataStyle5_StateParameters" : [ ],
                            "SeriesDataStyle6_StateParameters" : [ ],
                            "SeriesDataStyle7_StateParameters" : [ ],
                            "SeriesDataStyle8_StateParameters" : [ ],
                            "SeriesDataStyle9_StateParameters" : [ ],
                            "SeriesMarkerType1" : "chart",
                            "SeriesMarkerType10" : "chart",
                            "SeriesMarkerType11" : "chart",
                            "SeriesMarkerType12" : "chart",
                            "SeriesMarkerType13" : "chart",
                            "SeriesMarkerType14" : "chart",
                            "SeriesMarkerType15" : "chart",
                            "SeriesMarkerType16" : "chart",
                            "SeriesMarkerType17" : "chart",
                            "SeriesMarkerType18" : "chart",
                            "SeriesMarkerType19" : "chart",
                            "SeriesMarkerType2" : "circle",
                            "SeriesMarkerType20" : "chart",
                            "SeriesMarkerType21" : "chart",
                            "SeriesMarkerType22" : "chart",
                            "SeriesMarkerType23" : "chart",
                            "SeriesMarkerType24" : "chart",
                            "SeriesMarkerType3" : "chart",
                            "SeriesMarkerType4" : "chart",
                            "SeriesMarkerType5" : "chart",
                            "SeriesMarkerType6" : "chart",
                            "SeriesMarkerType7" : "chart",
                            "SeriesMarkerType8" : "chart",
                            "SeriesMarkerType9" : "chart",
                            "SeriesStyle1" : "Bayer_Bar_Grey",
                            "SeriesStyle10" : "DefaultChartStyle10",
                            "SeriesStyle11" : "DefaultChartStyle11",
                            "SeriesStyle12" : "DefaultChartStyle12",
                            "SeriesStyle13" : "DefaultChartStyle13",
                            "SeriesStyle14" : "DefaultChartStyle14",
                            "SeriesStyle15" : "DefaultChartStyle15",
                            "SeriesStyle16" : "DefaultChartStyle16",
                            "SeriesStyle17" : "DefaultChartStyle17",
                            "SeriesStyle18" : "DefaultChartStyle18",
                            "SeriesStyle19" : "DefaultChartStyle19",
                            "SeriesStyle2" : "Bayer_BlueLine",
                            "SeriesStyle20" : "DefaultChartStyle20",
                            "SeriesStyle21" : "DefaultChartStyle21",
                            "SeriesStyle22" : "DefaultChartStyle22",
                            "SeriesStyle23" : "DefaultChartStyle23",
                            "SeriesStyle24" : "DefaultChartStyle24",
                            "SeriesStyle3" : "DefaultChartStyle3",
                            "SeriesStyle4" : "DefaultChartStyle4",
                            "SeriesStyle5" : "DefaultChartStyle5",
                            "SeriesStyle6" : "DefaultChartStyle6",
                            "SeriesStyle7" : "DefaultChartStyle7",
                            "SeriesStyle8" : "DefaultChartStyle8",
                            "SeriesStyle9" : "DefaultChartStyle9",
                            "SeriesType1" : "bar",
                            "SeriesType10" : "chart",
                            "SeriesType11" : "chart",
                            "SeriesType12" : "chart",
                            "SeriesType13" : "chart",
                            "SeriesType14" : "chart",
                            "SeriesType15" : "chart",
                            "SeriesType16" : "chart",
                            "SeriesType17" : "chart",
                            "SeriesType18" : "chart",
                            "SeriesType19" : "chart",
                            "SeriesType2" : "line",
                            "SeriesType20" : "chart",
                            "SeriesType21" : "chart",
                            "SeriesType22" : "chart",
                            "SeriesType23" : "chart",
                            "SeriesType24" : "chart",
                            "SeriesType3" : "chart",
                            "SeriesType4" : "chart",
                            "SeriesType5" : "chart",
                            "SeriesType6" : "chart",
                            "SeriesType7" : "chart",
                            "SeriesType8" : "chart",
                            "SeriesType9" : "chart",
                            "ShowDataLoading" : true,
                            "ShowLegend" : false,
                            "ShowXAxis" : true,
                            "ShowXAxisGrid" : true,
                            "ShowXAxisLabels" : true,
                            "ShowXAxisTicks" : true,
                            "ShowYAxis" : true,
                            "ShowYAxisGrid" : true,
                            "ShowYAxisLabels" : true,
                            "ShowYAxisSmartLabels" : false,
                            "ShowYAxisTicks" : true,
                            "SingleDataSource" : true,
                            "Smoothing" : false,
                            "StackSeries" : false,
                            "ToolTipStyle" : "DefaultTooltipStyle",
                            "Top" : 150,
                            "TruncateX-AxisLabels" : 0,
                            "TruncateY-AxisLabels" : 0,
                            "Type" : "labelchart",
                            "UseSecondaryAxis1" : false,
                            "UseSecondaryAxis10" : false,
                            "UseSecondaryAxis11" : false,
                            "UseSecondaryAxis12" : false,
                            "UseSecondaryAxis13" : false,
                            "UseSecondaryAxis14" : false,
                            "UseSecondaryAxis15" : false,
                            "UseSecondaryAxis16" : false,
                            "UseSecondaryAxis17" : false,
                            "UseSecondaryAxis18" : false,
                            "UseSecondaryAxis19" : false,
                            "UseSecondaryAxis2" : false,
                            "UseSecondaryAxis20" : false,
                            "UseSecondaryAxis21" : false,
                            "UseSecondaryAxis22" : false,
                            "UseSecondaryAxis23" : false,
                            "UseSecondaryAxis24" : false,
                            "UseSecondaryAxis3" : false,
                            "UseSecondaryAxis4" : false,
                            "UseSecondaryAxis5" : false,
                            "UseSecondaryAxis6" : false,
                            "UseSecondaryAxis7" : false,
                            "UseSecondaryAxis8" : false,
                            "UseSecondaryAxis9" : false,
                            "Visible" : true,
                            "Width" : 640,
                            "XAxisField" : "time",
                            "XAxisFormat" : "HH:mm",
                            "XAxisLabelRotation" : 0,
                            "XAxisLabelType" : "DATETIME",
                            "XAxisStyle" : "DefaultChartAxisStyle",
                            "XAxisTitle" : "",
                            "YAxisAutoscale" : true,
                            "YAxisFormat" : "0000",
                            "YAxisIntervals" : 10,
                            "YAxisLabels" : 2,
                            "YAxisMaximum" : 100,
                            "YAxisMinimum" : 0,
                            "YAxisMinorTicks" : 1,
                            "YAxisMode" : "single",
                            "YAxisStyle" : "DefaultChartAxisStyle",
                            "YAxisTitle" : "",
                            "YAxisZeroscale" : false,
                            "Z-index" : 10,
                            "__TypeDisplayName" : "Label Chart",
                            "__supportsTooltip" : true
                          },
                          "Widgets" : [ ]
                        } ]
                      } ]
                    } ]
                  }, {
                    "Properties" : {
                      "AnimateExpandCollapse" : true,
                      "Area" : "UI",
                      "BGImageRepeat" : "no-repeat",
                      "BGImageSize" : "auto",
                      "DisplayName" : "Right Sidebar",
                      "ExpandCollapseTabLocation" : "outside",
                      "Expanded" : true,
                      "Id" : "container-5",
                      "LastContainer" : false,
                      "MinHeight" : 0,
                      "MinWidth" : 0,
                      "Overlay" : false,
                      "OverlayIsTransparent" : false,
                      "ResponsiveLayout" : true,
                      "ShowDataLoading" : true,
                      "ShowExpandCollapseTab" : false,
                      "Style" : "DefaultContainerStyle",
                      "TabCollapseStyle" : "DefaultTabCollapseStyle",
                      "TabExpandStyle" : "DefaultTabExpandStyle",
                      "TabHeight" : 36,
                      "TabLocation" : "center",
                      "TabOffset" : 0,
                      "TabWidth" : 36,
                      "Type" : "container",
                      "Visible" : true,
                      "Z-index" : 10,
                      "__TypeDisplayName" : "Container",
                      "userCannotRemove" : true
                    },
                    "Widgets" : [ ]
                  } ]
                }, {
                  "Properties" : {
                    "Area" : "UI",
                    "AutoEvaluate" : true,
                    "DisplayName" : "showBoxes",
                    "Expression" : "Output = subject !== \"blisters\";",
                    "Height" : 28,
                    "Id" : "validator-14",
                    "LastContainer" : false,
                    "Left" : 0,
                    "Output" : true,
                    "ShowDataLoading" : true,
                    "Top" : 0,
                    "Type" : "validator",
                    "Visible" : true,
                    "Width" : 200,
                    "Z-index" : 10,
                    "__TypeDisplayName" : "Validator",
                    "_currentParameterDefs" : [ {
                      "BaseType" : "STRING",
                      "Description" : "",
                      "ParameterName" : "subject",
                      "isValid" : true,
                      "name" : "subject"
                    } ],
                    "editMode" : "edit",
                    "helperType" : "validator",
                    "parameters" : [ {
                      "BaseType" : "STRING",
                      "Description" : "",
                      "ParameterName" : "subject",
                      "isValid" : true
                    } ],
                    "parametersToDelete" : [ ]
                  },
                  "Widgets" : [ ]
                }, {
                  "Properties" : {
                    "Area" : "UI",
                    "AutoEvaluate" : true,
                    "DisplayName" : "showBlisters",
                    "Expression" : "Output = subject === \"blisters\";",
                    "Height" : 28,
                    "Id" : "validator-15",
                    "LastContainer" : false,
                    "Left" : 0,
                    "Output" : true,
                    "ShowDataLoading" : true,
                    "Top" : 0,
                    "Type" : "validator",
                    "Visible" : true,
                    "Width" : 200,
                    "Z-index" : 10,
                    "__TypeDisplayName" : "Validator",
                    "_currentParameterDefs" : [ {
                      "BaseType" : "STRING",
                      "Description" : "",
                      "ParameterName" : "subject",
                      "isValid" : true,
                      "name" : "subject"
                    } ],
                    "editMode" : "edit",
                    "helperType" : "validator",
                    "parameters" : [ {
                      "BaseType" : "STRING",
                      "Description" : "",
                      "ParameterName" : "subject",
                      "isValid" : true
                    } ],
                    "parametersToDelete" : [ ]
                  },
                  "Widgets" : [ ]
                } ]
              },
              "mashupType" : "mashup"
            }
            ]]>
            </mashupContent>
            <preview></preview>
        </Mashup>
    </Mashups>
</Entities>
