<?xml version="1.0" encoding="UTF-8"?>
<Entities
 build="b222"
 majorVersion="8"
 minorVersion="5"
 modelPersistenceProviderPackage="PostgresPersistenceProviderPackage"
 revision="4"
 schemaVersion="1053"
 universal="">
    <Mashups>
        <Mashup
         aspect.isResponsive="true"
         aspect.mashupType="mashup"
         columns="0.0"
         description=""
         documentationContent=""
         homeMashup=""
         lastModifiedDate="2020-07-01T14:13:02.032Z"
         name="BayerDelaysTrendsMainMashup"
         projectName="BayerIoT"
         rows="0.0"
         tags="Applications:Bayer">
            <avatar></avatar>
            <DesignTimePermissions>
                <Create></Create>
                <Read></Read>
                <Update></Update>
                <Delete></Delete>
                <Metadata></Metadata>
            </DesignTimePermissions>
            <RunTimePermissions></RunTimePermissions>
            <VisibilityPermissions>
                <Visibility>
                    <Principal
                     isPermitted="true"
                     name="Bayer:PerformanceDashboard"
                     type="OrganizationalUnit"></Principal>
                </Visibility>
            </VisibilityPermissions>
            <ConfigurationTableDefinitions></ConfigurationTableDefinitions>
            <ConfigurationTables></ConfigurationTables>
            <ParameterDefinitions>
                <FieldDefinition
                 aspect.bindingDirection="BOTH"
                 aspect.isMandatory="false"
                 aspect.ordinal="0"
                 baseType="THINGNAME"
                 description=""
                 name="line"
                 ordinal="0"></FieldDefinition>
            </ParameterDefinitions>
            <Things></Things>
            <ThingShapes></ThingShapes>
            <ThingTemplates>
                <ThingTemplate>BayerProductionLine</ThingTemplate>
            </ThingTemplates>
            <mashupContent>
            <![CDATA[
            {
              "CustomMashupCss" : "",
              "Data" : {
                "DynamicThingTemplates_BayerProductionLine" : {
                  "DataName" : "DynamicThingTemplates_BayerProductionLine",
                  "EntityName" : "BayerProductionLine",
                  "EntityType" : "DynamicThingTemplates",
                  "Id" : "2a5019a6-6adf-4fee-93db-1f69a4b6b6f3",
                  "Services" : [ {
                    "APIMethod" : "get",
                    "Characteristic" : "Services",
                    "Id" : "40f514c8-7a34-444d-b902-621ce3ee6597",
                    "Name" : "GetProperties",
                    "Parameters" : { },
                    "RefreshInterval" : 0,
                    "Target" : "GetProperties"
                  } ]
                },
                "Session" : {
                  "DataName" : "Session",
                  "EntityName" : "",
                  "EntityType" : "Session",
                  "Id" : "session",
                  "Services" : [ {
                    "APIMethod" : "post",
                    "Characteristic" : "Services",
                    "Id" : "SessionInterface",
                    "Name" : "GetGlobalSessionValues",
                    "Parameters" : { },
                    "RefreshInterval" : 0,
                    "Target" : "GetGlobalSessionValues"
                  } ]
                },
                "UserExtensions" : {
                  "DataName" : "UserExtensions",
                  "EntityName" : "",
                  "EntityType" : "UserExtensions",
                  "Id" : "UserExtensions",
                  "Services" : [ {
                    "APIMethod" : "post",
                    "Characteristic" : "Services",
                    "Id" : "UserExtensionInterface",
                    "Name" : "GetCurrentUserExtensionProperties",
                    "Parameters" : { },
                    "RefreshInterval" : 0,
                    "Target" : "GetCurrentUserExtensionProperties"
                  } ]
                }
              },
              "DataBindings" : [ {
                "Id" : "76aa1d5e-57bf-4399-bc66-f1d0c09ab75a",
                "PropertyMaps" : [ {
                  "SourceProperty" : "line",
                  "SourcePropertyBaseType" : "THINGNAME",
                  "SourcePropertyType" : "Property",
                  "TargetProperty" : "line",
                  "TargetPropertyBaseType" : "THINGNAME",
                  "TargetPropertyType" : "property"
                } ],
                "SourceArea" : "Mashup",
                "SourceId" : "mashup-root",
                "SourceSection" : "",
                "TargetArea" : "UI",
                "TargetId" : "mashupcontainer-7",
                "TargetSection" : ""
              }, {
                "Id" : "5b979b15-ff4c-4782-9572-8436ab572911",
                "PropertyMaps" : [ {
                  "SourceProperty" : "line",
                  "SourcePropertyBaseType" : "THINGNAME",
                  "SourcePropertyType" : "Property",
                  "TargetProperty" : "productionLine",
                  "TargetPropertyBaseType" : "THINGNAME",
                  "TargetPropertyType" : "property"
                } ],
                "SourceArea" : "Mashup",
                "SourceId" : "mashup-root",
                "SourceSection" : "",
                "TargetArea" : "UI",
                "TargetId" : "mashupcontainer-8",
                "TargetSection" : ""
              }, {
                "Id" : "d5f189c7-1c19-46cc-813d-e4e8573ba582",
                "PropertyMaps" : [ {
                  "SourceProperty" : "line",
                  "SourcePropertyBaseType" : "THINGNAME",
                  "TargetProperty" : "value",
                  "TargetPropertyBaseType" : "THINGNAME",
                  "TargetPropertyType" : "Entity"
                } ],
                "SourceArea" : "Mashup",
                "SourceId" : "mashup-root",
                "SourceSection" : "",
                "TargetArea" : "Data",
                "TargetId" : "EntityName",
                "TargetSection" : "DynamicThingTemplates_BayerProductionLine"
              }, {
                "Id" : "d2bf4ef6-f227-4f68-9880-ce64c9d8aad5",
                "PropertyMaps" : [ {
                  "SourceProperty" : "displayName",
                  "SourcePropertyBaseType" : "STRING",
                  "SourcePropertyType" : "Property",
                  "TargetProperty" : "Data",
                  "TargetPropertyBaseType" : "ANYSCALAR",
                  "TargetPropertyType" : "property"
                } ],
                "SourceArea" : "Data",
                "SourceDetails" : "AllData",
                "SourceId" : "GetProperties",
                "SourceSection" : "DynamicThingTemplates_BayerProductionLine",
                "TargetArea" : "UI",
                "TargetId" : "valuedisplay-15",
                "TargetSection" : ""
              } ],
              "DesignTimePermissions" : {
                "Create" : [ ],
                "Delete" : [ ],
                "Metadata" : [ ],
                "Read" : [ ],
                "Update" : [ ]
              },
              "Events" : [ {
                "EventHandlerArea" : "Data",
                "EventHandlerId" : "DynamicThingTemplates_BayerProductionLine",
                "EventHandlerService" : "GetProperties",
                "EventTriggerArea" : "Mashup",
                "EventTriggerEvent" : "Loaded",
                "EventTriggerId" : "mashup-root",
                "EventTriggerSection" : "",
                "Id" : "5245dedb-df52-47b4-bd1d-b72f386a09b4"
              } ],
              "RunTimePermissions" : {
                "permissions" : [ ]
              },
              "UI" : {
                "Properties" : {
                  "AddToDashboardButton" : "SimplePlus",
                  "AddToDashboardButtonStyle" : "DefaultAddToDashboardButtonStyle",
                  "Area" : "Mashup",
                  "BGImage" : "",
                  "BGImageRepeat" : "no-repeat",
                  "BGImageSize" : "auto",
                  "Columns" : 0,
                  "ConfigureGadgetButton" : "SimpleGear",
                  "ConfigureGadgetButtonStyle" : "DefaultConfigureGadgetButtonStyle",
                  "DisplayName" : "Mashup",
                  "EnableParameterEditing" : false,
                  "Height" : 618,
                  "Id" : "mashup-root",
                  "IgnoreWarningsInViewMashup" : false,
                  "IsPrintLayout" : false,
                  "Left" : 0,
                  "MashupToEditGadget" : "DefaultMashupToEditGadget",
                  "MinHeight" : 0,
                  "MinWidth" : 0,
                  "ResponsiveLayout" : true,
                  "Rows" : 0,
                  "ShowDataLoading" : true,
                  "Style" : "DefaultMashupStyle",
                  "StyleTheme" : "PTC Convergence Theme",
                  "Title" : "",
                  "TitleBar" : false,
                  "TitleBarStyle" : "DefaultTitleBarStyle",
                  "TitleBarText" : "Gadget Title Here",
                  "Top" : 0,
                  "Type" : "mashup",
                  "UseMasterTheme" : false,
                  "UseTheme" : false,
                  "UseThemeForHybrids" : false,
                  "Visible" : true,
                  "Width" : 1024,
                  "Z-index" : 10,
                  "__TypeDisplayName" : "Mashup",
                  "_currentParameterDefs" : [ {
                    "Aspects" : {
                      "bindingDirection" : "BOTH",
                      "isMandatory" : false
                    },
                    "BaseType" : "THINGNAME",
                    "Description" : "",
                    "ParameterName" : "line"
                  } ],
                  "id_index" : 16,
                  "supportsAutoResize" : true
                },
                "Widgets" : [ {
                  "Properties" : {
                    "Area" : "UI",
                    "Columns" : 0,
                    "Description" : "Mashup-Layout",
                    "DisplayName" : "Mashup-Layout",
                    "Footer" : false,
                    "FooterHeight" : 0,
                    "Header" : true,
                    "HeaderHeight" : 80,
                    "Id" : "layout-2",
                    "IncludeSpacingInFixedAreas" : false,
                    "IsPrintLayout" : false,
                    "LastContainer" : false,
                    "Left" : 220,
                    "LeftSidebar" : false,
                    "LeftSidebarWidth" : 0,
                    "Orientation" : "vertical",
                    "PctColumn1" : 50,
                    "PctColumn2" : 50,
                    "PctColumn3" : 1,
                    "PctColumn4" : 1,
                    "PctColumn5" : 1,
                    "PctColumn6" : 1,
                    "PctColumn7" : 1,
                    "PctColumn8" : 1,
                    "PctRow1" : 100,
                    "PctRow2" : 0,
                    "PctRow3" : 0,
                    "PctRow4" : 0,
                    "PctRow5" : 0,
                    "PctRow6" : 0,
                    "PctRow7" : 0,
                    "PctRow8" : 0,
                    "PrintMarginLeftRight" : 0.5,
                    "PrintMarginTopBottom" : 0.5,
                    "PrintWidth" : 650,
                    "ResponsiveLayout" : true,
                    "RightSidebar" : false,
                    "RightSidebarWidth" : 0,
                    "Rows" : 1,
                    "ShowDataLoading" : true,
                    "Spacing" : 2,
                    "Top" : 200,
                    "Type" : "layout",
                    "Visible" : true,
                    "Z-index" : 10,
                    "__TypeDisplayName" : "Layout"
                  },
                  "Widgets" : [ {
                    "Properties" : {
                      "AnimateExpandCollapse" : true,
                      "Area" : "UI",
                      "BGImageRepeat" : "no-repeat",
                      "BGImageSize" : "auto",
                      "DisplayName" : "Header",
                      "ExpandCollapseTabLocation" : "outside",
                      "Expanded" : true,
                      "Id" : "container-9",
                      "LastContainer" : false,
                      "MinHeight" : 0,
                      "MinWidth" : 0,
                      "Overlay" : false,
                      "OverlayIsTransparent" : false,
                      "ResponsiveLayout" : true,
                      "ShowDataLoading" : true,
                      "ShowExpandCollapseTab" : false,
                      "Style" : "Bayer_Bar_Blue",
                      "TabCollapseStyle" : "DefaultTabCollapseStyle",
                      "TabExpandStyle" : "DefaultTabExpandStyle",
                      "TabHeight" : 36,
                      "TabLocation" : "center",
                      "TabOffset" : 0,
                      "TabWidth" : 36,
                      "Type" : "container",
                      "Visible" : true,
                      "Z-index" : 10,
                      "__TypeDisplayName" : "Container",
                      "userCannotRemove" : true
                    },
                    "Widgets" : [ {
                      "Properties" : {
                        "Area" : "UI",
                        "Columns" : 1,
                        "Description" : "Header-Layout",
                        "DisplayName" : "Header-Layout",
                        "Footer" : false,
                        "FooterHeight" : 0,
                        "Header" : false,
                        "HeaderHeight" : 0,
                        "Id" : "layout-10",
                        "IncludeSpacingInFixedAreas" : false,
                        "IsPrintLayout" : false,
                        "LastContainer" : false,
                        "Left" : 250,
                        "LeftSidebar" : true,
                        "LeftSidebarWidth" : 10,
                        "Orientation" : "horizontal",
                        "PctColumn1" : 100,
                        "PctColumn2" : 0,
                        "PctColumn3" : 1,
                        "PctColumn4" : 1,
                        "PctColumn5" : 1,
                        "PctColumn6" : 1,
                        "PctColumn7" : 1,
                        "PctColumn8" : 1,
                        "PctRow1" : 50,
                        "PctRow2" : 50,
                        "PctRow3" : 0,
                        "PctRow4" : 0,
                        "PctRow5" : 0,
                        "PctRow6" : 0,
                        "PctRow7" : 0,
                        "PctRow8" : 0,
                        "PrintMarginLeftRight" : 0.5,
                        "PrintMarginTopBottom" : 0.5,
                        "PrintWidth" : 650,
                        "ResponsiveLayout" : true,
                        "RightSidebar" : false,
                        "RightSidebarWidth" : 0,
                        "Rows" : 0,
                        "ShowDataLoading" : true,
                        "Spacing" : 0,
                        "Top" : 45,
                        "Type" : "layout",
                        "Visible" : true,
                        "Z-index" : 10,
                        "__TypeDisplayName" : "Layout"
                      },
                      "Widgets" : [ {
                        "Properties" : {
                          "AnimateExpandCollapse" : true,
                          "Area" : "UI",
                          "BGImageRepeat" : "no-repeat",
                          "BGImageSize" : "auto",
                          "DisplayName" : "Left Sidebar",
                          "ExpandCollapseTabLocation" : "outside",
                          "Expanded" : true,
                          "Id" : "container-11",
                          "LastContainer" : false,
                          "MinHeight" : 0,
                          "MinWidth" : 0,
                          "Overlay" : false,
                          "OverlayIsTransparent" : false,
                          "ResponsiveLayout" : true,
                          "ShowDataLoading" : true,
                          "ShowExpandCollapseTab" : false,
                          "Style" : "DefaultContainerStyle",
                          "TabCollapseStyle" : "DefaultTabCollapseStyle",
                          "TabExpandStyle" : "DefaultTabExpandStyle",
                          "TabHeight" : 36,
                          "TabLocation" : "center",
                          "TabOffset" : 0,
                          "TabWidth" : 36,
                          "Type" : "container",
                          "Visible" : true,
                          "Z-index" : 10,
                          "__TypeDisplayName" : "Container",
                          "userCannotRemove" : true
                        },
                        "Widgets" : [ ]
                      }, {
                        "Properties" : {
                          "AnimateExpandCollapse" : true,
                          "Area" : "UI",
                          "BGImageRepeat" : "no-repeat",
                          "BGImageSize" : "auto",
                          "DisplayName" : "Header-Content",
                          "ExpandCollapseTabLocation" : "outside",
                          "Expanded" : true,
                          "Id" : "container-12",
                          "LastContainer" : false,
                          "MinHeight" : 0,
                          "MinWidth" : 0,
                          "Overlay" : false,
                          "OverlayIsTransparent" : false,
                          "ResponsiveLayout" : true,
                          "ShowDataLoading" : true,
                          "ShowExpandCollapseTab" : false,
                          "Style" : "DefaultContainerStyle",
                          "TabCollapseStyle" : "DefaultTabCollapseStyle",
                          "TabExpandStyle" : "DefaultTabExpandStyle",
                          "TabHeight" : 36,
                          "TabLocation" : "center",
                          "TabOffset" : 0,
                          "TabWidth" : 36,
                          "Type" : "container",
                          "Visible" : true,
                          "Z-index" : 10,
                          "__TypeDisplayName" : "Container",
                          "userCannotRemove" : true
                        },
                        "Widgets" : [ {
                          "Properties" : {
                            "Area" : "UI",
                            "Columns" : 1,
                            "DisplayName" : "Header-Inner",
                            "Footer" : false,
                            "FooterHeight" : 0,
                            "Header" : false,
                            "HeaderHeight" : 0,
                            "Id" : "layout-13",
                            "IncludeSpacingInFixedAreas" : false,
                            "IsPrintLayout" : false,
                            "LastContainer" : false,
                            "Left" : 640,
                            "LeftSidebar" : true,
                            "LeftSidebarWidth" : 350,
                            "Orientation" : "horizontal",
                            "PctColumn1" : 100,
                            "PctColumn2" : 34,
                            "PctColumn3" : 34,
                            "PctColumn4" : 21,
                            "PctColumn5" : 1,
                            "PctColumn6" : 1,
                            "PctColumn7" : 1,
                            "PctColumn8" : 1,
                            "PctRow1" : 50,
                            "PctRow2" : 50,
                            "PctRow3" : 0,
                            "PctRow4" : 0,
                            "PctRow5" : 0,
                            "PctRow6" : 0,
                            "PctRow7" : 0,
                            "PctRow8" : 0,
                            "PrintMarginLeftRight" : 0.5,
                            "PrintMarginTopBottom" : 0.5,
                            "PrintWidth" : 650,
                            "ResponsiveLayout" : true,
                            "RightSidebar" : false,
                            "RightSidebarWidth" : 0,
                            "Rows" : 0,
                            "ShowDataLoading" : true,
                            "Spacing" : 2,
                            "Top" : 25,
                            "Type" : "layout",
                            "Visible" : true,
                            "Z-index" : 10,
                            "__TypeDisplayName" : "Layout"
                          },
                          "Widgets" : [ {
                            "Properties" : {
                              "AnimateExpandCollapse" : true,
                              "Area" : "UI",
                              "BGImageRepeat" : "no-repeat",
                              "BGImageSize" : "auto",
                              "DisplayName" : "Left Sidebar",
                              "ExpandCollapseTabLocation" : "outside",
                              "Expanded" : true,
                              "Id" : "container-14",
                              "LastContainer" : false,
                              "MinHeight" : 0,
                              "MinWidth" : 0,
                              "Overlay" : false,
                              "OverlayIsTransparent" : false,
                              "ResponsiveLayout" : true,
                              "ShowDataLoading" : true,
                              "ShowExpandCollapseTab" : false,
                              "Style" : "DefaultContainerStyle",
                              "TabCollapseStyle" : "DefaultTabCollapseStyle",
                              "TabExpandStyle" : "DefaultTabExpandStyle",
                              "TabHeight" : 36,
                              "TabLocation" : "center",
                              "TabOffset" : 0,
                              "TabWidth" : 36,
                              "Type" : "container",
                              "Visible" : true,
                              "Z-index" : 10,
                              "__TypeDisplayName" : "Container",
                              "userCannotRemove" : true
                            },
                            "Widgets" : [ {
                              "Properties" : {
                                "Alignment" : "left",
                                "Area" : "UI",
                                "BackgroundFill" : "content",
                                "DisplayName" : "VD-DisplayName",
                                "Height" : 22,
                                "Id" : "valuedisplay-15",
                                "ImageScaling" : "Width",
                                "Label" : "",
                                "LabelAlignment" : "left",
                                "LastContainer" : false,
                                "Left" : 145,
                                "Overflow" : "hidden",
                                "ResponsiveLayout" : true,
                                "ShowDataLoading" : true,
                                "TextIfNoValue" : "",
                                "TextIfNoValueOffset" : 0,
                                "TextIfNoValueStyle" : "Bayer_WhiteTitleBig",
                                "TextWrap" : true,
                                "ToolTipField" : "",
                                "ToolTipStyle" : "DefaultTooltipStyle",
                                "Top" : 30,
                                "Type" : "valuedisplay",
                                "UseTheme" : false,
                                "ValueDisplayLabelStyle" : "DefaultWidgetLabelStyle",
                                "ValueDisplayStyle" : "Bayer_WhiteTitleBig",
                                "ValueFormat" : {
                                  "FormatString" : "full",
                                  "renderer" : "STRING"
                                },
                                "ValueFormat_StateParameters" : [ ],
                                "VerticalAlignment" : "middle",
                                "Visible" : true,
                                "Width" : 100,
                                "Z-index" : 10,
                                "__TypeDisplayName" : "Value Display",
                                "__supportsLabel" : true,
                                "__supportsTooltip" : true
                              },
                              "Widgets" : [ ]
                            } ]
                          }, {
                            "Properties" : {
                              "AnimateExpandCollapse" : true,
                              "Area" : "UI",
                              "BGImageRepeat" : "no-repeat",
                              "BGImageSize" : "auto",
                              "DisplayName" : "Column",
                              "ExpandCollapseTabLocation" : "outside",
                              "Expanded" : true,
                              "Id" : "container-16",
                              "LastContainer" : false,
                              "MinHeight" : 0,
                              "MinWidth" : 0,
                              "Overlay" : false,
                              "OverlayIsTransparent" : false,
                              "ResponsiveLayout" : true,
                              "ShowDataLoading" : true,
                              "ShowExpandCollapseTab" : false,
                              "Style" : "DefaultContainerStyle",
                              "TabCollapseStyle" : "DefaultTabCollapseStyle",
                              "TabExpandStyle" : "DefaultTabExpandStyle",
                              "TabHeight" : 36,
                              "TabLocation" : "center",
                              "TabOffset" : 0,
                              "TabWidth" : 36,
                              "Type" : "container",
                              "Visible" : true,
                              "Z-index" : 10,
                              "__TypeDisplayName" : "Container",
                              "userCannotRemove" : true
                            },
                            "Widgets" : [ ]
                          } ]
                        } ]
                      } ]
                    } ]
                  }, {
                    "Properties" : {
                      "AnimateExpandCollapse" : true,
                      "Area" : "UI",
                      "BGImageRepeat" : "no-repeat",
                      "BGImageSize" : "auto",
                      "Description" : "Content",
                      "DisplayName" : "Content",
                      "ExpandCollapseTabLocation" : "outside",
                      "Expanded" : true,
                      "Id" : "container-3",
                      "LastContainer" : false,
                      "MinHeight" : 0,
                      "MinWidth" : 0,
                      "Overlay" : false,
                      "OverlayIsTransparent" : false,
                      "ResponsiveLayout" : true,
                      "ShowDataLoading" : true,
                      "ShowExpandCollapseTab" : false,
                      "Style" : "DefaultContainerStyle",
                      "TabCollapseStyle" : "DefaultTabCollapseStyle",
                      "TabExpandStyle" : "DefaultTabExpandStyle",
                      "TabHeight" : 36,
                      "TabLocation" : "center",
                      "TabOffset" : 0,
                      "TabWidth" : 36,
                      "Type" : "container",
                      "Visible" : true,
                      "Z-index" : 10,
                      "__TypeDisplayName" : "Container",
                      "userCannotRemove" : true
                    },
                    "Widgets" : [ {
                      "Properties" : {
                        "Area" : "UI",
                        "DefaultTabNumber" : 1,
                        "Disabled" : false,
                        "DisplayName" : "Tabset-DelaysTrends",
                        "Height" : 170,
                        "Id" : "ptcstabset-4",
                        "Items" : [ {
                          "disabled" : false,
                          "name" : "Delays",
                          "value" : "TabValue1",
                          "visible" : true
                        }, {
                          "disabled" : false,
                          "name" : "???",
                          "value" : "TabValue2",
                          "visible" : true
                        } ],
                        "LastContainer" : false,
                        "Left" : 115,
                        "NumberOfTabs" : 2,
                        "ResponsiveLayout" : true,
                        "SelectedTab" : 0,
                        "ShowDataLoading" : true,
                        "Tab10Disabled" : false,
                        "Tab10Name" : "Tab Name 10",
                        "Tab10Value" : "TabValue10",
                        "Tab10Visible" : true,
                        "Tab11Disabled" : false,
                        "Tab11Name" : "Tab Name 11",
                        "Tab11Value" : "TabValue11",
                        "Tab11Visible" : true,
                        "Tab12Disabled" : false,
                        "Tab12Name" : "Tab Name 12",
                        "Tab12Value" : "TabValue12",
                        "Tab12Visible" : true,
                        "Tab13Disabled" : false,
                        "Tab13Name" : "Tab Name 13",
                        "Tab13Value" : "TabValue13",
                        "Tab13Visible" : true,
                        "Tab14Disabled" : false,
                        "Tab14Name" : "Tab Name 14",
                        "Tab14Value" : "TabValue14",
                        "Tab14Visible" : true,
                        "Tab15Disabled" : false,
                        "Tab15Name" : "Tab Name 15",
                        "Tab15Value" : "TabValue15",
                        "Tab15Visible" : true,
                        "Tab16Disabled" : false,
                        "Tab16Name" : "Tab Name 16",
                        "Tab16Value" : "TabValue16",
                        "Tab16Visible" : true,
                        "Tab1Disabled" : false,
                        "Tab1Name" : "[[Bayer.Delays]]",
                        "Tab1Value" : "TabValue1",
                        "Tab1Visible" : true,
                        "Tab2Disabled" : false,
                        "Tab2Name" : "[[Bayer.TrendsOverview]]",
                        "Tab2Value" : "TabValue2",
                        "Tab2Visible" : true,
                        "Tab3Disabled" : false,
                        "Tab3Name" : "Tab Name 3",
                        "Tab3Value" : "TabValue3",
                        "Tab3Visible" : true,
                        "Tab4Disabled" : false,
                        "Tab4Name" : "Tab Name 4",
                        "Tab4Value" : "TabValue4",
                        "Tab4Visible" : true,
                        "Tab5Disabled" : false,
                        "Tab5Name" : "Tab Name 5",
                        "Tab5Value" : "TabValue5",
                        "Tab5Visible" : true,
                        "Tab6Disabled" : false,
                        "Tab6Name" : "Tab Name 6",
                        "Tab6Value" : "TabValue6",
                        "Tab6Visible" : true,
                        "Tab7Disabled" : false,
                        "Tab7Name" : "Tab Name 7",
                        "Tab7Value" : "TabValue7",
                        "Tab7Visible" : true,
                        "Tab8Disabled" : false,
                        "Tab8Name" : "Tab Name 8",
                        "Tab8Value" : "TabValue8",
                        "Tab8Visible" : true,
                        "Tab9Disabled" : false,
                        "Tab9Name" : "Tab Name 9",
                        "Tab9Value" : "TabValue9",
                        "Tab9Visible" : true,
                        "TabSequence" : 0,
                        "Top" : 150,
                        "Type" : "ptcstabset",
                        "UseTheme" : true,
                        "Visible" : true,
                        "Width" : 400,
                        "Z-index" : 10,
                        "__TypeDisplayName" : "Tabs"
                      },
                      "Widgets" : [ {
                        "Properties" : {
                          "AnimateExpandCollapse" : true,
                          "Area" : "UI",
                          "BGImageRepeat" : "no-repeat",
                          "BGImageSize" : "auto",
                          "DisplayName" : "Tab-Delays",
                          "ExpandCollapseTabLocation" : "outside",
                          "Expanded" : true,
                          "Id" : "container-5",
                          "LastContainer" : false,
                          "MinHeight" : 0,
                          "MinWidth" : 0,
                          "Overlay" : false,
                          "OverlayIsTransparent" : false,
                          "ResponsiveLayout" : true,
                          "ShowDataLoading" : true,
                          "ShowExpandCollapseTab" : false,
                          "Style" : "DefaultContainerStyle",
                          "TabCollapseStyle" : "DefaultTabCollapseStyle",
                          "TabExpandStyle" : "DefaultTabExpandStyle",
                          "TabHeight" : 36,
                          "TabLocation" : "center",
                          "TabOffset" : 0,
                          "TabWidth" : 36,
                          "Type" : "container",
                          "Visible" : true,
                          "Z-index" : 10,
                          "__TypeDisplayName" : "Container",
                          "userCannotRemove" : true
                        },
                        "Widgets" : [ {
                          "Properties" : {
                            "Area" : "UI",
                            "DisplayName" : "MashupCont-Delays",
                            "Height" : 300,
                            "Id" : "mashupcontainer-7",
                            "LastContainer" : false,
                            "Left" : 0,
                            "MashupParameters" : [ {
                              "BaseType" : "INTEGER",
                              "Description" : "",
                              "ParameterName" : "shiftId",
                              "ParmDef" : {
                                "aspects" : {
                                  "bindingDirection" : "BOTH",
                                  "isMandatory" : "false",
                                  "ordinal" : "0"
                                },
                                "baseType" : "INTEGER",
                                "description" : "",
                                "name" : "shiftId",
                                "ordinal" : 0
                              }
                            }, {
                              "BaseType" : "DATETIME",
                              "Description" : "",
                              "ParameterName" : "shiftRefresh",
                              "ParmDef" : {
                                "aspects" : {
                                  "bindingDirection" : "BOTH",
                                  "isMandatory" : "false",
                                  "ordinal" : "3"
                                },
                                "baseType" : "DATETIME",
                                "description" : "",
                                "name" : "shiftRefresh",
                                "ordinal" : 0
                              }
                            }, {
                              "BaseType" : "THINGNAME",
                              "Description" : "",
                              "ParameterName" : "line",
                              "ParmDef" : {
                                "aspects" : {
                                  "bindingDirection" : "IN",
                                  "isMandatory" : "false",
                                  "ordinal" : "1"
                                },
                                "baseType" : "THINGNAME",
                                "description" : "",
                                "name" : "line",
                                "ordinal" : 0
                              }
                            }, {
                              "BaseType" : "MASHUPNAME",
                              "Description" : "",
                              "ParameterName" : "navigateToMashup",
                              "ParmDef" : {
                                "aspects" : {
                                  "bindingDirection" : "BOTH",
                                  "isMandatory" : "false",
                                  "ordinal" : "2"
                                },
                                "baseType" : "MASHUPNAME",
                                "description" : "",
                                "name" : "navigateToMashup",
                                "ordinal" : 0
                              }
                            } ],
                            "Name" : "BayerDelaysMashup",
                            "ResponsiveLayout" : true,
                            "ShowDataLoading" : true,
                            "TabSequenceGroup" : 0,
                            "Top" : 80,
                            "Type" : "mashupcontainer",
                            "Visible" : true,
                            "Width" : 400,
                            "Z-index" : 10,
                            "__TypeDisplayName" : "Contained Mashup"
                          },
                          "Widgets" : [ ]
                        } ]
                      }, {
                        "Properties" : {
                          "AnimateExpandCollapse" : true,
                          "Area" : "UI",
                          "BGImageRepeat" : "no-repeat",
                          "BGImageSize" : "auto",
                          "DisplayName" : "Tab-Trends",
                          "ExpandCollapseTabLocation" : "outside",
                          "Expanded" : true,
                          "Id" : "container-6",
                          "LastContainer" : false,
                          "MinHeight" : 0,
                          "MinWidth" : 0,
                          "Overlay" : false,
                          "OverlayIsTransparent" : false,
                          "ResponsiveLayout" : true,
                          "ShowDataLoading" : true,
                          "ShowExpandCollapseTab" : false,
                          "Style" : "DefaultContainerStyle",
                          "TabCollapseStyle" : "DefaultTabCollapseStyle",
                          "TabExpandStyle" : "DefaultTabExpandStyle",
                          "TabHeight" : 36,
                          "TabLocation" : "center",
                          "TabOffset" : 0,
                          "TabWidth" : 36,
                          "Type" : "container",
                          "Visible" : true,
                          "Z-index" : 10,
                          "__TypeDisplayName" : "Container",
                          "userCannotRemove" : true
                        },
                        "Widgets" : [ {
                          "Properties" : {
                            "Area" : "UI",
                            "DisplayName" : "MashupCont-TrendsOverview",
                            "Height" : 300,
                            "Id" : "mashupcontainer-8",
                            "LastContainer" : false,
                            "Left" : 0,
                            "MashupParameters" : [ {
                              "BaseType" : "DATETIME",
                              "Description" : "",
                              "ParameterName" : "endDate",
                              "ParmDef" : {
                                "aspects" : {
                                  "bindingDirection" : "BOTH",
                                  "isMandatory" : "false",
                                  "ordinal" : "2"
                                },
                                "baseType" : "DATETIME",
                                "description" : "",
                                "name" : "endDate",
                                "ordinal" : 0
                              }
                            }, {
                              "BaseType" : "THINGNAME",
                              "Description" : "",
                              "ParameterName" : "productionLine",
                              "ParmDef" : {
                                "aspects" : {
                                  "bindingDirection" : "BOTH",
                                  "isMandatory" : "false",
                                  "ordinal" : "0"
                                },
                                "baseType" : "THINGNAME",
                                "description" : "",
                                "name" : "productionLine",
                                "ordinal" : 0
                              }
                            }, {
                              "BaseType" : "DATETIME",
                              "Description" : "",
                              "ParameterName" : "startDate",
                              "ParmDef" : {
                                "aspects" : {
                                  "bindingDirection" : "BOTH",
                                  "isMandatory" : "false",
                                  "ordinal" : "1"
                                },
                                "baseType" : "DATETIME",
                                "description" : "",
                                "name" : "startDate",
                                "ordinal" : 0
                              }
                            } ],
                            "Name" : "BayerTrendsOverviewPanelMashup",
                            "ResponsiveLayout" : true,
                            "ShowDataLoading" : true,
                            "TabSequenceGroup" : 0,
                            "Top" : 105,
                            "Type" : "mashupcontainer",
                            "Visible" : true,
                            "Width" : 400,
                            "Z-index" : 10,
                            "__TypeDisplayName" : "Contained Mashup"
                          },
                          "Widgets" : [ ]
                        } ]
                      } ]
                    } ]
                  } ]
                } ]
              },
              "mashupType" : "mashup"
            }
            ]]>
            </mashupContent>
            <preview></preview>
        </Mashup>
    </Mashups>
</Entities>
