<?xml version="1.0" encoding="UTF-8"?>
<Entities
 build="b222"
 majorVersion="8"
 minorVersion="5"
 modelPersistenceProviderPackage="PostgresPersistenceProviderPackage"
 revision="4"
 schemaVersion="1053"
 universal="">
    <Mashups>
        <Mashup
         aspect.isResponsive="false"
         aspect.mashupType="mashup"
         columns="0.0"
         description=""
         documentationContent=""
         homeMashup=""
         lastModifiedDate="2020-08-04T06:02:29.736Z"
         name="BayerLeftMenuItemMashup"
         projectName="BayerIoT"
         rows="0.0"
         tags="Applications:Bayer">
            <avatar></avatar>
            <DesignTimePermissions>
                <Create></Create>
                <Read></Read>
                <Update></Update>
                <Delete></Delete>
                <Metadata></Metadata>
            </DesignTimePermissions>
            <RunTimePermissions></RunTimePermissions>
            <VisibilityPermissions>
                <Visibility>
                    <Principal
                     isPermitted="true"
                     name="Bayer:PerformanceDashboard"
                     type="OrganizationalUnit"></Principal>
                </Visibility>
            </VisibilityPermissions>
            <ConfigurationTableDefinitions></ConfigurationTableDefinitions>
            <ConfigurationTables></ConfigurationTables>
            <ParameterDefinitions>
                <FieldDefinition
                 aspect.ordinal="1"
                 baseType="IMAGELINK"
                 description=""
                 name="icon"
                 ordinal="0"></FieldDefinition>
                <FieldDefinition
                 aspect.ordinal="2"
                 baseType="IMAGELINK"
                 description=""
                 name="iconSelected"
                 ordinal="0"></FieldDefinition>
                <FieldDefinition
                 aspect.ordinal="3"
                 baseType="BOOLEAN"
                 description=""
                 name="selected"
                 ordinal="0"></FieldDefinition>
                <FieldDefinition
                 aspect.ordinal="0"
                 baseType="STRING"
                 description=""
                 name="title"
                 ordinal="0"></FieldDefinition>
            </ParameterDefinitions>
            <Things></Things>
            <ThingShapes></ThingShapes>
            <ThingTemplates></ThingTemplates>
            <mashupContent>
            <![CDATA[
            {
              "CustomMashupCss" : "",
              "Data" : {
                "Session" : {
                  "DataName" : "Session",
                  "EntityName" : "",
                  "EntityType" : "Session",
                  "Id" : "session",
                  "Services" : [ {
                    "APIMethod" : "post",
                    "Characteristic" : "Services",
                    "Id" : "SessionInterface",
                    "Name" : "GetGlobalSessionValues",
                    "Parameters" : { },
                    "RefreshInterval" : 0,
                    "Target" : "GetGlobalSessionValues"
                  } ]
                },
                "UserExtensions" : {
                  "DataName" : "UserExtensions",
                  "EntityName" : "",
                  "EntityType" : "UserExtensions",
                  "Id" : "UserExtensions",
                  "Services" : [ {
                    "APIMethod" : "post",
                    "Characteristic" : "Services",
                    "Id" : "UserExtensionInterface",
                    "Name" : "GetCurrentUserExtensionProperties",
                    "Parameters" : { },
                    "RefreshInterval" : 0,
                    "Target" : "GetCurrentUserExtensionProperties"
                  } ]
                }
              },
              "DataBindings" : [ {
                "Id" : "b144bac8-c36b-4112-b996-56afd6c31f16",
                "PropertyMaps" : [ {
                  "SourceProperty" : "icon",
                  "SourcePropertyBaseType" : "IMAGELINK",
                  "TargetProperty" : "SourceURL",
                  "TargetPropertyBaseType" : "IMAGELINK"
                } ],
                "SourceArea" : "Mashup",
                "SourceId" : "mashup-root",
                "SourceSection" : "",
                "TargetArea" : "UI",
                "TargetId" : "image-1",
                "TargetSection" : ""
              }, {
                "Id" : "c29b73da-6b79-4a0e-93ff-f6089f0bbea7",
                "PropertyMaps" : [ {
                  "SourceProperty" : "iconSelected",
                  "SourcePropertyBaseType" : "IMAGELINK",
                  "TargetProperty" : "SourceURL",
                  "TargetPropertyBaseType" : "IMAGELINK"
                } ],
                "SourceArea" : "Mashup",
                "SourceId" : "mashup-root",
                "SourceSection" : "",
                "TargetArea" : "UI",
                "TargetId" : "image-2",
                "TargetSection" : ""
              }, {
                "Id" : "552096ce-7800-4d39-b1d4-96318a32aecb",
                "PropertyMaps" : [ {
                  "SourceProperty" : "selected",
                  "SourcePropertyBaseType" : "BOOLEAN",
                  "TargetProperty" : "Visible",
                  "TargetPropertyBaseType" : ""
                } ],
                "SourceArea" : "Mashup",
                "SourceId" : "mashup-root",
                "SourceSection" : "",
                "TargetArea" : "UI",
                "TargetId" : "image-2",
                "TargetSection" : ""
              }, {
                "Id" : "c6622100-f83d-4951-a223-c5be75cf327b",
                "PropertyMaps" : [ {
                  "SourceProperty" : "Output",
                  "SourcePropertyBaseType" : "BOOLEAN",
                  "TargetProperty" : "Visible",
                  "TargetPropertyBaseType" : ""
                } ],
                "SourceArea" : "UI",
                "SourceId" : "expression-3",
                "SourceSection" : "",
                "TargetArea" : "UI",
                "TargetId" : "image-1",
                "TargetSection" : ""
              }, {
                "Id" : "c06ef945-7ca0-412b-ad02-19d04bb55365",
                "PropertyMaps" : [ {
                  "SourceProperty" : "selected",
                  "SourcePropertyBaseType" : "BOOLEAN",
                  "SourcePropertyType" : "Property",
                  "TargetProperty" : "input",
                  "TargetPropertyBaseType" : "BOOLEAN",
                  "TargetPropertyType" : "property"
                } ],
                "SourceArea" : "Mashup",
                "SourceId" : "mashup-root",
                "SourceSection" : "",
                "TargetArea" : "UI",
                "TargetId" : "expression-3",
                "TargetSection" : ""
              }, {
                "Id" : "f2578c55-982b-463f-b7f4-9299002e16e8",
                "PropertyMaps" : [ {
                  "SourceProperty" : "title",
                  "SourcePropertyBaseType" : "STRING",
                  "SourcePropertyType" : "Property",
                  "TargetProperty" : "Text",
                  "TargetPropertyBaseType" : "STRING",
                  "TargetPropertyType" : "property"
                } ],
                "SourceArea" : "Mashup",
                "SourceId" : "mashup-root",
                "SourceSection" : "",
                "TargetArea" : "UI",
                "TargetId" : "label-4",
                "TargetSection" : ""
              } ],
              "DesignTimePermissions" : {
                "Create" : [ ],
                "Delete" : [ ],
                "Metadata" : [ ],
                "Read" : [ ],
                "Update" : [ ]
              },
              "Events" : [ ],
              "RunTimePermissions" : {
                "permissions" : [ ]
              },
              "UI" : {
                "Properties" : {
                  "AddToDashboardButton" : "SimplePlus",
                  "AddToDashboardButtonStyle" : "DefaultAddToDashboardButtonStyle",
                  "Area" : "Mashup",
                  "BGImage" : "",
                  "BGImageRepeat" : "no-repeat",
                  "BGImageSize" : "auto",
                  "Columns" : 0,
                  "ConfigureGadgetButton" : "SimpleGear",
                  "ConfigureGadgetButtonStyle" : "DefaultConfigureGadgetButtonStyle",
                  "DisplayName" : "Mashup",
                  "EnableParameterEditing" : false,
                  "Height" : 110,
                  "Id" : "mashup-root",
                  "IgnoreWarningsInViewMashup" : false,
                  "IsPrintLayout" : false,
                  "Left" : 0,
                  "MashupToEditGadget" : "DefaultMashupToEditGadget",
                  "MinHeight" : 0,
                  "MinWidth" : 0,
                  "ResponsiveLayout" : false,
                  "Rows" : 0,
                  "ShowDataLoading" : true,
                  "Style" : "DefaultMashupStyle",
                  "StyleTheme" : "Base Theme",
                  "Title" : "",
                  "TitleBar" : false,
                  "TitleBarStyle" : "DefaultTitleBarStyle",
                  "TitleBarText" : "Gadget Title Here",
                  "Top" : 0,
                  "Type" : "mashup",
                  "UseMasterTheme" : false,
                  "UseTheme" : false,
                  "UseThemeForHybrids" : false,
                  "Visible" : true,
                  "Width" : 125,
                  "Z-index" : 10,
                  "__TypeDisplayName" : "Mashup",
                  "_currentParameterDefs" : [ {
                    "BaseType" : "STRING",
                    "Description" : "",
                    "ParameterName" : "title"
                  }, {
                    "BaseType" : "IMAGELINK",
                    "Description" : "",
                    "ParameterName" : "icon"
                  }, {
                    "BaseType" : "IMAGELINK",
                    "Description" : "",
                    "ParameterName" : "iconSelected"
                  }, {
                    "BaseType" : "BOOLEAN",
                    "Description" : "",
                    "ParameterName" : "selected"
                  } ],
                  "id_index" : 6,
                  "supportsAutoResize" : true
                },
                "Widgets" : [ {
                  "Properties" : {
                    "Area" : "UI",
                    "AutoEvaluate" : true,
                    "DataChangeType" : "VALUE",
                    "DisplayName" : "expression-3",
                    "Expression" : "!input",
                    "FireOnFirstValue" : false,
                    "Height" : 28,
                    "Id" : "expression-3",
                    "LastContainer" : false,
                    "Left" : 0,
                    "OutputBaseType" : "BOOLEAN",
                    "ResponsiveLayout" : false,
                    "ShowDataLoading" : true,
                    "Top" : 0,
                    "Type" : "expression",
                    "Visible" : true,
                    "Width" : 200,
                    "Z-index" : 10,
                    "__TypeDisplayName" : "Expression",
                    "_currentParameterDefs" : [ {
                      "BaseType" : "BOOLEAN",
                      "Description" : "",
                      "ParameterName" : "input",
                      "name" : "input"
                    } ]
                  },
                  "Widgets" : [ ]
                }, {
                  "Properties" : {
                    "Area" : "UI",
                    "ContainerClass" : "",
                    "Description" : "Panel",
                    "DisplayName" : "Panel",
                    "Height" : 110,
                    "HideScrollbars" : true,
                    "HorizontalAnchor" : "center",
                    "Id" : "panel-5",
                    "LastContainer" : false,
                    "Left" : 0,
                    "ResponsiveLayout" : false,
                    "ShowDataLoading" : true,
                    "Style" : "DefaultContainerStyle",
                    "Top" : 0,
                    "Type" : "panel",
                    "VerticalAnchor" : "middle",
                    "Visible" : true,
                    "Width" : 125,
                    "Z-index" : 10,
                    "__TypeDisplayName" : "Panel"
                  },
                  "Widgets" : [ {
                    "Properties" : {
                      "Alignment" : "center",
                      "AllowEllipsis" : true,
                      "Area" : "UI",
                      "DisplayName" : "label-4",
                      "Height" : 50,
                      "Id" : "label-4",
                      "LastContainer" : false,
                      "Left" : 0,
                      "ResponsiveLayout" : false,
                      "ShowDataLoading" : false,
                      "Style" : "Bayer_MenuTitle",
                      "ToolTipField" : "",
                      "ToolTipStyle" : "DefaultTooltipStyle",
                      "Top" : 60,
                      "Type" : "label",
                      "Visible" : true,
                      "Width" : 125,
                      "Z-index" : 10,
                      "__TypeDisplayName" : "Label",
                      "__supportsTooltip" : true
                    },
                    "Widgets" : [ ]
                  }, {
                    "Properties" : {
                      "Area" : "UI",
                      "ContainerClass" : "",
                      "Description" : "Inner-Panel",
                      "DisplayName" : "Inner-Panel",
                      "Height" : 60,
                      "HideScrollbars" : true,
                      "HorizontalAnchor" : "center",
                      "Id" : "panel-6",
                      "LastContainer" : false,
                      "Left" : 0,
                      "ResponsiveLayout" : false,
                      "ShowDataLoading" : true,
                      "Style" : "DefaultContainerStyle",
                      "Top" : 0,
                      "Type" : "panel",
                      "VerticalAnchor" : "top",
                      "Visible" : true,
                      "Width" : 60,
                      "Z-index" : 10,
                      "__TypeDisplayName" : "Panel"
                    },
                    "Widgets" : [ {
                      "Properties" : {
                        "AlternateText" : "",
                        "Area" : "UI",
                        "BorderStyle" : "DefaultImageBorderStyle",
                        "Description" : "Image-Icon",
                        "DisplayName" : "Image-Icon",
                        "Height" : 60,
                        "Id" : "image-1",
                        "LastContainer" : false,
                        "Left" : 0,
                        "PreventCaching" : false,
                        "ResponsiveLayout" : false,
                        "Scaling" : "width",
                        "ShowDataLoading" : true,
                        "SourceURL" : "",
                        "ToolTipField" : "",
                        "ToolTipStyle" : "DefaultTooltipStyle",
                        "Top" : 0,
                        "Type" : "image",
                        "Visible" : true,
                        "Width" : 60,
                        "Z-index" : 10,
                        "__TypeDisplayName" : "Image",
                        "__supportsTooltip" : true
                      },
                      "Widgets" : [ ]
                    }, {
                      "Properties" : {
                        "AlternateText" : "",
                        "Area" : "UI",
                        "BorderStyle" : "DefaultImageBorderStyle",
                        "Description" : "Image-selected",
                        "DisplayName" : "Image-selected",
                        "Height" : 60,
                        "Id" : "image-2",
                        "LastContainer" : false,
                        "Left" : 0,
                        "PreventCaching" : false,
                        "ResponsiveLayout" : false,
                        "Scaling" : "width",
                        "ShowDataLoading" : true,
                        "SourceURL" : "",
                        "ToolTipField" : "",
                        "ToolTipStyle" : "DefaultTooltipStyle",
                        "Top" : 0,
                        "Type" : "image",
                        "Visible" : true,
                        "Width" : 60,
                        "Z-index" : 11,
                        "__TypeDisplayName" : "Image",
                        "__supportsTooltip" : true
                      },
                      "Widgets" : [ ]
                    } ]
                  } ]
                } ]
              },
              "mashupType" : "mashup"
            }
            ]]>
            </mashupContent>
            <preview></preview>
        </Mashup>
    </Mashups>
</Entities>
