<?xml version="1.0" encoding="UTF-8" standalone="no"?>
<Entities build="b222" majorVersion="8" minorVersion="5" modelPersistenceProviderPackage="PostgresPersistenceProviderPackage" revision="4" schemaVersion="1053" universal="">
    <DataShapes>
        <DataShape baseDataShape="" description="DT Record: TA-Numbers Mapping Info (TA &amp; Format Type)" documentationContent="" homeMashup="" lastModifiedDate="2020-08-05T17:30:20.602Z" name="BayerTANumbersRecordDataShape" projectName="BayerIoT" tags="">
            <avatar/>
            <DesignTimePermissions>
                <Create/>
                <Read>
                    <Principal isPermitted="true" name="App.BayerPerformanceDashboard" type="Group"/>
                </Read>
                <Update/>
                <Delete/>
                <Metadata/>
            </DesignTimePermissions>
            <RunTimePermissions/>
            <VisibilityPermissions>
                <Visibility/>
            </VisibilityPermissions>
            <ConfigurationTableDefinitions/>
            <ConfigurationTables/>
            <FieldDefinitions>
                <FieldDefinition aspect.isPrimaryKey="false" baseType="STRING" description="Format Type" name="formatType" ordinal="3"/>
                <FieldDefinition aspect.isPrimaryKey="true" aspect.thingTemplate="BayerProductionLine" baseType="THINGNAME" description="Production Line Thing Name" name="productionLine" ordinal="1"/>
                <FieldDefinition aspect.isPrimaryKey="true" baseType="STRING" description="TA-Number" name="taNumber" ordinal="2"/>
            </FieldDefinitions>
        </DataShape>
    </DataShapes>
</Entities>
