<?xml version="1.0" encoding="UTF-8" standalone="no"?>
<Entities build="b222" majorVersion="8" minorVersion="5" modelPersistenceProviderPackage="PostgresPersistenceProviderPackage" revision="4" schemaVersion="1053" universal="">
    <Things>
        <Thing description="" documentationContent="" effectiveThingPackage="ConfiguredThing" enabled="true" homeMashup="" identifier="" lastModifiedDate="2019-12-12T10:34:40.210Z" name="BayerReportsPage" projectName="BayerIoT" published="false" tags="Applications:Bayer" thingTemplate="BayerPageController" valueStream="">
            <avatar/>
            <DesignTimePermissions>
                <Create/>
                <Read/>
                <Update/>
                <Delete/>
                <Metadata/>
            </DesignTimePermissions>
            <RunTimePermissions>
                <Permissions resourceName="GetProductionPerformance">
                    <PropertyRead/>
                    <PropertyWrite/>
                    <ServiceInvoke>
                        <Principal isPermitted="true" name="Role.BayerOffice" type="Group"/>
                        <Principal isPermitted="true" name="Role.BayerProductionLine.Any" type="Group"/>
                        <Principal isPermitted="true" name="System" type="User"/>
                    </ServiceInvoke>
                    <EventInvoke/>
                    <EventSubscribe/>
                </Permissions>
                <Permissions resourceName="GetProblemsAndIssues">
                    <PropertyRead/>
                    <PropertyWrite/>
                    <ServiceInvoke/>
                    <EventInvoke/>
                    <EventSubscribe/>
                </Permissions>
                <Permissions resourceName="GetDelays">
                    <PropertyRead/>
                    <PropertyWrite/>
                    <ServiceInvoke>
                        <Principal isPermitted="true" name="Role.BayerOffice" type="Group"/>
                        <Principal isPermitted="true" name="Role.BayerProductionLine.Any" type="Group"/>
                    </ServiceInvoke>
                    <EventInvoke/>
                    <EventSubscribe/>
                </Permissions>
                <Permissions resourceName="*">
                    <PropertyRead>
                        <Principal isPermitted="true" name="System" type="User"/>
                    </PropertyRead>
                    <PropertyWrite/>
                    <ServiceInvoke/>
                    <EventInvoke/>
                    <EventSubscribe/>
                </Permissions>
                <Permissions resourceName="GetChangeoverReport">
                    <PropertyRead/>
                    <PropertyWrite/>
                    <ServiceInvoke>
                        <Principal isPermitted="true" name="Role.BayerOffice" type="Group"/>
                        <Principal isPermitted="true" name="Role.BayerProductionLine.Any" type="Group"/>
                    </ServiceInvoke>
                    <EventInvoke/>
                    <EventSubscribe/>
                </Permissions>
            </RunTimePermissions>
            <VisibilityPermissions>
                <Visibility>
                    <Principal isPermitted="true" name="Bayer:PerformanceDashboard" type="OrganizationalUnit"/>
                </Visibility>
            </VisibilityPermissions>
            <ConfigurationTableDefinitions/>
            <ConfigurationTables/>
            <ThingShape>
                <PropertyDefinitions/>
                <ServiceDefinitions>
                    <ServiceDefinition aspect.isAsync="false" category="" description="" isAllowOverride="false" isLocalOnly="false" isOpen="false" isPrivate="false" name="GetChangeoverReport">
                        <ResultType aspect.dataShape="BayerChangeoverTimesDataShape" baseType="INFOTABLE" description="" name="result" ordinal="0"/>
                        <ParameterDefinitions>
                            <FieldDefinition aspect.isRequired="true" baseType="DATETIME" description="" name="endTime" ordinal="3"/>
                            <FieldDefinition aspect.isRequired="true" aspect.thingTemplate="BayerProductionLine" baseType="THINGNAME" description="" name="lineName" ordinal="1"/>
                            <FieldDefinition aspect.isRequired="true" baseType="DATETIME" description="" name="startTime" ordinal="2"/>
                        </ParameterDefinitions>
                    </ServiceDefinition>
                    <ServiceDefinition aspect.isAsync="false" category="" description="" isAllowOverride="false" isLocalOnly="false" isOpen="false" isPrivate="false" name="GetDelays">
                        <ResultType aspect.dataShape="GetDelayShiftDetailsDataShape" baseType="INFOTABLE" description="" name="result" ordinal="0"/>
                        <ParameterDefinitions>
                            <FieldDefinition aspect.thingTemplate="BayerProductionLine" baseType="THINGNAME" description="" name="line" ordinal="1"/>
                        </ParameterDefinitions>
                    </ServiceDefinition>
                    <ServiceDefinition aspect.isAsync="false" category="" description="" isAllowOverride="false" isLocalOnly="false" isOpen="false" isPrivate="false" name="GetProductionPerformance">
                        <ResultType aspect.dataShape="BayerProductionPerformanceDataShape" baseType="INFOTABLE" description="" name="result" ordinal="0"/>
                        <ParameterDefinitions>
                            <FieldDefinition aspect.isRequired="true" baseType="DATETIME" description="" name="endTime" ordinal="2"/>
                            <FieldDefinition aspect.isRequired="true" aspect.thingTemplate="BayerProductionLine" baseType="THINGNAME" description="" name="lineName" ordinal="3"/>
                            <FieldDefinition aspect.isRequired="true" baseType="DATETIME" description="" name="startTime" ordinal="1"/>
                        </ParameterDefinitions>
                    </ServiceDefinition>
                </ServiceDefinitions>
                <EventDefinitions/>
                <ServiceMappings/>
                <ServiceImplementations>
                    <ServiceImplementation description="" handlerName="Script" name="GetChangeoverReport">
                        <ConfigurationTables>
                            <ConfigurationTable description="Script" isMultiRow="false" name="Script" ordinal="0">
                                <DataShape>
                                    <FieldDefinitions>
                                        <FieldDefinition baseType="STRING" description="code" name="code" ordinal="0"/>
                                    </FieldDefinitions>
                                </DataShape>
                                <Rows>
                                    <Row>
                                        <code>
                                        <![CDATA[
                                        if (lineName) {
                                            var params = {
                                                startTime: startTime /* DATETIME */,
                                                endTime: endTime /* DATETIME */
                                            };
                                        
                                            // result: INFOTABLE dataShape: BayerChangeoverTimesDataShape
                                            var result = Things[lineName].GetChangeoverTimes(params);
                                        }
                                        ]]>
                                        </code>
                                    </Row>
                                </Rows>
                            </ConfigurationTable>
                        </ConfigurationTables>
                    </ServiceImplementation>
                    <ServiceImplementation description="" handlerName="Script" name="GetDelays">
                        <ConfigurationTables>
                            <ConfigurationTable description="" isMultiRow="false" name="Script" ordinal="0">
                                <DataShape>
                                    <FieldDefinitions>
                                        <FieldDefinition baseType="STRING" description="code" name="code" ordinal="0"/>
                                    </FieldDefinitions>
                                </DataShape>
                                <Rows>
                                    <Row>
                                        <code>
                                        <![CDATA[
                                        // result: INFOTABLE dataShape: "BayerDelaysSummaryDataShape"
                                        var result =  Things[line].GetDelayShiftDetails({
                                        	shiftScheduleId: Things[line].currentShiftId 
                                        });
                                        ]]>
                                        </code>
                                    </Row>
                                </Rows>
                            </ConfigurationTable>
                        </ConfigurationTables>
                    </ServiceImplementation>
                    <ServiceImplementation description="" handlerName="Script" name="GetProductionPerformance">
                        <ConfigurationTables>
                            <ConfigurationTable description="Script" isMultiRow="false" name="Script" ordinal="0">
                                <DataShape>
                                    <FieldDefinitions>
                                        <FieldDefinition baseType="STRING" description="code" name="code" ordinal="0"/>
                                    </FieldDefinitions>
                                </DataShape>
                                <Rows>
                                    <Row>
                                        <code>
                                        <![CDATA[
                                        if (lineName) {
                                            var params = {
                                                startTime: startTime /* DATETIME */,
                                                endTime: endTime /* DATETIME */
                                            };
                                        
                                            // result: INFOTABLE dataShape: BayerDailyPerformanceDataShape
                                            var dailyPerformance = Things[lineName].GetDailyPerformanceForTimeframe(params);
                                        
                                            var params = {
                                                infoTableName : "InfoTable",
                                                dataShapeName : "BayerProductionPerformanceDataShape"
                                            };
                                        
                                            // CreateInfoTableFromDataShape(infoTableName:STRING("InfoTable"), dataShapeName:STRING):INFOTABLE(BayerProductionPerformanceDataShape)
                                            var result = Resources["InfoTableFunctions"].CreateInfoTableFromDataShape(params);
                                        
                                            if (dailyPerformance.rows.length > 0) {
                                                yesterdayPerformance = dailyPerformance.dailyPerformance;
                                                for (var i = 0; i < yesterdayPerformance.rows.length; i++) {
                                                    var row = new Object();
                                                    row.Shift = yesterdayPerformance[i].shift.replace("Shift ", "");
                                                    row.ActualQuantity = yesterdayPerformance[i].quantityProduced;
                                                    row.TargetQuantity = yesterdayPerformance[i].targetQuantity;
                                                    row.GapPsc = yesterdayPerformance[i].quantityProduced - yesterdayPerformance[i].targetQuantity;
                                                    result.AddRow(row);
                                                }
                                            }
                                        }
                                        ]]>
                                        </code>
                                    </Row>
                                </Rows>
                            </ConfigurationTable>
                        </ConfigurationTables>
                    </ServiceImplementation>
                </ServiceImplementations>
                <Subscriptions/>
            </ThingShape>
            <PropertyBindings/>
            <RemotePropertyBindings/>
            <RemoteServiceBindings/>
            <RemoteEventBindings/>
            <AlertConfigurations/>
            <ImplementedShapes/>
            <ThingProperties/>
        </Thing>
    </Things>
</Entities>
