<?xml version="1.0" encoding="UTF-8"?><Entities>
  <ExtensionPackages>
    <ExtensionPackage name="BMCoreUI" description="Contains reusable UI types." vendor="ThingWorx Labs" packageVersion="1.0.54" minimumThingWorxVersion="6.0.0"/>
  </ExtensionPackages>
  <Widgets>
    <Widget name="BMCoreUI">
      <UIResources>
        <FileResource type="JS" file="BMCoreUI.min.js" description="" isDevelopment="true" isRuntime="true"/>
        <FileResource type="CSS" file="BMCoreUI.css" description="" isDevelopment="true" isRuntime="true"/>
      </UIResources>
    </Widget>
  </Widgets>
</Entities>
