<?xml version="1.0" encoding="UTF-8"?>
<Entities
 build="b2319"
 majorVersion="8"
 minorVersion="4"
 modelPersistenceProviderPackage="PostgresPersistenceProviderPackage"
 revision="4"
 schemaVersion="1041"
 universal="">
    <Mashups>
        <Mashup
         aspect.isResponsive="true"
         aspect.mashupType="mashup"
         columns="0.0"
         description=""
         documentationContent=""
         homeMashup=""
         lastModifiedDate="2019-09-27T11:08:06.001Z"
         name="BayerConfigurationMashup"
         projectName="BayerIoT"
         rows="0.0"
         tags="Applications:Bayer">
            <avatar></avatar>
            <DesignTimePermissions>
                <Create></Create>
                <Read></Read>
                <Update></Update>
                <Delete></Delete>
                <Metadata></Metadata>
            </DesignTimePermissions>
            <RunTimePermissions></RunTimePermissions>
            <VisibilityPermissions>
                <Visibility>
                    <Principal
                     isPermitted="true"
                     name="Bayer:PerformanceDashboard"
                     type="OrganizationalUnit"></Principal>
                </Visibility>
            </VisibilityPermissions>
            <ConfigurationTableDefinitions></ConfigurationTableDefinitions>
            <ConfigurationTables></ConfigurationTables>
            <ParameterDefinitions></ParameterDefinitions>
            <Things></Things>
            <ThingShapes></ThingShapes>
            <ThingTemplates>
                <ThingTemplate>BayerProductionLine</ThingTemplate>
            </ThingTemplates>
            <mashupContent>
            <![CDATA[
            {
              "CustomMashupCss" : "",
              "Data" : {
                "DynamicThingTemplates_BayerProductionLine" : {
                  "DataName" : "DynamicThingTemplates_BayerProductionLine",
                  "EntityName" : "BayerProductionLine",
                  "EntityType" : "DynamicThingTemplates",
                  "Id" : "80e39e66-1262-4e9e-a51b-c901d8f3d7b0",
                  "Services" : [ {
                    "APIMethod" : "post",
                    "Characteristic" : "Services",
                    "Id" : "354dedda-4f40-4304-bc3a-c9e067e5b659",
                    "Name" : "LoadCSVv2",
                    "Parameters" : { },
                    "Properties" : {
                      "CustomErrorMessage" : "[[service.error]]",
                      "ShowErrorMessage" : true
                    },
                    "RefreshInterval" : 0,
                    "Target" : "LoadCSVv2"
                  }, {
                    "APIMethod" : "post",
                    "Characteristic" : "Services",
                    "Id" : "35c98872-dd75-41a3-a4ad-c9f4d7dcfd92",
                    "Name" : "GetProductionPlan",
                    "Parameters" : { },
                    "RefreshInterval" : 0,
                    "Target" : "GetProductionPlan"
                  }, {
                    "APIMethod" : "post",
                    "Characteristic" : "Services",
                    "Id" : "ecdacd6e-aee1-4660-9ff7-2c6650a47980",
                    "Name" : "ResetAll",
                    "Parameters" : { },
                    "RefreshInterval" : 0,
                    "Target" : "ResetAll"
                  }, {
                    "APIMethod" : "post",
                    "Characteristic" : "Services",
                    "Id" : "7b71991d-1ed0-4611-8e46-2cef65756030",
                    "Name" : "ScheduleShifts",
                    "Parameters" : { },
                    "RefreshInterval" : 0,
                    "Target" : "ScheduleShifts"
                  } ]
                },
                "Session" : {
                  "DataName" : "Session",
                  "EntityName" : "",
                  "EntityType" : "Session",
                  "Id" : "session",
                  "Services" : [ {
                    "APIMethod" : "post",
                    "Characteristic" : "Services",
                    "Id" : "SessionInterface",
                    "Name" : "GetGlobalSessionValues",
                    "Parameters" : { },
                    "RefreshInterval" : 0,
                    "Target" : "GetGlobalSessionValues"
                  } ]
                },
                "ThingTemplates_BayerProductionLine" : {
                  "DataName" : "ThingTemplates_BayerProductionLine",
                  "EntityName" : "BayerProductionLine",
                  "EntityType" : "ThingTemplates",
                  "Id" : "2b656e07-6e1e-414f-b35d-1cfd2d6b6afb",
                  "Services" : [ {
                    "APIMethod" : "post",
                    "Characteristic" : "Services",
                    "Id" : "39a1c3ad-0d3c-40b8-9f12-b1bf5663fd0c",
                    "Name" : "GetImplementingThingsWithData",
                    "Parameters" : { },
                    "RefreshInterval" : 0,
                    "Target" : "GetImplementingThingsWithData"
                  } ]
                },
                "UserExtensions" : {
                  "DataName" : "UserExtensions",
                  "EntityName" : "",
                  "EntityType" : "UserExtensions",
                  "Id" : "UserExtensions",
                  "Services" : [ {
                    "APIMethod" : "post",
                    "Characteristic" : "Services",
                    "Id" : "UserExtensionInterface",
                    "Name" : "GetCurrentUserExtensionProperties",
                    "Parameters" : { },
                    "RefreshInterval" : 0,
                    "Target" : "GetCurrentUserExtensionProperties"
                  } ]
                }
              },
              "DataBindings" : [ {
                "Id" : "004c99ff-579c-4f18-bbe1-05031c21f9f4",
                "PropertyMaps" : [ {
                  "SourceProperty" : "",
                  "SourcePropertyBaseType" : "INFOTABLE",
                  "SourcePropertyType" : "InfoTable",
                  "TargetProperty" : "Data",
                  "TargetPropertyBaseType" : "INFOTABLE",
                  "TargetPropertyType" : "property"
                } ],
                "SourceArea" : "Data",
                "SourceDetails" : "AllData",
                "SourceId" : "GetImplementingThingsWithData",
                "SourceSection" : "ThingTemplates_BayerProductionLine",
                "TargetArea" : "UI",
                "TargetId" : "dhxlist-11",
                "TargetSection" : ""
              }, {
                "Id" : "53239bb0-9798-4774-9898-06bf1ddfedad",
                "PropertyMaps" : [ {
                  "SourceProperty" : "name",
                  "SourcePropertyBaseType" : "STRING",
                  "SourcePropertyType" : "Field",
                  "TargetProperty" : "lineName",
                  "TargetPropertyBaseType" : "THINGNAME",
                  "TargetPropertyType" : "property"
                } ],
                "SourceArea" : "Data",
                "SourceDetails" : "SelectedRows",
                "SourceId" : "GetImplementingThingsWithData",
                "SourceSection" : "ThingTemplates_BayerProductionLine",
                "TargetArea" : "UI",
                "TargetId" : "mashupcontainer-9",
                "TargetSection" : ""
              }, {
                "Id" : "132a7b14-aaf0-41ea-afde-e3fe8ac2e5db",
                "PropertyMaps" : [ {
                  "SourceProperty" : "name",
                  "SourcePropertyBaseType" : "STRING",
                  "SourcePropertyType" : "Field",
                  "TargetProperty" : "lineName",
                  "TargetPropertyBaseType" : "THINGNAME",
                  "TargetPropertyType" : "property"
                } ],
                "SourceArea" : "Data",
                "SourceDetails" : "SelectedRows",
                "SourceId" : "GetImplementingThingsWithData",
                "SourceSection" : "ThingTemplates_BayerProductionLine",
                "TargetArea" : "UI",
                "TargetId" : "mashupcontainer-10",
                "TargetSection" : ""
              }, {
                "Id" : "aa33a889-c0fb-4209-b158-bca33ca2928c",
                "PropertyMaps" : [ {
                  "SourceProperty" : "name",
                  "SourcePropertyBaseType" : "STRING",
                  "TargetProperty" : "value",
                  "TargetPropertyBaseType" : "THINGNAME",
                  "TargetPropertyType" : "Entity"
                } ],
                "SourceArea" : "Data",
                "SourceDetails" : "SelectedRows",
                "SourceId" : "GetImplementingThingsWithData",
                "SourceSection" : "ThingTemplates_BayerProductionLine",
                "TargetArea" : "Data",
                "TargetId" : "EntityName",
                "TargetSection" : "DynamicThingTemplates_BayerProductionLine"
              }, {
                "Id" : "b721585c-28a2-4685-a5d6-12619908d740",
                "PropertyMaps" : [ {
                  "SourceProperty" : "FullPath",
                  "SourcePropertyBaseType" : "STRING",
                  "TargetProperty" : "path",
                  "TargetPropertyBaseType" : "STRING",
                  "TargetPropertyType" : "Parameter"
                } ],
                "SourceArea" : "UI",
                "SourceId" : "fileupload-14",
                "SourceSection" : "",
                "TargetArea" : "Data",
                "TargetId" : "LoadCSVv2",
                "TargetSection" : "DynamicThingTemplates_BayerProductionLine"
              }, {
                "Id" : "cbce1bd3-c5d0-4d40-8577-15be088f7dd3",
                "PropertyMaps" : [ {
                  "SourceProperty" : "",
                  "SourcePropertyBaseType" : "INFOTABLE",
                  "SourcePropertyType" : "InfoTable",
                  "TargetProperty" : "Data",
                  "TargetPropertyBaseType" : "INFOTABLE",
                  "TargetPropertyType" : "property"
                } ],
                "SourceArea" : "Data",
                "SourceDetails" : "AllData",
                "SourceId" : "GetProductionPlan",
                "SourceSection" : "DynamicThingTemplates_BayerProductionLine",
                "TargetArea" : "UI",
                "TargetId" : "dhxgrid-18",
                "TargetSection" : ""
              } ],
              "DesignTimePermissions" : { },
              "Events" : [ {
                "EventHandlerArea" : "Data",
                "EventHandlerId" : "ThingTemplates_BayerProductionLine",
                "EventHandlerService" : "GetImplementingThingsWithData",
                "EventTriggerArea" : "Mashup",
                "EventTriggerEvent" : "Loaded",
                "EventTriggerId" : "mashup-root",
                "EventTriggerSection" : "",
                "Id" : "d9ed9e8d-9f3a-4758-a3bf-b77fdcb0dbc2"
              }, {
                "EventHandlerArea" : "Data",
                "EventHandlerId" : "DynamicThingTemplates_BayerProductionLine",
                "EventHandlerService" : "LoadCSVv2",
                "EventTriggerArea" : "UI",
                "EventTriggerEvent" : "UploadComplete",
                "EventTriggerId" : "fileupload-14",
                "EventTriggerSection" : "",
                "Id" : "0603fc8d-6dc0-4d71-bb17-969da2461489"
              }, {
                "EventHandlerArea" : "Data",
                "EventHandlerId" : "DynamicThingTemplates_BayerProductionLine",
                "EventHandlerService" : "GetProductionPlan",
                "EventTriggerArea" : "Data",
                "EventTriggerEvent" : "ServiceInvokeCompleted",
                "EventTriggerId" : "LoadCSVv2",
                "EventTriggerSection" : "DynamicThingTemplates_BayerProductionLine",
                "Id" : "441b2a92-b544-4f3c-92b2-079a4a742d31"
              }, {
                "EventHandlerArea" : "Data",
                "EventHandlerId" : "DynamicThingTemplates_BayerProductionLine",
                "EventHandlerService" : "GetProductionPlan",
                "EventTriggerArea" : "Data",
                "EventTriggerEvent" : "SelectedRowsChanged",
                "EventTriggerId" : "GetImplementingThingsWithData",
                "EventTriggerSection" : "ThingTemplates_BayerProductionLine",
                "Id" : "a5672696-a016-4fd0-af1c-f3fea453da96"
              }, {
                "EventHandlerArea" : "Data",
                "EventHandlerId" : "DynamicThingTemplates_BayerProductionLine",
                "EventHandlerService" : "ResetAll",
                "EventTriggerArea" : "UI",
                "EventTriggerEvent" : "Clicked",
                "EventTriggerId" : "button-19",
                "EventTriggerSection" : "",
                "Id" : "7c0f6694-d2ae-452b-9207-2b564162dba4"
              }, {
                "EventHandlerArea" : "Data",
                "EventHandlerId" : "DynamicThingTemplates_BayerProductionLine",
                "EventHandlerService" : "ScheduleShifts",
                "EventTriggerArea" : "UI",
                "EventTriggerEvent" : "Clicked",
                "EventTriggerId" : "button-20",
                "EventTriggerSection" : "",
                "Id" : "f4d5cd56-2a13-4b8a-a593-e5600279e0f9"
              }, {
                "EventHandlerArea" : "Data",
                "EventHandlerId" : "DynamicThingTemplates_BayerProductionLine",
                "EventHandlerService" : "GetProductionPlan",
                "EventTriggerArea" : "Data",
                "EventTriggerEvent" : "ServiceInvokeCompleted",
                "EventTriggerId" : "ResetAll",
                "EventTriggerSection" : "DynamicThingTemplates_BayerProductionLine",
                "Id" : "5a92ed34-5620-4e18-a656-f5fbf4733817"
              } ],
              "RunTimePermissions" : { },
              "UI" : {
                "Properties" : {
                  "AddToDashboardButtonStyle" : "DefaultAddToDashboardButtonStyle",
                  "Area" : "Mashup",
                  "BGImageRepeat" : "no-repeat",
                  "BGImageSize" : "auto",
                  "Columns" : 0,
                  "ConfigureGadgetButtonStyle" : "DefaultConfigureGadgetButtonStyle",
                  "DisplayName" : "Mashup",
                  "EnableParameterEditing" : false,
                  "Height" : 618,
                  "Id" : "mashup-root",
                  "IgnoreWarningsInViewMashup" : false,
                  "IsPrintLayout" : false,
                  "Left" : 0,
                  "MashupToEditGadget" : "DefaultMashupToEditGadget",
                  "MinHeight" : 0,
                  "MinWidth" : 0,
                  "ResponsiveLayout" : true,
                  "Rows" : 0,
                  "ShowDataLoading" : true,
                  "Style" : "DefaultMashupStyle",
                  "Title" : "",
                  "TitleBar" : false,
                  "TitleBarStyle" : "DefaultTitleBarStyle",
                  "TitleBarText" : "Gadget Title Here",
                  "Top" : 0,
                  "Type" : "mashup",
                  "Visible" : true,
                  "Width" : 1024,
                  "Z-index" : 10,
                  "__TypeDisplayName" : "Mashup",
                  "id_index" : 20,
                  "supportsAutoResize" : true
                },
                "Widgets" : [ {
                  "Properties" : {
                    "Area" : "UI",
                    "Columns" : 0,
                    "DisplayName" : "layout-5",
                    "Footer" : false,
                    "FooterHeight" : 0,
                    "Header" : true,
                    "HeaderHeight" : 50,
                    "Id" : "layout-5",
                    "IncludeSpacingInFixedAreas" : false,
                    "IsPrintLayout" : false,
                    "Left" : 345,
                    "LeftSidebar" : false,
                    "LeftSidebarWidth" : 0,
                    "Orientation" : "vertical",
                    "PctColumn1" : 50,
                    "PctColumn2" : 50,
                    "PctColumn3" : 1,
                    "PctColumn4" : 1,
                    "PctColumn5" : 1,
                    "PctColumn6" : 1,
                    "PctColumn7" : 1,
                    "PctColumn8" : 1,
                    "PctRow1" : 100,
                    "PctRow2" : 0,
                    "PctRow3" : 0,
                    "PctRow4" : 0,
                    "PctRow5" : 0,
                    "PctRow6" : 0,
                    "PctRow7" : 0,
                    "PctRow8" : 0,
                    "PrintMarginLeftRight" : 0.5,
                    "PrintMarginTopBottom" : 0.5,
                    "PrintWidth" : 650,
                    "ResponsiveLayout" : true,
                    "RightSidebar" : false,
                    "RightSidebarWidth" : 0,
                    "Rows" : 1,
                    "ShowDataLoading" : true,
                    "Spacing" : 2,
                    "Top" : 155,
                    "Type" : "layout",
                    "Visible" : true,
                    "Z-index" : 10,
                    "__TypeDisplayName" : "Layout"
                  },
                  "Widgets" : [ {
                    "Properties" : {
                      "AnimateExpandCollapse" : true,
                      "Area" : "UI",
                      "BGImageRepeat" : "no-repeat",
                      "BGImageSize" : "auto",
                      "DisplayName" : "Header",
                      "ExpandCollapseTabLocation" : "outside",
                      "Expanded" : true,
                      "Id" : "container-6",
                      "MinHeight" : 0,
                      "MinWidth" : 0,
                      "Overlay" : false,
                      "OverlayIsTransparent" : false,
                      "ResponsiveLayout" : true,
                      "ShowDataLoading" : true,
                      "ShowExpandCollapseTab" : false,
                      "Style" : "DefaultContainerStyle",
                      "TabCollapseStyle" : "DefaultTabCollapseStyle",
                      "TabExpandStyle" : "DefaultTabExpandStyle",
                      "TabHeight" : 36,
                      "TabLocation" : "center",
                      "TabOffset" : 0,
                      "TabWidth" : 36,
                      "Type" : "container",
                      "Visible" : true,
                      "Z-index" : 10,
                      "__TypeDisplayName" : "Container"
                    },
                    "Widgets" : [ {
                      "Properties" : {
                        "Area" : "UI",
                        "DisplayName" : "panel-12",
                        "Height" : 200,
                        "HideScrollbars" : false,
                        "HorizontalAnchor" : "left",
                        "Id" : "panel-12",
                        "Left" : 170,
                        "ResponsiveLayout" : true,
                        "ShowDataLoading" : true,
                        "Style" : "DefaultPanelStyle",
                        "Top" : 60,
                        "Type" : "panel",
                        "VerticalAnchor" : "top",
                        "Visible" : true,
                        "Width" : 300,
                        "Z-index" : 10,
                        "__TypeDisplayName" : "Panel"
                      },
                      "Widgets" : [ {
                        "Properties" : {
                          "Alignment" : "left",
                          "Area" : "UI",
                          "AutoSelectFirstRow" : true,
                          "ClearIfNoSelection" : false,
                          "ComboDropdownButtonStyle" : "DefaultComboDropdownButtonStyle",
                          "ComboEnableCheckbox" : false,
                          "ComboItemHighlightedStyle" : "DefaultComboItemHighlightedStyle",
                          "ComboTextboxStyle" : "DefaultComboTextboxStyle",
                          "DisableSelectedStyle" : false,
                          "DisplayField" : "displayName",
                          "DisplayName" : "dhxlist-11",
                          "DropdownButtonStyle" : "DefaultDropdownButtonStyle",
                          "DropdownSelectedStyle" : "DefaultDropdownSelectedStyle",
                          "DropdownStyle" : "DefaultDropdownStyle",
                          "EnableKeyboardSelections" : true,
                          "Height" : 28,
                          "HeightOfDropdownView" : 170,
                          "Id" : "dhxlist-11",
                          "Label" : "",
                          "LabelAlignment" : "left",
                          "Left" : 10,
                          "ListBackgroundStyle" : "DefaultListBackgroundStyle",
                          "ListFocusStyle" : "DefaultFocusStyle",
                          "ListItemAlternateStyle" : "DefaultListItemAlternateStyle",
                          "ListItemHoverStyle" : "DefaultListItemHoverStyle",
                          "ListItemSelectedStyle" : "DefaultListItemSelectedStyle",
                          "ListItemStyle" : "DefaultListItemStyle",
                          "ListLabelStyle" : "DefaultWidgetLabelStyle",
                          "MultiSelect" : false,
                          "NumberOfItemsInDropdownView" : 6,
                          "ResponsiveLayout" : false,
                          "RowHeight" : 28,
                          "ShowDataLoading" : true,
                          "TabSequence" : -1,
                          "TextIfNoSelectionType" : "editable",
                          "ToolTipStyle" : "DefaultTooltipStyle",
                          "Top" : 10,
                          "Type" : "dhxlist",
                          "ValueField" : "name",
                          "View" : "dropdown",
                          "Visible" : true,
                          "Width" : 225,
                          "WidthOfDropdownView" : 110,
                          "Z-index" : 10,
                          "__TypeDisplayName" : "List",
                          "__supportsLabel" : true,
                          "__supportsTooltip" : true
                        },
                        "Widgets" : [ ]
                      } ]
                    } ]
                  }, {
                    "Properties" : {
                      "AnimateExpandCollapse" : true,
                      "Area" : "UI",
                      "BGImageRepeat" : "no-repeat",
                      "BGImageSize" : "auto",
                      "DisplayName" : "Row 1",
                      "ExpandCollapseTabLocation" : "outside",
                      "Expanded" : true,
                      "Id" : "container-7",
                      "MinHeight" : 0,
                      "MinWidth" : 0,
                      "Overlay" : false,
                      "OverlayIsTransparent" : false,
                      "ResponsiveLayout" : true,
                      "ShowDataLoading" : true,
                      "ShowExpandCollapseTab" : false,
                      "Style" : "DefaultContainerStyle",
                      "TabCollapseStyle" : "DefaultTabCollapseStyle",
                      "TabExpandStyle" : "DefaultTabExpandStyle",
                      "TabHeight" : 36,
                      "TabLocation" : "center",
                      "TabOffset" : 0,
                      "TabWidth" : 36,
                      "Type" : "container",
                      "Visible" : true,
                      "Z-index" : 10,
                      "__TypeDisplayName" : "Container"
                    },
                    "Widgets" : [ {
                      "Properties" : {
                        "Area" : "UI",
                        "CurrentTab" : 1,
                        "DefaultTabAtRuntime" : 1,
                        "DisplayName" : "tabsv2-1",
                        "Height" : 300,
                        "Id" : "tabsv2-1",
                        "Left" : 255,
                        "MaxTabWidth" : 256,
                        "NumberOfTabs" : 3,
                        "ResponsiveLayout" : true,
                        "RoundedCorners" : false,
                        "ShowDataLoading" : true,
                        "Tab10Disabled" : false,
                        "Tab10Image" : "",
                        "Tab10Name" : "Tab10Name",
                        "Tab10Value" : "Tab10Value",
                        "Tab10Visible" : true,
                        "Tab11Disabled" : false,
                        "Tab11Image" : "",
                        "Tab11Name" : "Tab11Name",
                        "Tab11Value" : "Tab11Value",
                        "Tab11Visible" : true,
                        "Tab12Disabled" : false,
                        "Tab12Image" : "",
                        "Tab12Name" : "Tab12Name",
                        "Tab12Value" : "Tab12Value",
                        "Tab12Visible" : true,
                        "Tab13Disabled" : false,
                        "Tab13Image" : "",
                        "Tab13Name" : "Tab13Name",
                        "Tab13Value" : "Tab13Value",
                        "Tab13Visible" : true,
                        "Tab14Disabled" : false,
                        "Tab14Image" : "",
                        "Tab14Name" : "Tab14Name",
                        "Tab14Value" : "Tab14Value",
                        "Tab14Visible" : true,
                        "Tab15Disabled" : false,
                        "Tab15Image" : "",
                        "Tab15Name" : "Tab15Name",
                        "Tab15Value" : "Tab15Value",
                        "Tab15Visible" : true,
                        "Tab16Disabled" : false,
                        "Tab16Image" : "",
                        "Tab16Name" : "Tab16Name",
                        "Tab16Value" : "Tab16Value",
                        "Tab16Visible" : true,
                        "Tab1Disabled" : false,
                        "Tab1Image" : "",
                        "Tab1Name" : "Schedule",
                        "Tab1Value" : "Tab1Value",
                        "Tab1Visible" : true,
                        "Tab2Disabled" : false,
                        "Tab2Image" : "",
                        "Tab2Name" : "Material performance",
                        "Tab2Value" : "Tab2Value",
                        "Tab2Visible" : true,
                        "Tab3Disabled" : false,
                        "Tab3Image" : "",
                        "Tab3Name" : "Changeover matrix",
                        "Tab3Value" : "Tab3Value",
                        "Tab3Visible" : true,
                        "Tab4Disabled" : false,
                        "Tab4Image" : "",
                        "Tab4Name" : "Tab4Name",
                        "Tab4Value" : "Tab4Value",
                        "Tab4Visible" : true,
                        "Tab5Disabled" : false,
                        "Tab5Image" : "",
                        "Tab5Name" : "Tab5Name",
                        "Tab5Value" : "Tab5Value",
                        "Tab5Visible" : true,
                        "Tab6Disabled" : false,
                        "Tab6Image" : "",
                        "Tab6Name" : "Tab6Name",
                        "Tab6Value" : "Tab6Value",
                        "Tab6Visible" : true,
                        "Tab7Disabled" : false,
                        "Tab7Image" : "",
                        "Tab7Name" : "Tab7Name",
                        "Tab7Value" : "Tab7Value",
                        "Tab7Visible" : true,
                        "Tab8Disabled" : false,
                        "Tab8Image" : "",
                        "Tab8Name" : "Tab8Name",
                        "Tab8Value" : "Tab8Value",
                        "Tab8Visible" : true,
                        "Tab9Disabled" : false,
                        "Tab9Image" : "",
                        "Tab9Name" : "Tab9Name",
                        "Tab9Value" : "Tab9Value",
                        "Tab9Visible" : true,
                        "TabContentStyle" : "DefaultTabContentStyle",
                        "TabDisabledStyle" : "DefaultTabDisabledStyle",
                        "TabHeight" : 27,
                        "TabSelectedStyle" : "DefaultTabSelectedStyle",
                        "TabSpacing" : 2,
                        "TabUnselectedStyle" : "DefaultTabUnselectedStyle",
                        "Top" : 125,
                        "Type" : "tabsv2",
                        "Visible" : true,
                        "Width" : 300,
                        "Z-index" : 10,
                        "__TypeDisplayName" : "Tabs - Responsive"
                      },
                      "Widgets" : [ {
                        "Properties" : {
                          "AnimateExpandCollapse" : true,
                          "Area" : "UI",
                          "BGImageRepeat" : "no-repeat",
                          "BGImageSize" : "auto",
                          "DisplayName" : "Tab #1",
                          "ExpandCollapseTabLocation" : "outside",
                          "Expanded" : true,
                          "Id" : "container-2",
                          "MinHeight" : 0,
                          "MinWidth" : 0,
                          "Overlay" : false,
                          "OverlayIsTransparent" : false,
                          "ResponsiveLayout" : true,
                          "ShowDataLoading" : true,
                          "ShowExpandCollapseTab" : false,
                          "Style" : "DefaultContainerStyle",
                          "TabCollapseStyle" : "DefaultTabCollapseStyle",
                          "TabExpandStyle" : "DefaultTabExpandStyle",
                          "TabHeight" : 36,
                          "TabLocation" : "center",
                          "TabOffset" : 0,
                          "TabWidth" : 36,
                          "Type" : "container",
                          "Visible" : true,
                          "Z-index" : 10,
                          "__TypeDisplayName" : "Container"
                        },
                        "Widgets" : [ {
                          "Properties" : {
                            "Area" : "UI",
                            "Columns" : 0,
                            "DisplayName" : "layout-15",
                            "Footer" : true,
                            "FooterHeight" : 120,
                            "Header" : false,
                            "HeaderHeight" : 0,
                            "Id" : "layout-15",
                            "IncludeSpacingInFixedAreas" : false,
                            "IsPrintLayout" : false,
                            "Left" : 245,
                            "LeftSidebar" : false,
                            "LeftSidebarWidth" : 0,
                            "Orientation" : "vertical",
                            "PctColumn1" : 50,
                            "PctColumn2" : 50,
                            "PctColumn3" : 1,
                            "PctColumn4" : 1,
                            "PctColumn5" : 1,
                            "PctColumn6" : 1,
                            "PctColumn7" : 1,
                            "PctColumn8" : 1,
                            "PctRow1" : 100,
                            "PctRow2" : 0,
                            "PctRow3" : 0,
                            "PctRow4" : 0,
                            "PctRow5" : 0,
                            "PctRow6" : 0,
                            "PctRow7" : 0,
                            "PctRow8" : 0,
                            "PrintMarginLeftRight" : 0.5,
                            "PrintMarginTopBottom" : 0.5,
                            "PrintWidth" : 650,
                            "ResponsiveLayout" : true,
                            "RightSidebar" : false,
                            "RightSidebarWidth" : 0,
                            "Rows" : 1,
                            "ShowDataLoading" : true,
                            "Spacing" : 2,
                            "Top" : 80,
                            "Type" : "layout",
                            "Visible" : true,
                            "Z-index" : 10,
                            "__TypeDisplayName" : "Layout"
                          },
                          "Widgets" : [ {
                            "Properties" : {
                              "AnimateExpandCollapse" : true,
                              "Area" : "UI",
                              "BGImageRepeat" : "no-repeat",
                              "BGImageSize" : "auto",
                              "DisplayName" : "Row 1",
                              "ExpandCollapseTabLocation" : "outside",
                              "Expanded" : true,
                              "Id" : "container-16",
                              "MinHeight" : 0,
                              "MinWidth" : 0,
                              "Overlay" : false,
                              "OverlayIsTransparent" : false,
                              "ResponsiveLayout" : true,
                              "ShowDataLoading" : true,
                              "ShowExpandCollapseTab" : false,
                              "Style" : "DefaultContainerStyle",
                              "TabCollapseStyle" : "DefaultTabCollapseStyle",
                              "TabExpandStyle" : "DefaultTabExpandStyle",
                              "TabHeight" : 36,
                              "TabLocation" : "center",
                              "TabOffset" : 0,
                              "TabWidth" : 36,
                              "Type" : "container",
                              "Visible" : true,
                              "Z-index" : 10,
                              "__TypeDisplayName" : "Container"
                            },
                            "Widgets" : [ {
                              "Properties" : {
                                "AlignHeader" : false,
                                "Area" : "UI",
                                "AutoSelectFirstRow" : false,
                                "CellTextWrapping" : false,
                                "ColumnFormat" : {
                                  "formatInfo" : [ {
                                    "Align" : "left",
                                    "AllowEdit" : false,
                                    "FieldName" : "productionLine",
                                    "FormatOptions" : {
                                      "FormatString" : "text",
                                      "renderer" : "THINGNAME"
                                    },
                                    "Title" : "productionLine",
                                    "ValidationExpression" : "",
                                    "ValidationMessage" : "",
                                    "Width" : "auto"
                                  }, {
                                    "Align" : "right",
                                    "AllowEdit" : false,
                                    "FieldName" : "id",
                                    "FormatOptions" : {
                                      "FormatString" : "0",
                                      "renderer" : "INTEGER"
                                    },
                                    "Title" : "id",
                                    "ValidationExpression" : "",
                                    "ValidationMessage" : "",
                                    "Width" : "auto"
                                  }, {
                                    "Align" : "left",
                                    "AllowEdit" : false,
                                    "FieldName" : "productId",
                                    "FormatOptions" : {
                                      "FormatString" : "full",
                                      "renderer" : "STRING"
                                    },
                                    "Title" : "productId",
                                    "ValidationExpression" : "",
                                    "ValidationMessage" : "",
                                    "Width" : "auto"
                                  }, {
                                    "Align" : "left",
                                    "AllowEdit" : false,
                                    "FieldName" : "orderNr",
                                    "FormatOptions" : {
                                      "FormatString" : "full",
                                      "renderer" : "STRING"
                                    },
                                    "Title" : "orderNr",
                                    "ValidationExpression" : "",
                                    "ValidationMessage" : "",
                                    "Width" : "auto"
                                  }, {
                                    "Align" : "left",
                                    "AllowEdit" : false,
                                    "FieldName" : "productDescription",
                                    "FormatOptions" : {
                                      "FormatString" : "full",
                                      "renderer" : "STRING"
                                    },
                                    "Title" : "productDescription",
                                    "ValidationExpression" : "",
                                    "ValidationMessage" : "",
                                    "Width" : "auto"
                                  }, {
                                    "Align" : "right",
                                    "AllowEdit" : false,
                                    "FieldName" : "targetQuantity",
                                    "FormatOptions" : {
                                      "FormatString" : "0.00",
                                      "renderer" : "NUMBER"
                                    },
                                    "Title" : "targetQuantity",
                                    "ValidationExpression" : "",
                                    "ValidationMessage" : "",
                                    "Width" : "auto"
                                  }, {
                                    "Align" : "right",
                                    "AllowEdit" : false,
                                    "FieldName" : "targetHours",
                                    "FormatOptions" : {
                                      "FormatString" : "0.00",
                                      "renderer" : "NUMBER"
                                    },
                                    "Title" : "targetHours",
                                    "ValidationExpression" : "",
                                    "ValidationMessage" : "",
                                    "Width" : "auto"
                                  }, {
                                    "Align" : "right",
                                    "AllowEdit" : false,
                                    "FieldName" : "targetQuantityPerHour",
                                    "FormatOptions" : {
                                      "FormatString" : "0.00",
                                      "renderer" : "NUMBER"
                                    },
                                    "Title" : "targetQuantityPerHour",
                                    "ValidationExpression" : "",
                                    "ValidationMessage" : "",
                                    "Width" : "auto"
                                  }, {
                                    "Align" : "left",
                                    "AllowEdit" : false,
                                    "FieldName" : "status",
                                    "FormatOptions" : {
                                      "FormatString" : "full",
                                      "renderer" : "STRING"
                                    },
                                    "Title" : "status",
                                    "ValidationExpression" : "",
                                    "ValidationMessage" : "",
                                    "Width" : "auto"
                                  }, {
                                    "Align" : "right",
                                    "AllowEdit" : false,
                                    "FieldName" : "remainingHours",
                                    "FormatOptions" : {
                                      "FormatString" : "0.00",
                                      "renderer" : "NUMBER"
                                    },
                                    "Title" : "remainingHours",
                                    "ValidationExpression" : "",
                                    "ValidationMessage" : "",
                                    "Width" : "auto"
                                  }, {
                                    "Align" : "right",
                                    "AllowEdit" : false,
                                    "FieldName" : "workedHours",
                                    "FormatOptions" : {
                                      "FormatString" : "0.00",
                                      "renderer" : "NUMBER"
                                    },
                                    "Title" : "workedHours",
                                    "ValidationExpression" : "",
                                    "ValidationMessage" : "",
                                    "Width" : "auto"
                                  }, {
                                    "Align" : "right",
                                    "AllowEdit" : false,
                                    "FieldName" : "producedQuantity",
                                    "FormatOptions" : {
                                      "FormatString" : "0.00",
                                      "renderer" : "NUMBER"
                                    },
                                    "Title" : "producedQuantity",
                                    "ValidationExpression" : "",
                                    "ValidationMessage" : "",
                                    "Width" : "auto"
                                  }, {
                                    "Align" : "left",
                                    "AllowEdit" : false,
                                    "FieldName" : "startTime",
                                    "FormatOptions" : {
                                      "FormatString" : "[[dateTimeFormat_Default]]",
                                      "renderer" : "DATETIME"
                                    },
                                    "Title" : "startTime",
                                    "ValidationExpression" : "",
                                    "ValidationMessage" : "",
                                    "Width" : "auto"
                                  }, {
                                    "Align" : "left",
                                    "AllowEdit" : false,
                                    "FieldName" : "endTime",
                                    "FormatOptions" : {
                                      "FormatString" : "[[dateTimeFormat_Default]]",
                                      "renderer" : "DATETIME"
                                    },
                                    "Title" : "endTime",
                                    "ValidationExpression" : "",
                                    "ValidationMessage" : "",
                                    "Width" : "auto"
                                  } ]
                                },
                                "CurrentScrollTop" : 0,
                                "DisplayName" : "dhxgrid-18",
                                "FocusStyle" : "DefaultFocusStyle",
                                "GridBackgroundStyle" : "DefaultGridBackgroundStyle",
                                "GridEditableFieldStyle" : "DefaultGridEditableFieldStyle",
                                "GridHeaderStyle" : "DefaultGridHeaderStyle",
                                "GridHeaderTextCase" : "capitalize",
                                "GridInvalidFieldStyle" : "DefaultGridInvalidFieldStyle",
                                "Height" : 200,
                                "Id" : "dhxgrid-18",
                                "IsEditable" : false,
                                "IsPrintLayout" : false,
                                "Left" : 320,
                                "MultiSelect" : false,
                                "ResponsiveLayout" : true,
                                "RowAlternateBackgroundStyle" : "DefaultRowAlternateBackgroundStyle",
                                "RowBackgroundStyle" : "DefaultRowBackgroundStyle",
                                "RowFormat_StateParameters" : [ ],
                                "RowHeight" : 30,
                                "RowHoverStyle" : "DefaultRowHoverStyle",
                                "RowSelectedStyle" : "DefaultRowSelectedStyle",
                                "ScrollTop" : 0,
                                "ShowAllColumns" : true,
                                "ShowDataLoading" : true,
                                "TabSequence" : 0,
                                "Top" : 70,
                                "Type" : "dhxgrid",
                                "Visible" : true,
                                "Width" : 400,
                                "Z-index" : 10,
                                "__TypeDisplayName" : "Grid"
                              },
                              "Widgets" : [ ]
                            } ]
                          }, {
                            "Properties" : {
                              "AnimateExpandCollapse" : true,
                              "Area" : "UI",
                              "BGImageRepeat" : "no-repeat",
                              "BGImageSize" : "auto",
                              "DisplayName" : "Footer",
                              "ExpandCollapseTabLocation" : "outside",
                              "Expanded" : true,
                              "Id" : "container-17",
                              "MinHeight" : 0,
                              "MinWidth" : 0,
                              "Overlay" : false,
                              "OverlayIsTransparent" : false,
                              "ResponsiveLayout" : true,
                              "ShowDataLoading" : true,
                              "ShowExpandCollapseTab" : false,
                              "Style" : "DefaultContainerStyle",
                              "TabCollapseStyle" : "DefaultTabCollapseStyle",
                              "TabExpandStyle" : "DefaultTabExpandStyle",
                              "TabHeight" : 36,
                              "TabLocation" : "center",
                              "TabOffset" : 0,
                              "TabWidth" : 36,
                              "Type" : "container",
                              "Visible" : true,
                              "Z-index" : 10,
                              "__TypeDisplayName" : "Container"
                            },
                            "Widgets" : [ {
                              "Properties" : {
                                "Area" : "UI",
                                "DisplayName" : "panel-13",
                                "Height" : 200,
                                "HideScrollbars" : false,
                                "HorizontalAnchor" : "left",
                                "Id" : "panel-13",
                                "Left" : 30,
                                "ResponsiveLayout" : true,
                                "ShowDataLoading" : true,
                                "Style" : "DefaultPanelStyle",
                                "Top" : 35,
                                "Type" : "panel",
                                "VerticalAnchor" : "top",
                                "Visible" : true,
                                "Width" : 300,
                                "Z-index" : 10,
                                "__TypeDisplayName" : "Panel"
                              },
                              "Widgets" : [ {
                                "Properties" : {
                                  "AllowedFileTypes" : "",
                                  "Area" : "UI",
                                  "DisplayName" : "fileupload-14",
                                  "DisplayPathTextBox" : false,
                                  "DisplayRepositorySelector" : false,
                                  "FileName" : "",
                                  "FocusStyle" : "DefaultButtonFocusStyle",
                                  "FullPath" : "",
                                  "Height" : 40,
                                  "Id" : "fileupload-14",
                                  "Left" : 5,
                                  "Path" : "/",
                                  "RepositoryName" : "BayerCSVRepository",
                                  "RepositoryStyle" : "DefaultRepositoryStyle",
                                  "ResponsiveLayout" : false,
                                  "ShowDataLoading" : true,
                                  "Style" : "DefaultFileUploadStyle",
                                  "TabSequence" : 0,
                                  "Top" : 5,
                                  "Type" : "fileupload",
                                  "Visible" : true,
                                  "Width" : 302,
                                  "Z-index" : 10,
                                  "__TypeDisplayName" : "File Upload"
                                },
                                "Widgets" : [ ]
                              }, {
                                "Properties" : {
                                  "ActiveStyle" : "DefaultButtonActiveStyle",
                                  "Area" : "UI",
                                  "CancelConfirmationButton" : "button2",
                                  "ConfirmationButton1Label" : "Yes",
                                  "ConfirmationButton2Label" : "No",
                                  "ConfirmationPrompt" : "Do Action?",
                                  "ConfirmationRequired" : false,
                                  "ConfirmationTitle" : "Confirm Action",
                                  "ContextId" : "",
                                  "DefaultConfirmationButton" : "button1",
                                  "Disabled" : false,
                                  "DisabledStyle" : "DefaultButtonDisabledStyle",
                                  "DisplayName" : "button-19",
                                  "FocusStyle" : "DefaultButtonFocusStyle",
                                  "Height" : 30,
                                  "HoverStyle" : "DefaultButtonHoverStyle",
                                  "IconAlignment" : "left",
                                  "Id" : "button-19",
                                  "Label" : "RESET",
                                  "Left" : 345,
                                  "ResponsiveLayout" : false,
                                  "RoundedCorners" : true,
                                  "ShowDataLoading" : true,
                                  "Style" : "DefaultButtonStyle",
                                  "TabSequence" : 0,
                                  "ToolTipField" : "",
                                  "ToolTipStyle" : "DefaultTooltipStyle",
                                  "Top" : 15,
                                  "Type" : "button",
                                  "Visible" : true,
                                  "Width" : 75,
                                  "Z-index" : 10,
                                  "__TypeDisplayName" : "Button",
                                  "__supportsTooltip" : true
                                },
                                "Widgets" : [ ]
                              }, {
                                "Properties" : {
                                  "ActiveStyle" : "DefaultButtonActiveStyle",
                                  "Area" : "UI",
                                  "CancelConfirmationButton" : "button2",
                                  "ConfirmationButton1Label" : "Yes",
                                  "ConfirmationButton2Label" : "No",
                                  "ConfirmationPrompt" : "Do Action?",
                                  "ConfirmationRequired" : false,
                                  "ConfirmationTitle" : "Confirm Action",
                                  "ContextId" : "",
                                  "DefaultConfirmationButton" : "button1",
                                  "Disabled" : false,
                                  "DisabledStyle" : "DefaultButtonDisabledStyle",
                                  "DisplayName" : "button-20",
                                  "FocusStyle" : "DefaultButtonFocusStyle",
                                  "Height" : 30,
                                  "HoverStyle" : "DefaultButtonHoverStyle",
                                  "IconAlignment" : "left",
                                  "Id" : "button-20",
                                  "Label" : "SCHEDULE",
                                  "Left" : 430,
                                  "ResponsiveLayout" : false,
                                  "RoundedCorners" : true,
                                  "ShowDataLoading" : true,
                                  "Style" : "DefaultButtonStyle",
                                  "TabSequence" : 0,
                                  "ToolTipField" : "",
                                  "ToolTipStyle" : "DefaultTooltipStyle",
                                  "Top" : 15,
                                  "Type" : "button",
                                  "Visible" : true,
                                  "Width" : 75,
                                  "Z-index" : 10,
                                  "__TypeDisplayName" : "Button",
                                  "__supportsTooltip" : true
                                },
                                "Widgets" : [ ]
                              } ]
                            } ]
                          } ]
                        } ]
                      }, {
                        "Properties" : {
                          "AnimateExpandCollapse" : true,
                          "Area" : "UI",
                          "BGImageRepeat" : "no-repeat",
                          "BGImageSize" : "auto",
                          "DisplayName" : "Tab #2",
                          "ExpandCollapseTabLocation" : "outside",
                          "Expanded" : true,
                          "Id" : "container-3",
                          "MinHeight" : 0,
                          "MinWidth" : 0,
                          "Overlay" : false,
                          "OverlayIsTransparent" : false,
                          "ResponsiveLayout" : true,
                          "ShowDataLoading" : true,
                          "ShowExpandCollapseTab" : false,
                          "Style" : "DefaultContainerStyle",
                          "TabCollapseStyle" : "DefaultTabCollapseStyle",
                          "TabExpandStyle" : "DefaultTabExpandStyle",
                          "TabHeight" : 36,
                          "TabLocation" : "center",
                          "TabOffset" : 0,
                          "TabWidth" : 36,
                          "Type" : "container",
                          "Visible" : true,
                          "Z-index" : 10,
                          "__TypeDisplayName" : "Container"
                        },
                        "Widgets" : [ {
                          "Properties" : {
                            "Area" : "UI",
                            "DisplayName" : "mashupcontainer-9",
                            "Height" : 300,
                            "Id" : "mashupcontainer-9",
                            "Left" : 335,
                            "MashupParameters" : [ {
                              "BaseType" : "THINGNAME",
                              "Description" : "",
                              "ParameterName" : "lineName",
                              "ParmDef" : {
                                "aspects" : {
                                  "ordinal" : "0"
                                },
                                "baseType" : "THINGNAME",
                                "description" : "",
                                "name" : "lineName",
                                "ordinal" : 0
                              }
                            } ],
                            "Name" : "BayerMaterialPerformanceConfigurationMashup",
                            "ResponsiveLayout" : true,
                            "ShowDataLoading" : true,
                            "TabSequenceGroup" : 0,
                            "Top" : 110,
                            "Type" : "mashupcontainer",
                            "Visible" : true,
                            "Width" : 400,
                            "Z-index" : 10,
                            "__TypeDisplayName" : "Contained Mashup"
                          },
                          "Widgets" : [ ]
                        } ]
                      }, {
                        "Properties" : {
                          "AnimateExpandCollapse" : true,
                          "Area" : "UI",
                          "BGImageRepeat" : "no-repeat",
                          "BGImageSize" : "auto",
                          "DisplayName" : "Tab #3",
                          "ExpandCollapseTabLocation" : "outside",
                          "Expanded" : true,
                          "Id" : "container-4",
                          "MinHeight" : 0,
                          "MinWidth" : 0,
                          "Overlay" : false,
                          "OverlayIsTransparent" : false,
                          "ResponsiveLayout" : true,
                          "ShowDataLoading" : true,
                          "ShowExpandCollapseTab" : false,
                          "Style" : "DefaultContainerStyle",
                          "TabCollapseStyle" : "DefaultTabCollapseStyle",
                          "TabExpandStyle" : "DefaultTabExpandStyle",
                          "TabHeight" : 36,
                          "TabLocation" : "center",
                          "TabOffset" : 0,
                          "TabWidth" : 36,
                          "Type" : "container",
                          "Visible" : true,
                          "Z-index" : 10,
                          "__TypeDisplayName" : "Container"
                        },
                        "Widgets" : [ {
                          "Properties" : {
                            "Area" : "UI",
                            "DisplayName" : "mashupcontainer-10",
                            "Height" : 300,
                            "Id" : "mashupcontainer-10",
                            "Left" : 0,
                            "MashupParameters" : [ {
                              "BaseType" : "THINGNAME",
                              "Description" : "",
                              "ParameterName" : "lineName",
                              "ParmDef" : {
                                "aspects" : {
                                  "ordinal" : "0"
                                },
                                "baseType" : "THINGNAME",
                                "description" : "",
                                "name" : "lineName",
                                "ordinal" : 0
                              }
                            } ],
                            "Name" : "BayerChangeoverMatrixConfigurationMashup",
                            "ResponsiveLayout" : true,
                            "ShowDataLoading" : true,
                            "TabSequenceGroup" : 0,
                            "Top" : 0,
                            "Type" : "mashupcontainer",
                            "Visible" : true,
                            "Width" : 400,
                            "Z-index" : 10,
                            "__TypeDisplayName" : "Contained Mashup"
                          },
                          "Widgets" : [ ]
                        } ]
                      } ]
                    } ]
                  } ]
                } ]
              },
              "mashupType" : "mashup"
            }
            ]]>
            </mashupContent>
            <preview></preview>
        </Mashup>
    </Mashups>
</Entities>
