<?xml version="1.0" encoding="UTF-8"?>
<Entities
 build="b2319"
 majorVersion="8"
 minorVersion="4"
 modelPersistenceProviderPackage="PostgresPersistenceProviderPackage"
 revision="4"
 schemaVersion="1041"
 universal="password">
    <Mashups>
        <Mashup
         aspect.isFlex="true"
         aspect.isResponsive="true"
         aspect.mashupType="mashup"
         columns="0.0"
         description=""
         documentationContent=""
         homeMashup=""
         lastModifiedDate="2019-11-19T10:23:41.785Z"
         name="BayerProductionLineSelectMashup"
         projectName="BayerIoT"
         rows="0.0"
         tags="Applications:Bayer">
            <avatar></avatar>
            <DesignTimePermissions>
                <Create></Create>
                <Read></Read>
                <Update></Update>
                <Delete></Delete>
                <Metadata></Metadata>
            </DesignTimePermissions>
            <RunTimePermissions></RunTimePermissions>
            <VisibilityPermissions>
                <Visibility>
                    <Principal
                     isPermitted="true"
                     name="Bayer:PerformanceDashboard"
                     type="OrganizationalUnit"></Principal>
                </Visibility>
            </VisibilityPermissions>
            <ConfigurationTableDefinitions></ConfigurationTableDefinitions>
            <ConfigurationTables></ConfigurationTables>
            <ParameterDefinitions>
                <FieldDefinition
                 aspect.bindingDirection="BOTH"
                 aspect.isMandatory="false"
                 aspect.ordinal="0"
                 baseType="THINGNAME"
                 description=""
                 name="line"
                 ordinal="0"></FieldDefinition>
            </ParameterDefinitions>
            <Things></Things>
            <ThingShapes></ThingShapes>
            <ThingTemplates>
                <ThingTemplate>BayerProductionLine</ThingTemplate>
            </ThingTemplates>
            <mashupContent>
            <![CDATA[
            {
              "CustomMashupCss" : ".header-logo img {\n   width: 60px;\n   height: 60px;\n   padding: 5px 20px;\n}",
              "Data" : {
                "Session" : {
                  "DataName" : "Session",
                  "EntityName" : "",
                  "EntityType" : "Session",
                  "Id" : "session",
                  "Services" : [ {
                    "APIMethod" : "post",
                    "Characteristic" : "Services",
                    "Id" : "SessionInterface",
                    "Name" : "GetGlobalSessionValues",
                    "Parameters" : { },
                    "RefreshInterval" : 0,
                    "Target" : "GetGlobalSessionValues"
                  } ]
                },
                "ThingTemplates_BayerProductionLine" : {
                  "DataName" : "ThingTemplates_BayerProductionLine",
                  "EntityName" : "BayerProductionLine",
                  "EntityType" : "ThingTemplates",
                  "Id" : "a807dcdf-1f17-41c5-99ec-a09d59e41a03",
                  "Services" : [ {
                    "APIMethod" : "post",
                    "Characteristic" : "Services",
                    "Id" : "6d4ab1fd-6bd0-4041-94a8-aa3af4d89ac0",
                    "Name" : "GetImplementingThingsWithData",
                    "Parameters" : { },
                    "RefreshInterval" : 0,
                    "Target" : "GetImplementingThingsWithData"
                  } ]
                },
                "UserExtensions" : {
                  "DataName" : "UserExtensions",
                  "EntityName" : "",
                  "EntityType" : "UserExtensions",
                  "Id" : "UserExtensions",
                  "Services" : [ {
                    "APIMethod" : "post",
                    "Characteristic" : "Services",
                    "Id" : "UserExtensionInterface",
                    "Name" : "GetCurrentUserExtensionProperties",
                    "Parameters" : { },
                    "RefreshInterval" : 0,
                    "Target" : "GetCurrentUserExtensionProperties"
                  } ]
                }
              },
              "DataBindings" : [ {
                "Id" : "59acb51c-3e6b-43eb-b3d9-c03623292129",
                "PropertyMaps" : [ {
                  "SourceProperty" : "lineNameSelected",
                  "SourcePropertyBaseType" : "STRING",
                  "SourcePropertyType" : "Field",
                  "TargetProperty" : "lineNameSelected",
                  "TargetPropertyBaseType" : "STRING",
                  "TargetPropertyType" : "property"
                } ],
                "SourceArea" : "Session",
                "SourceDetails" : "AllData",
                "SourceId" : "Session",
                "SourceSection" : "Session",
                "TargetArea" : "UI",
                "TargetId" : "expression-17",
                "TargetSection" : ""
              }, {
                "Id" : "664acf19-4cb2-47cb-8981-715deec489e3",
                "PropertyMaps" : [ {
                  "SourceProperty" : "Output",
                  "SourcePropertyBaseType" : "STRING",
                  "TargetProperty" : "mashupSelected",
                  "TargetPropertyBaseType" : "MASHUPNAME",
                  "TargetPropertyType" : "Field"
                } ],
                "SourceArea" : "UI",
                "SourceId" : "expression-17",
                "SourceSection" : "",
                "TargetArea" : "Session",
                "TargetId" : "Session",
                "TargetSection" : "Session"
              }, {
                "Id" : "5730d4ff-437d-4e2e-a6dc-215bbdf5f6aa",
                "PropertyMaps" : [ {
                  "SourceProperty" : "",
                  "SourcePropertyBaseType" : "INFOTABLE",
                  "SourcePropertyType" : "InfoTable",
                  "TargetProperty" : "Data",
                  "TargetPropertyBaseType" : "INFOTABLE",
                  "TargetPropertyType" : "property"
                } ],
                "SourceArea" : "Data",
                "SourceDetails" : "AllData",
                "SourceId" : "GetImplementingThingsWithData",
                "SourceSection" : "ThingTemplates_BayerProductionLine",
                "TargetArea" : "UI",
                "TargetId" : "collection-7",
                "TargetSection" : ""
              }, {
                "Id" : "dc3593d3-8dcf-4f16-a0e9-9cf3c1813b6e",
                "PropertyMaps" : [ {
                  "SourceProperty" : "Event:name",
                  "SourcePropertyBaseType" : "STRING",
                  "SourcePropertyType" : "Property",
                  "TargetProperty" : "line",
                  "TargetPropertyBaseType" : "THINGNAME",
                  "TargetPropertyType" : "property"
                } ],
                "SourceArea" : "UI",
                "SourceId" : "collection-7",
                "SourceSection" : "",
                "TargetArea" : "UI",
                "TargetId" : "navigation-18",
                "TargetSection" : ""
              } ],
              "DesignTimePermissions" : {
                "Create" : [ ],
                "Delete" : [ ],
                "Metadata" : [ ],
                "Read" : [ ],
                "Update" : [ ]
              },
              "Events" : [ {
                "EventHandlerArea" : "UI",
                "EventHandlerId" : "navigation-18",
                "EventHandlerService" : "Navigate",
                "EventTriggerArea" : "UI",
                "EventTriggerEvent" : "CellWasClicked",
                "EventTriggerId" : "collection-7",
                "EventTriggerSection" : "",
                "Id" : "3e851e55-6c0e-4056-a8bf-ad749d64a4ae"
              }, {
                "EventHandlerArea" : "Data",
                "EventHandlerId" : "ThingTemplates_BayerProductionLine",
                "EventHandlerService" : "GetImplementingThingsWithData",
                "EventTriggerArea" : "Mashup",
                "EventTriggerEvent" : "Loaded",
                "EventTriggerId" : "mashup-root",
                "EventTriggerSection" : "",
                "Id" : "321a4405-ae6a-49f7-a27b-8b79cecb218c"
              } ],
              "RunTimePermissions" : {
                "permissions" : [ ]
              },
              "UI" : {
                "Properties" : {
                  "AddToDashboardButton" : "SimplePlus",
                  "AddToDashboardButtonStyle" : "DefaultAddToDashboardButtonStyle",
                  "Area" : "Mashup",
                  "BGImage" : "",
                  "BGImageRepeat" : "no-repeat",
                  "BGImageSize" : "auto",
                  "Columns" : 0,
                  "ConfigureGadgetButton" : "SimpleGear",
                  "ConfigureGadgetButtonStyle" : "DefaultConfigureGadgetButtonStyle",
                  "DisplayName" : "Mashup",
                  "EnableParameterEditing" : false,
                  "Height" : 618,
                  "Id" : "mashup-root",
                  "IgnoreWarningsInViewMashup" : false,
                  "IsPrintLayout" : false,
                  "Left" : 0,
                  "MashupToEditGadget" : "DefaultMashupToEditGadget",
                  "MinHeight" : 0,
                  "MinWidth" : 0,
                  "ResponsiveLayout" : true,
                  "Rows" : 0,
                  "ShowDataLoading" : true,
                  "Style" : "DefaultMashupStyle",
                  "StyleTheme" : "Base Theme",
                  "Title" : "",
                  "TitleBar" : false,
                  "TitleBarStyle" : "DefaultTitleBarStyle",
                  "TitleBarText" : "Gadget Title Here",
                  "Top" : 0,
                  "Type" : "mashup",
                  "UseTheme" : false,
                  "UseThemeForHybrids" : false,
                  "Visible" : true,
                  "Width" : 1024,
                  "Z-index" : 10,
                  "__TypeDisplayName" : "Mashup",
                  "_currentParameterDefs" : [ {
                    "Aspects" : {
                      "bindingDirection" : "BOTH",
                      "isMandatory" : false
                    },
                    "BaseType" : "THINGNAME",
                    "Description" : "",
                    "ParameterName" : "line"
                  } ],
                  "id_index" : 34,
                  "supportsAutoResize" : true
                },
                "Widgets" : [ {
                  "Properties" : {
                    "Area" : "UI",
                    "DisplayName" : "container-2",
                    "Id" : "flexcontainer-2",
                    "ResponsiveLayout" : true,
                    "ShowDataLoading" : true,
                    "Style" : "DefaultContainerStyle",
                    "Type" : "flexcontainer",
                    "UseTheme" : false,
                    "Visible" : true,
                    "Z-index" : 10,
                    "__TypeDisplayName" : "Responsive Container",
                    "align-content" : "flex-start",
                    "align-items" : "flex-start",
                    "flex-basis" : "auto",
                    "flex-direction" : "column",
                    "flex-grow" : 1,
                    "flex-height" : 0,
                    "flex-shrink" : 1,
                    "flex-width" : 0,
                    "flex-wrap" : "nowrap",
                    "iconClass" : "widgets-flexcontainer",
                    "isLocked" : false,
                    "justify-content" : "flex-start",
                    "userCannotRemove" : true
                  },
                  "Widgets" : [ {
                    "Properties" : {
                      "Area" : "UI",
                      "CustomClass" : "",
                      "DisplayName" : "Header",
                      "Id" : "flexcontainer-5",
                      "ResponsiveLayout" : true,
                      "ShowDataLoading" : true,
                      "Style" : "DefaultContainerStyle",
                      "Type" : "flexcontainer",
                      "UseTheme" : false,
                      "Visible" : true,
                      "Z-index" : 10,
                      "__TypeDisplayName" : "Responsive Container",
                      "align-content" : "flex-start",
                      "align-items" : "flex-start",
                      "flex-basis" : "auto",
                      "flex-direction" : "row",
                      "flex-grow" : 1,
                      "flex-height" : 70,
                      "flex-shrink" : 1,
                      "flex-width" : 0,
                      "flex-wrap" : "nowrap",
                      "iconClass" : "widgets-flexcontainer-fixed",
                      "isLocked" : false,
                      "justify-content" : "flex-start",
                      "userCannotRemove" : false
                    },
                    "Widgets" : [ {
                      "Properties" : {
                        "Area" : "UI",
                        "CustomClass" : "",
                        "DisplayName" : "container-24",
                        "Id" : "flexcontainer-24",
                        "ResponsiveLayout" : true,
                        "ShowDataLoading" : true,
                        "Style" : "DefaultContainerStyle",
                        "Type" : "flexcontainer",
                        "UseTheme" : false,
                        "Visible" : true,
                        "Z-index" : 10,
                        "__TypeDisplayName" : "Responsive Container",
                        "align-content" : "flex-start",
                        "align-items" : "center",
                        "flex-basis" : "auto",
                        "flex-direction" : "column",
                        "flex-grow" : 0,
                        "flex-height" : 0,
                        "flex-shrink" : 0,
                        "flex-width" : 100,
                        "flex-wrap" : "nowrap",
                        "iconClass" : "widgets-flexcontainer-fixed",
                        "isLocked" : false,
                        "justify-content" : "flex-end",
                        "userCannotRemove" : false
                      },
                      "Widgets" : [ {
                        "Properties" : {
                          "Area" : "UI",
                          "CustomClass" : "header-logo",
                          "DisplayName" : "container-27",
                          "Id" : "flexcontainer-27",
                          "ResponsiveLayout" : true,
                          "ShowDataLoading" : true,
                          "Style" : "DefaultContainerStyle",
                          "Type" : "flexcontainer",
                          "UseTheme" : false,
                          "Visible" : true,
                          "Z-index" : 10,
                          "__TypeDisplayName" : "Responsive Container",
                          "align-content" : "flex-start",
                          "align-items" : "stretch",
                          "flex-basis" : "auto",
                          "flex-direction" : "column",
                          "flex-grow" : 0,
                          "flex-height" : 69,
                          "flex-shrink" : 0,
                          "flex-width" : 0,
                          "flex-wrap" : "nowrap",
                          "iconClass" : "widgets-flexcontainer-fixed",
                          "isLocked" : false,
                          "justify-content" : "space-around",
                          "userCannotRemove" : false
                        },
                        "Widgets" : [ {
                          "Properties" : {
                            "AlternateText" : "",
                            "Area" : "UI",
                            "BorderStyle" : "DefaultImageBorderStyle",
                            "CustomClass" : "",
                            "DisplayName" : "image-26",
                            "Height" : 100,
                            "Id" : "image-26",
                            "Left" : 30,
                            "PreventCaching" : false,
                            "ResponsiveLayout" : true,
                            "Scaling" : "none",
                            "ShowDataLoading" : false,
                            "SourceURL" : "Bayer_Logo",
                            "ToolTipField" : "",
                            "ToolTipStyle" : "DefaultTooltipStyle",
                            "Top" : 25,
                            "Type" : "image",
                            "Visible" : true,
                            "Width" : 100,
                            "Z-index" : 10,
                            "__TypeDisplayName" : "Image",
                            "__supportsTooltip" : true
                          },
                          "Widgets" : [ ]
                        } ]
                      }, {
                        "Properties" : {
                          "Area" : "UI",
                          "DisplayName" : "container-28",
                          "Id" : "flexcontainer-28",
                          "ResponsiveLayout" : true,
                          "ShowDataLoading" : true,
                          "Style" : "DefaultContainerStyle",
                          "Type" : "flexcontainer",
                          "UseTheme" : false,
                          "Visible" : true,
                          "Z-index" : 10,
                          "__TypeDisplayName" : "Responsive Container",
                          "align-content" : "space-between",
                          "align-items" : "center",
                          "flex-basis" : "auto",
                          "flex-direction" : "column",
                          "flex-grow" : 0,
                          "flex-height" : 0,
                          "flex-shrink" : 0,
                          "flex-width" : 0,
                          "flex-wrap" : "nowrap",
                          "iconClass" : "widgets-flexcontainer",
                          "isLocked" : true,
                          "justify-content" : "flex-end",
                          "userCannotRemove" : false
                        },
                        "Widgets" : [ {
                          "Properties" : {
                            "Area" : "UI",
                            "DisplayName" : "divider-30",
                            "Height" : 1,
                            "Id" : "divider-30",
                            "Left" : 8,
                            "Margin" : "0",
                            "ResponsiveLayout" : false,
                            "ShowDataLoading" : false,
                            "Style" : "Bayer_BlueBg",
                            "Top" : 0,
                            "Type" : "divider",
                            "Visible" : true,
                            "Width" : 80,
                            "Z-index" : 10,
                            "__TypeDisplayName" : "Divider"
                          },
                          "Widgets" : [ ]
                        } ]
                      } ]
                    }, {
                      "Properties" : {
                        "Area" : "UI",
                        "CustomClass" : "",
                        "DisplayName" : "container-23",
                        "Id" : "flexcontainer-23",
                        "ResponsiveLayout" : true,
                        "ShowDataLoading" : true,
                        "Style" : "Bayer_Bar_Blue",
                        "Type" : "flexcontainer",
                        "UseTheme" : false,
                        "Visible" : true,
                        "Z-index" : 10,
                        "__TypeDisplayName" : "Responsive Container",
                        "align-content" : "flex-start",
                        "align-items" : "center",
                        "flex-basis" : "auto",
                        "flex-direction" : "row",
                        "flex-grow" : 1,
                        "flex-height" : 0,
                        "flex-shrink" : 1,
                        "flex-width" : 0,
                        "flex-wrap" : "nowrap",
                        "iconClass" : "widgets-flexcontainer",
                        "isLocked" : true,
                        "justify-content" : "flex-start",
                        "userCannotRemove" : false
                      },
                      "Widgets" : [ {
                        "Properties" : {
                          "Alignment" : "left",
                          "AllowEllipsis" : false,
                          "Area" : "UI",
                          "CustomClass" : "",
                          "DisplayName" : "label-19",
                          "Height" : 22,
                          "Id" : "label-19",
                          "Left" : 265,
                          "Margin" : "5",
                          "ResponsiveLayout" : false,
                          "ShowDataLoading" : true,
                          "Style" : "Bayer_WhiteTitleBig",
                          "Text" : "[[Bayer.LineSelection]]",
                          "ToolTipField" : "",
                          "ToolTipStyle" : "DefaultTooltipStyle",
                          "Top" : 40,
                          "Type" : "label",
                          "Visible" : true,
                          "Width" : 270,
                          "Z-index" : 10,
                          "__TypeDisplayName" : "Label",
                          "__supportsTooltip" : true
                        },
                        "Widgets" : [ ]
                      }, {
                        "Properties" : {
                          "Alignment" : "left",
                          "Area" : "UI",
                          "ClickOutsideToClose" : false,
                          "DisplayName" : "navigation-18",
                          "FixedPopupHeight" : 0,
                          "FixedPopupWidth" : 0,
                          "Height" : 30,
                          "Icon" : "",
                          "IconAlignment" : "left",
                          "Id" : "navigation-18",
                          "Left" : 100,
                          "Margin" : "5",
                          "MashupName" : "BayerMainMashup",
                          "MashupParameters" : [ {
                            "BaseType" : "THINGNAME",
                            "Description" : "",
                            "ParameterName" : "line",
                            "ParmDef" : {
                              "aspects" : {
                                "bindingDirection" : "IN",
                                "isMandatory" : "false",
                                "ordinal" : "0"
                              },
                              "baseType" : "THINGNAME",
                              "description" : "",
                              "name" : "line",
                              "ordinal" : 0
                            }
                          } ],
                          "MessageToShow" : "Mashup must be selected",
                          "ModalPopupOpacity" : 0.5,
                          "NavigationActiveStyle" : "DefaultNavigationActiveStyle",
                          "NavigationFocusStyle" : "DefaultNavigationFocusStyle",
                          "NavigationHoverStyle" : "DefaultNavigationHoverStyle",
                          "PopupScrolling" : "auto",
                          "PopupTitle" : "",
                          "PopupTitleStyle" : "DefaultPopupTitleStyle",
                          "ReloadOnReplace" : false,
                          "ResponsiveLayout" : false,
                          "RoundedCorners" : true,
                          "ShowCloseButton" : true,
                          "ShowDataLoading" : false,
                          "ShowMessageIfNoMashup" : false,
                          "SingleClickSelectOnTablets" : true,
                          "Style" : "DefaultNavigationStyle",
                          "TabSequence" : 0,
                          "TargetWindow" : "replace",
                          "Text" : "navigate-to-line",
                          "ToolTipField" : "",
                          "ToolTipStyle" : "DefaultTooltipStyle",
                          "Top" : 20,
                          "Transparent" : false,
                          "Type" : "navigation",
                          "UseTheme" : false,
                          "Visible" : false,
                          "Width" : 200,
                          "Z-index" : 10,
                          "__TypeDisplayName" : "Navigation",
                          "__supportsTooltip" : true
                        },
                        "Widgets" : [ ]
                      } ]
                    } ]
                  }, {
                    "Properties" : {
                      "Area" : "UI",
                      "DisplayName" : "container-4",
                      "Id" : "flexcontainer-4",
                      "ResponsiveLayout" : true,
                      "ShowDataLoading" : true,
                      "Style" : "DefaultContainerStyle",
                      "Type" : "flexcontainer",
                      "UseTheme" : false,
                      "Visible" : true,
                      "Z-index" : 10,
                      "__TypeDisplayName" : "Responsive Container",
                      "align-content" : "flex-start",
                      "align-items" : "flex-start",
                      "flex-basis" : "auto",
                      "flex-direction" : "row",
                      "flex-grow" : 1,
                      "flex-height" : 0,
                      "flex-shrink" : 0,
                      "flex-width" : 0,
                      "flex-wrap" : "wrap",
                      "iconClass" : "widgets-flexcontainer",
                      "isLocked" : true,
                      "justify-content" : "flex-start",
                      "userCannotRemove" : false
                    },
                    "Widgets" : [ {
                      "Properties" : {
                        "Area" : "UI",
                        "DisplayName" : "container-34",
                        "Id" : "flexcontainer-34",
                        "ResponsiveLayout" : true,
                        "ShowDataLoading" : true,
                        "Style" : "DefaultContainerStyle",
                        "Type" : "flexcontainer",
                        "UseTheme" : false,
                        "Visible" : true,
                        "Z-index" : 10,
                        "__TypeDisplayName" : "Responsive Container",
                        "align-content" : "flex-start",
                        "align-items" : "flex-start",
                        "flex-basis" : "auto",
                        "flex-direction" : "column",
                        "flex-grow" : 1,
                        "flex-height" : 0,
                        "flex-shrink" : 1,
                        "flex-width" : 99,
                        "flex-wrap" : "nowrap",
                        "iconClass" : "widgets-flexcontainer-fixed",
                        "isLocked" : false,
                        "justify-content" : "flex-start",
                        "userCannotRemove" : false
                      },
                      "Widgets" : [ ]
                    }, {
                      "Properties" : {
                        "Area" : "UI",
                        "DisplayName" : "container-33",
                        "Id" : "flexcontainer-33",
                        "ResponsiveLayout" : true,
                        "ShowDataLoading" : true,
                        "Style" : "Bayer_LightGreyBg",
                        "Type" : "flexcontainer",
                        "UseTheme" : false,
                        "Visible" : true,
                        "Z-index" : 10,
                        "__TypeDisplayName" : "Responsive Container",
                        "align-content" : "flex-start",
                        "align-items" : "flex-start",
                        "flex-basis" : "auto",
                        "flex-direction" : "row",
                        "flex-grow" : 1,
                        "flex-height" : 0,
                        "flex-shrink" : 1,
                        "flex-width" : 0,
                        "flex-wrap" : "wrap",
                        "iconClass" : "widgets-flexcontainer",
                        "isLocked" : true,
                        "justify-content" : "flex-start",
                        "userCannotRemove" : false
                      },
                      "Widgets" : [ {
                        "Properties" : {
                          "AllowSelection" : false,
                          "AlwaysUseCustomScrollerOniOS" : true,
                          "Area" : "UI",
                          "AutoSelectFirstRow" : false,
                          "BottomPadding" : 22,
                          "CellActiveStyle" : "DefaultCollectionCellActiveStyle",
                          "CellBorderRadius" : 0,
                          "CellBoxShadow" : "",
                          "CellHoverStyle" : "DefaultCollectionCellHoverStyle",
                          "CellMashupSelectedField" : "",
                          "CellMenuStatesIconGravity" : "Left",
                          "CellMenuStatesIconSize" : 16,
                          "CellMenuStatesOrientation" : "Horizontal",
                          "CellMenuStatesUseBuiltin" : false,
                          "CellMultipleSelectionType" : "Disabled",
                          "CellPointer" : "Auto",
                          "CellSelectedStyle" : "DefaultCollectionCellSelectedStyle",
                          "CellStyle" : "DefaultCollectionCellStyle",
                          "CustomClass" : "",
                          "DisplayName" : "collection-7",
                          "FlowLayoutAlignment" : "Top",
                          "FlowLayoutContentGravity" : "Top",
                          "FlowLayoutGravity" : "Spaced",
                          "FooterHeight" : 44,
                          "FooterSectionParam" : "",
                          "HandleSelectionUpdates" : true,
                          "HasSelectedCells" : false,
                          "HeaderHeight" : 44,
                          "HeaderSectionParam" : "",
                          "Height" : 300,
                          "Id" : "collection-7",
                          "ItemLoadBehavior" : "loadAll",
                          "Left" : 425,
                          "LeftAlignFinalRow" : true,
                          "Mashup" : "BayerProductionLineCollectionItemMashup",
                          "MashupGlobalPropertyBinding" : "{}",
                          "MashupHeight" : 200,
                          "MashupNameField" : "",
                          "MashupPropertyBinding" : "{\"displayName\":\"LineName\"}",
                          "MashupWidth" : 200,
                          "MinimumSpacing" : 10,
                          "MultiSelect" : false,
                          "OffScreenBufferFactor" : 0.1,
                          "PinFootersToBottom" : false,
                          "PinHeadersToTop" : false,
                          "PlaysIntroAnimation" : false,
                          "ResponsiveLayout" : true,
                          "RippleEffectStyle" : "DefaultCollectionRippleStyle",
                          "RowSpacing" : 44,
                          "ScrollbarType" : "hover",
                          "ScrollsToSelectedCell" : false,
                          "SectionInsetBottom" : 0,
                          "SectionInsetLeft" : 0,
                          "SectionInsetRight" : 0,
                          "SectionInsetTop" : 0,
                          "SelectedCellsCount" : 0,
                          "ShowDataLoading" : true,
                          "ShowFooters" : false,
                          "ShowHeaders" : false,
                          "SortAscending" : true,
                          "SortField" : "displayName",
                          "Top" : 75,
                          "TopPadding" : 22,
                          "Type" : "collection",
                          "UIDField" : "name",
                          "UseCustomScrollerOnWindowsDesktops" : true,
                          "UseMashupDimensions" : false,
                          "UseRippleEffect" : true,
                          "View" : "flow",
                          "Visible" : true,
                          "Width" : 400,
                          "Z-index" : 10,
                          "_CanDoubleClick" : false,
                          "_EventDataShape" : "{\"accidentsCount\":{\"sourceType\":\"Unknown\",\"name\":\"accidentsCount\",\"aspects\":{\"minimumValue\":0,\"defaultValue\":0,\"isPersistent\":true,\"isLogged\":false,\"dataChangeType\":\"VALUE\",\"units\":\"accident\",\"cacheTime\":0},\"isLocalOnly\":false,\"description\":\"\",\"sourceName\":\"\",\"category\":\"\",\"baseType\":\"NUMBER\",\"ordinal\":0},\"accidentsLastModified\":{\"sourceType\":\"Unknown\",\"name\":\"accidentsLastModified\",\"aspects\":{\"isPersistent\":true,\"isLogged\":false,\"dataChangeType\":\"VALUE\",\"cacheTime\":0},\"isLocalOnly\":false,\"description\":\"\",\"sourceName\":\"\",\"category\":\"\",\"baseType\":\"DATETIME\",\"ordinal\":0},\"additionalChangeoverTime\":{\"sourceType\":\"Unknown\",\"name\":\"additionalChangeoverTime\",\"aspects\":{\"isReadOnly\":false,\"dataChangeThreshold\":0,\"defaultValue\":90,\"isPersistent\":true,\"isLogged\":false,\"dataChangeType\":\"VALUE\",\"units\":\"min\",\"cacheTime\":0},\"isLocalOnly\":false,\"description\":\"\",\"sourceName\":\"\",\"category\":\"\",\"baseType\":\"INTEGER\",\"ordinal\":0},\"availability\":{\"sourceType\":\"Unknown\",\"name\":\"availability\",\"aspects\":{\"isReadOnly\":false,\"defaultValue\":{\"rows\":[{\"element\":100},{\"element\":100},{\"element\":100},{\"element\":100},{\"element\":100},{\"element\":100},{\"element\":100},{\"element\":100},{\"element\":100},{\"element\":100},{\"element\":100},{\"element\":100},{\"element\":50},{\"element\":50},{\"element\":100},{\"element\":100},{\"element\":100},{\"element\":100},{\"element\":50},{\"element\":50},{\"element\":100},{\"element\":100},{\"element\":100},{\"element\":100}],\"dataShape\":{\"fieldDefinitions\":{\"element\":{\"name\":\"element\",\"aspects\":{},\"description\":\"\",\"baseType\":\"NUMBER\",\"ordinal\":0}}}},\"isPersistent\":true,\"isLogged\":false,\"dataChangeType\":\"VALUE\",\"cacheTime\":0,\"dataShape\":\"NumberArrayElement\"},\"isLocalOnly\":false,\"description\":\"\",\"sourceName\":\"\",\"category\":\"\",\"baseType\":\"INFOTABLE\",\"ordinal\":0,\"dataShape\":{\"fieldDefinitions\":{\"element\":{\"name\":\"element\",\"aspects\":{},\"description\":\"\",\"baseType\":\"NUMBER\",\"ordinal\":1}}}},\"avatar\":{\"name\":\"avatar\",\"aspects\":{},\"description\":\"Avatar image\",\"baseType\":\"IMAGELINK\",\"ordinal\":5},\"changeoverAlertLevel\":{\"sourceType\":\"Unknown\",\"name\":\"changeoverAlertLevel\",\"aspects\":{\"minimumValue\":0,\"isReadOnly\":false,\"dataChangeThreshold\":0,\"defaultValue\":0,\"isPersistent\":true,\"isLogged\":false,\"dataChangeType\":\"VALUE\",\"maximumValue\":3,\"cacheTime\":0},\"isLocalOnly\":false,\"description\":\"0 - no alert\\n1 - blank\\n2 - changeover duration more than 110% target\\n3 - changeover duration more than 120% target\",\"sourceName\":\"\",\"category\":\"\",\"baseType\":\"INTEGER\",\"ordinal\":0},\"changeoverComingNotificationSent\":{\"sourceType\":\"Unknown\",\"name\":\"changeoverComingNotificationSent\",\"aspects\":{\"isPersistent\":true,\"dataChangeType\":\"VALUE\",\"cacheTime\":0},\"isLocalOnly\":false,\"description\":\"\",\"sourceName\":\"\",\"category\":\"\",\"baseType\":\"BOOLEAN\",\"ordinal\":0},\"changeoverDelayStartTime\":{\"sourceType\":\"Unknown\",\"name\":\"changeoverDelayStartTime\",\"aspects\":{\"isPersistent\":true,\"dataChangeType\":\"VALUE\",\"cacheTime\":0},\"isLocalOnly\":false,\"description\":\"\",\"sourceName\":\"\",\"category\":\"\",\"baseType\":\"DATETIME\",\"ordinal\":0},\"changeoverStartTime\":{\"sourceType\":\"Unknown\",\"name\":\"changeoverStartTime\",\"aspects\":{\"isPersistent\":true,\"dataChangeType\":\"VALUE\",\"cacheTime\":0},\"isLocalOnly\":false,\"description\":\"\",\"sourceName\":\"\",\"category\":\"\",\"baseType\":\"DATETIME\",\"ordinal\":0},\"counter\":{\"sourceType\":\"Unknown\",\"name\":\"counter\",\"aspects\":{\"isReadOnly\":false,\"dataChangeThreshold\":0,\"defaultValue\":0,\"isPersistent\":true,\"isLogged\":false,\"dataChangeType\":\"VALUE\",\"cacheTime\":0},\"isLocalOnly\":false,\"description\":\"\",\"sourceName\":\"\",\"category\":\"\",\"baseType\":\"NUMBER\",\"ordinal\":0},\"currentProductKey\":{\"sourceType\":\"Unknown\",\"name\":\"currentProductKey\",\"aspects\":{\"isReadOnly\":false,\"isPersistent\":true,\"isLogged\":false,\"dataChangeType\":\"VALUE\",\"cacheTime\":0},\"isLocalOnly\":false,\"description\":\"\",\"sourceName\":\"\",\"category\":\"\",\"baseType\":\"INTEGER\",\"ordinal\":0},\"currentShiftId\":{\"sourceType\":\"Unknown\",\"name\":\"currentShiftId\",\"aspects\":{\"isPersistent\":true,\"dataChangeType\":\"VALUE\",\"cacheTime\":0},\"isLocalOnly\":false,\"description\":\"\",\"sourceName\":\"\",\"category\":\"\",\"baseType\":\"INTEGER\",\"ordinal\":0},\"delayBreakDownTimeMoreThan\":{\"sourceType\":\"Unknown\",\"name\":\"delayBreakDownTimeMoreThan\",\"aspects\":{\"minimumValue\":0,\"isPersistent\":true,\"dataChangeType\":\"VALUE\",\"units\":\"min\",\"cacheTime\":0},\"isLocalOnly\":false,\"description\":\"Threshold time - if a delay was longer, we register a breakdown\",\"sourceName\":\"\",\"category\":\"\",\"baseType\":\"NUMBER\",\"ordinal\":0},\"delayMicrostopCount\":{\"sourceType\":\"Unknown\",\"name\":\"delayMicrostopCount\",\"aspects\":{\"minimumValue\":0,\"isPersistent\":true,\"dataChangeType\":\"VALUE\",\"cacheTime\":0},\"isLocalOnly\":false,\"description\":\"\",\"sourceName\":\"\",\"category\":\"\",\"baseType\":\"INTEGER\",\"ordinal\":0},\"delayMicrostopCountMax\":{\"sourceType\":\"Unknown\",\"name\":\"delayMicrostopCountMax\",\"aspects\":{\"minimumValue\":0,\"isPersistent\":true,\"dataChangeType\":\"VALUE\",\"cacheTime\":0},\"isLocalOnly\":false,\"description\":\"Threshold count - nr of micro stops allowed. After that a delay will be recorded in DB.\",\"sourceName\":\"\",\"category\":\"\",\"baseType\":\"INTEGER\",\"ordinal\":0},\"delayMicrostopTime\":{\"sourceType\":\"Unknown\",\"name\":\"delayMicrostopTime\",\"aspects\":{\"isPersistent\":true,\"dataChangeType\":\"VALUE\",\"units\":\"min\",\"cacheTime\":0},\"isLocalOnly\":false,\"description\":\"Total duration of micro-stops after with delay will trigger\",\"sourceName\":\"\",\"category\":\"\",\"baseType\":\"NUMBER\",\"ordinal\":0},\"delayMicrostopTimeLessThan\":{\"sourceType\":\"Unknown\",\"name\":\"delayMicrostopTimeLessThan\",\"aspects\":{\"minimumValue\":0,\"isPersistent\":true,\"dataChangeType\":\"VALUE\",\"units\":\"min\",\"cacheTime\":0},\"isLocalOnly\":false,\"description\":\"Threshold time - if a delay was shorter, we register a microstop\",\"sourceName\":\"\",\"category\":\"\",\"baseType\":\"NUMBER\",\"ordinal\":0},\"delayMicrostopTimeMax\":{\"sourceType\":\"Unknown\",\"name\":\"delayMicrostopTimeMax\",\"aspects\":{\"minimumValue\":0,\"isPersistent\":true,\"dataChangeType\":\"VALUE\",\"units\":\"min\",\"cacheTime\":0},\"isLocalOnly\":false,\"description\":\"Threshold time - total duration of micro-stops allowed. After that delay will be recorded in DB\",\"sourceName\":\"\",\"category\":\"\",\"baseType\":\"NUMBER\",\"ordinal\":0},\"delayMicrostopTimeStart\":{\"sourceType\":\"Unknown\",\"name\":\"delayMicrostopTimeStart\",\"aspects\":{\"isPersistent\":true,\"dataChangeType\":\"VALUE\",\"cacheTime\":0},\"isLocalOnly\":false,\"description\":\"\",\"sourceName\":\"\",\"category\":\"\",\"baseType\":\"DATETIME\",\"ordinal\":0},\"description\":{\"sourceType\":\"Unknown\",\"name\":\"description\",\"aspects\":{\"isReadOnly\":true,\"isPersistent\":false,\"isBuiltIn\":true},\"isLocalOnly\":true,\"description\":\"Thing description\",\"sourceName\":\"\",\"category\":\"Metadata\",\"baseType\":\"STRING\",\"ordinal\":0},\"displayName\":{\"sourceType\":\"Unknown\",\"name\":\"displayName\",\"aspects\":{\"isReadOnly\":false,\"isPersistent\":true,\"isLogged\":false,\"dataChangeType\":\"VALUE\",\"cacheTime\":0},\"isLocalOnly\":false,\"description\":\"\",\"sourceName\":\"\",\"category\":\"\",\"baseType\":\"STRING\",\"ordinal\":0},\"homeMashup\":{\"name\":\"homeMashup\",\"aspects\":{},\"description\":\"Home mashup\",\"baseType\":\"MASHUPNAME\",\"ordinal\":4},\"isSystemObject\":{\"name\":\"isSystemObject\",\"aspects\":{},\"description\":\"Indicates if a system object or not\",\"baseType\":\"BOOLEAN\",\"ordinal\":1},\"kepwareCounter\":{\"sourceType\":\"Unknown\",\"name\":\"kepwareCounter\",\"aspects\":{\"isReadOnly\":false,\"dataChangeThreshold\":0,\"defaultValue\":0,\"isPersistent\":true,\"isLogged\":false,\"dataChangeType\":\"VALUE\",\"cacheTime\":0},\"isLocalOnly\":false,\"description\":\"\",\"sourceName\":\"\",\"category\":\"\",\"baseType\":\"NUMBER\",\"ordinal\":0},\"name\":{\"sourceType\":\"Unknown\",\"name\":\"name\",\"aspects\":{\"isReadOnly\":true,\"isPersistent\":false,\"isBuiltIn\":true},\"isLocalOnly\":true,\"description\":\"Thing name\",\"sourceName\":\"\",\"category\":\"Metadata\",\"baseType\":\"STRING\",\"ordinal\":0},\"nearMissesCount\":{\"sourceType\":\"Unknown\",\"name\":\"nearMissesCount\",\"aspects\":{\"minimumValue\":0,\"defaultValue\":0,\"isPersistent\":true,\"isLogged\":false,\"dataChangeType\":\"VALUE\",\"units\":\"near misses\",\"cacheTime\":0},\"isLocalOnly\":false,\"description\":\"\",\"sourceName\":\"\",\"category\":\"\",\"baseType\":\"NUMBER\",\"ordinal\":0},\"nearMissesLastModified\":{\"sourceType\":\"Unknown\",\"name\":\"nearMissesLastModified\",\"aspects\":{\"isPersistent\":true,\"isLogged\":false,\"dataChangeType\":\"VALUE\",\"cacheTime\":0},\"isLocalOnly\":false,\"description\":\"\",\"sourceName\":\"\",\"category\":\"\",\"baseType\":\"DATETIME\",\"ordinal\":0},\"nominalRateCorrection\":{\"sourceType\":\"Unknown\",\"name\":\"nominalRateCorrection\",\"aspects\":{\"isReadOnly\":false,\"dataChangeThreshold\":0,\"defaultValue\":0.6,\"isPersistent\":true,\"isLogged\":false,\"dataChangeType\":\"VALUE\",\"cacheTime\":0},\"isLocalOnly\":false,\"description\":\"\",\"sourceName\":\"\",\"category\":\"\",\"baseType\":\"NUMBER\",\"ordinal\":0},\"notificationTargetGroupA\":{\"sourceType\":\"Unknown\",\"name\":\"notificationTargetGroupA\",\"aspects\":{\"defaultValue\":{\"rows\":[],\"dataShape\":{\"fieldDefinitions\":{\"item\":{\"name\":\"item\",\"aspects\":{\"isPrimaryKey\":true},\"description\":\"Item\",\"baseType\":\"STRING\",\"ordinal\":0}}}},\"isPersistent\":true,\"dataChangeType\":\"VALUE\",\"dataShape\":\"GenericStringList\",\"cacheTime\":0},\"isLocalOnly\":false,\"description\":\"\",\"sourceName\":\"\",\"category\":\"\",\"baseType\":\"INFOTABLE\",\"ordinal\":0,\"dataShape\":{\"fieldDefinitions\":{\"item\":{\"name\":\"item\",\"aspects\":{\"isPrimaryKey\":true},\"description\":\"Item\",\"baseType\":\"STRING\",\"ordinal\":1}}}},\"notificationTargetGroupB\":{\"sourceType\":\"Unknown\",\"name\":\"notificationTargetGroupB\",\"aspects\":{\"defaultValue\":{\"rows\":[],\"dataShape\":{\"fieldDefinitions\":{\"item\":{\"name\":\"item\",\"aspects\":{\"isPrimaryKey\":true},\"description\":\"Item\",\"baseType\":\"STRING\",\"ordinal\":0}}}},\"isPersistent\":true,\"dataChangeType\":\"VALUE\",\"dataShape\":\"GenericStringList\",\"cacheTime\":0},\"isLocalOnly\":false,\"description\":\"\",\"sourceName\":\"\",\"category\":\"\",\"baseType\":\"INFOTABLE\",\"ordinal\":0,\"dataShape\":{\"fieldDefinitions\":{\"item\":{\"name\":\"item\",\"aspects\":{\"isPrimaryKey\":true},\"description\":\"Item\",\"baseType\":\"STRING\",\"ordinal\":1}}}},\"previousCycleCounter\":{\"sourceType\":\"Unknown\",\"name\":\"previousCycleCounter\",\"aspects\":{\"isReadOnly\":false,\"dataChangeThreshold\":0,\"defaultValue\":0,\"isPersistent\":true,\"isLogged\":false,\"dataChangeType\":\"VALUE\",\"cacheTime\":0},\"isLocalOnly\":false,\"description\":\"\",\"sourceName\":\"\",\"category\":\"\",\"baseType\":\"NUMBER\",\"ordinal\":0},\"previousProductCounter\":{\"sourceType\":\"Unknown\",\"name\":\"previousProductCounter\",\"aspects\":{\"isReadOnly\":false,\"dataChangeThreshold\":0,\"defaultValue\":0,\"isPersistent\":true,\"isLogged\":false,\"dataChangeType\":\"VALUE\",\"cacheTime\":0},\"isLocalOnly\":false,\"description\":\"\",\"sourceName\":\"\",\"category\":\"\",\"baseType\":\"NUMBER\",\"ordinal\":0},\"productionAlertLevel\":{\"sourceType\":\"Unknown\",\"name\":\"productionAlertLevel\",\"aspects\":{\"minimumValue\":0,\"isReadOnly\":false,\"dataChangeThreshold\":0,\"defaultValue\":0,\"isPersistent\":true,\"isLogged\":false,\"dataChangeType\":\"VALUE\",\"maximumValue\":3,\"cacheTime\":0},\"isLocalOnly\":false,\"description\":\"0 - no alert\\n1 - no production for last 5 min\\n2 - no production for last 10 min\\n3 - no production for last 30 min\",\"sourceName\":\"\",\"category\":\"\",\"baseType\":\"INTEGER\",\"ordinal\":0},\"productionRunning\":{\"sourceType\":\"Unknown\",\"name\":\"productionRunning\",\"aspects\":{\"defaultValue\":true,\"isPersistent\":true,\"isLogged\":false,\"dataChangeType\":\"VALUE\",\"cacheTime\":0},\"isLocalOnly\":false,\"description\":\"simulate production\",\"sourceName\":\"\",\"category\":\"\",\"baseType\":\"BOOLEAN\",\"ordinal\":0},\"reportsRecipient\":{\"sourceType\":\"Unknown\",\"name\":\"reportsRecipient\",\"aspects\":{\"isReadOnly\":false,\"isPersistent\":true,\"isLogged\":false,\"dataChangeType\":\"VALUE\",\"cacheTime\":0},\"isLocalOnly\":false,\"description\":\"\",\"sourceName\":\"\",\"category\":\"\",\"baseType\":\"STRING\",\"ordinal\":0},\"reportsSender\":{\"sourceType\":\"Unknown\",\"name\":\"reportsSender\",\"aspects\":{\"isReadOnly\":false,\"isPersistent\":true,\"isLogged\":false,\"dataChangeType\":\"VALUE\",\"cacheTime\":0},\"isLocalOnly\":false,\"description\":\"\",\"sourceName\":\"\",\"category\":\"\",\"baseType\":\"STRING\",\"ordinal\":0},\"smsSenderAddress\":{\"sourceType\":\"Unknown\",\"name\":\"smsSenderAddress\",\"aspects\":{\"isReadOnly\":false,\"isPersistent\":true,\"isLogged\":false,\"dataChangeType\":\"VALUE\",\"cacheTime\":0},\"isLocalOnly\":false,\"description\":\"\",\"sourceName\":\"\",\"category\":\"\",\"baseType\":\"STRING\",\"ordinal\":0},\"tags\":{\"sourceType\":\"Unknown\",\"name\":\"tags\",\"aspects\":{\"isReadOnly\":true,\"isPersistent\":false,\"tagType\":\"ModelTags\",\"isBuiltIn\":true},\"isLocalOnly\":true,\"description\":\"Thing Tags\",\"sourceName\":\"\",\"category\":\"Metadata\",\"baseType\":\"TAGS\",\"ordinal\":0},\"thingTemplate\":{\"sourceType\":\"Unknown\",\"name\":\"thingTemplate\",\"aspects\":{\"isReadOnly\":true,\"isPersistent\":false,\"isBuiltIn\":true},\"isLocalOnly\":true,\"description\":\"Thing Template\",\"sourceName\":\"\",\"category\":\"Metadata\",\"baseType\":\"THINGTEMPLATENAME\",\"ordinal\":0},\"updateProductLock\":{\"sourceType\":\"Unknown\",\"name\":\"updateProductLock\",\"aspects\":{\"isReadOnly\":false,\"defaultValue\":false,\"isPersistent\":false,\"isLogged\":false,\"dataChangeType\":\"VALUE\",\"cacheTime\":0},\"isLocalOnly\":false,\"description\":\"\",\"sourceName\":\"\",\"category\":\"\",\"baseType\":\"BOOLEAN\",\"ordinal\":0}}",
                          "_GlobalDataShape" : "{}",
                          "_MenuDefinition" : "[]",
                          "__TypeDisplayName" : "Collection",
                          "isLocked" : false
                        },
                        "Widgets" : [ ]
                      } ]
                    } ]
                  } ]
                }, {
                  "Properties" : {
                    "Area" : "UI",
                    "AutoEvaluate" : false,
                    "DataChangeType" : "VALUE",
                    "DisplayName" : "isLineSelected",
                    "Expression" : "result = 'BayerProductionLineSelectMashup';\nif (lineNameSelected && lineNameSelected !== '') {\n    result = 'BayerShiftTrackingMashup';\n}",
                    "FireOnFirstValue" : false,
                    "Height" : 28,
                    "Id" : "expression-17",
                    "Left" : 0,
                    "OutputBaseType" : "STRING",
                    "ShowDataLoading" : true,
                    "Top" : 0,
                    "Type" : "expression",
                    "Visible" : true,
                    "Width" : 200,
                    "Z-index" : 10,
                    "__TypeDisplayName" : "Expression",
                    "_currentParameterDefs" : [ {
                      "BaseType" : "STRING",
                      "Description" : "",
                      "ParameterName" : "lineNameSelected",
                      "isValid" : true
                    } ],
                    "editMode" : "edit",
                    "helperType" : "expression",
                    "parameters" : [ {
                      "BaseType" : "STRING",
                      "Description" : "",
                      "ParameterName" : "lineNameSelected",
                      "isValid" : true
                    } ],
                    "parametersToDelete" : [ ]
                  },
                  "Widgets" : [ ]
                } ]
              },
              "mashupType" : "mashup"
            }
            ]]>
            </mashupContent>
            <preview></preview>
        </Mashup>
    </Mashups>
</Entities>
