<?xml version="1.0" encoding="UTF-8"?>
<Entities
 build="b222"
 majorVersion="8"
 minorVersion="5"
 modelPersistenceProviderPackage="PostgresPersistenceProviderPackage"
 revision="4"
 schemaVersion="1053"
 universal="">
    <Mashups>
        <Mashup
         aspect.isResponsive="true"
         aspect.mashupType="mashup"
         columns="0.0"
         description=""
         documentationContent=""
         homeMashup=""
         lastModifiedDate="2020-05-19T15:40:05.728Z"
         name="BayerStandbyPopup"
         projectName="BayerIoT"
         rows="0.0"
         tags="Applications:Bayer">
            <avatar></avatar>
            <DesignTimePermissions>
                <Create></Create>
                <Read></Read>
                <Update></Update>
                <Delete></Delete>
                <Metadata></Metadata>
            </DesignTimePermissions>
            <RunTimePermissions></RunTimePermissions>
            <VisibilityPermissions>
                <Visibility></Visibility>
            </VisibilityPermissions>
            <ConfigurationTableDefinitions></ConfigurationTableDefinitions>
            <ConfigurationTables></ConfigurationTables>
            <ParameterDefinitions>
                <FieldDefinition
                 aspect.bindingDirection="BOTH"
                 aspect.isMandatory="false"
                 aspect.ordinal="1"
                 baseType="STRING"
                 description=""
                 name="buttonClickedLabel"
                 ordinal="0"></FieldDefinition>
                <FieldDefinition
                 aspect.bindingDirection="BOTH"
                 aspect.isMandatory="false"
                 aspect.ordinal="0"
                 baseType="NUMBER"
                 description=""
                 name="standbyDuration"
                 ordinal="0"></FieldDefinition>
            </ParameterDefinitions>
            <Things>
                <Thing>BayerProductionPlanPage</Thing>
            </Things>
            <ThingShapes></ThingShapes>
            <ThingTemplates></ThingTemplates>
            <mashupContent>
            <![CDATA[
            {
              "CustomMashupCss" : "",
              "Data" : {
                "Session" : {
                  "DataName" : "Session",
                  "EntityName" : "",
                  "EntityType" : "Session",
                  "Id" : "session",
                  "Services" : [ {
                    "APIMethod" : "post",
                    "Characteristic" : "Services",
                    "Id" : "SessionInterface",
                    "Name" : "GetGlobalSessionValues",
                    "Parameters" : { },
                    "RefreshInterval" : 0,
                    "Target" : "GetGlobalSessionValues"
                  } ]
                },
                "Things_BayerProductionPlanPage" : {
                  "DataName" : "Things_BayerProductionPlanPage",
                  "EntityName" : "BayerProductionPlanPage",
                  "EntityType" : "Things",
                  "Id" : "2ac6f6ee-a7a1-45ab-9c3c-360303a79993",
                  "Services" : [ {
                    "APIMethod" : "post",
                    "Characteristic" : "Services",
                    "Id" : "b1069736-dd6b-4597-a322-154209a40227",
                    "Name" : "GetAvailableStandbyList",
                    "Parameters" : { },
                    "RefreshInterval" : 0,
                    "Target" : "GetAvailableStandbyList"
                  } ]
                },
                "UserExtensions" : {
                  "DataName" : "UserExtensions",
                  "EntityName" : "",
                  "EntityType" : "UserExtensions",
                  "Id" : "UserExtensions",
                  "Services" : [ {
                    "APIMethod" : "post",
                    "Characteristic" : "Services",
                    "Id" : "UserExtensionInterface",
                    "Name" : "GetCurrentUserExtensionProperties",
                    "Parameters" : { },
                    "RefreshInterval" : 0,
                    "Target" : "GetCurrentUserExtensionProperties"
                  } ]
                }
              },
              "DataBindings" : [ {
                "Id" : "727aa982-712c-48b4-87b8-628ec271b1f4",
                "PropertyMaps" : [ {
                  "SourceProperty" : "Output",
                  "SourcePropertyBaseType" : "BOOLEAN",
                  "SourcePropertyType" : "Property",
                  "TargetProperty" : "Disabled",
                  "TargetPropertyBaseType" : "BOOLEAN",
                  "TargetPropertyType" : "property"
                } ],
                "SourceArea" : "UI",
                "SourceId" : "expression-18",
                "SourceSection" : "",
                "TargetArea" : "UI",
                "TargetId" : "ptcsbutton-7",
                "TargetSection" : ""
              }, {
                "Id" : "ebad15e7-cdec-434a-876a-5d6933485f39",
                "PropertyMaps" : [ {
                  "SourceProperty" : "",
                  "SourcePropertyBaseType" : "INFOTABLE",
                  "SourcePropertyType" : "InfoTable",
                  "TargetProperty" : "Data",
                  "TargetPropertyBaseType" : "INFOTABLE",
                  "TargetPropertyType" : "property"
                } ],
                "SourceArea" : "Data",
                "SourceDetails" : "AllData",
                "SourceId" : "GetAvailableStandbyList",
                "SourceSection" : "Things_BayerProductionPlanPage",
                "TargetArea" : "UI",
                "TargetId" : "ptcslist-19",
                "TargetSection" : ""
              }, {
                "Id" : "c4183dd8-5536-46e7-869e-b2043a16ccb8",
                "PropertyMaps" : [ {
                  "SourceProperty" : "DisplayTime",
                  "SourcePropertyBaseType" : "STRING",
                  "SourcePropertyType" : "Field",
                  "TargetProperty" : "duration",
                  "TargetPropertyBaseType" : "STRING",
                  "TargetPropertyType" : "property"
                } ],
                "SourceArea" : "Data",
                "SourceDetails" : "SelectedRows",
                "SourceId" : "GetAvailableStandbyList",
                "SourceSection" : "Things_BayerProductionPlanPage",
                "TargetArea" : "UI",
                "TargetId" : "expression-18",
                "TargetSection" : ""
              }, {
                "Id" : "b27e2938-50a4-4447-be7d-fb5aeba9fbfc",
                "PropertyMaps" : [ {
                  "SourceProperty" : "Output",
                  "SourcePropertyBaseType" : "NUMBER",
                  "SourcePropertyType" : "Property",
                  "TargetProperty" : "standbyDuration",
                  "TargetPropertyBaseType" : "NUMBER",
                  "TargetPropertyType" : "property"
                } ],
                "SourceArea" : "UI",
                "SourceId" : "expression-16",
                "SourceSection" : "",
                "TargetArea" : "Mashup",
                "TargetId" : "mashup-root",
                "TargetSection" : ""
              }, {
                "Id" : "ceb94f9a-9bdb-4734-a16e-1656f19940e0",
                "PropertyMaps" : [ {
                  "SourceProperty" : "NumberOfHours",
                  "SourcePropertyBaseType" : "NUMBER",
                  "SourcePropertyType" : "Field",
                  "TargetProperty" : "durationValue",
                  "TargetPropertyBaseType" : "NUMBER",
                  "TargetPropertyType" : "property"
                } ],
                "SourceArea" : "Data",
                "SourceDetails" : "SelectedRows",
                "SourceId" : "GetAvailableStandbyList",
                "SourceSection" : "Things_BayerProductionPlanPage",
                "TargetArea" : "UI",
                "TargetId" : "expression-16",
                "TargetSection" : ""
              } ],
              "DesignTimePermissions" : {
                "Create" : [ ],
                "Delete" : [ ],
                "Metadata" : [ ],
                "Read" : [ ],
                "Update" : [ ]
              },
              "Events" : [ {
                "EventHandlerArea" : "UI",
                "EventHandlerId" : "expression-16",
                "EventHandlerService" : "Evaluate",
                "EventTriggerArea" : "UI",
                "EventTriggerEvent" : "Clicked",
                "EventTriggerId" : "ptcsbutton-7",
                "EventTriggerSection" : "",
                "Id" : "98c33cc4-0fb4-4f81-89d3-8f22d32e7397"
              }, {
                "EventHandlerArea" : "Data",
                "EventHandlerId" : "Things_BayerProductionPlanPage",
                "EventHandlerService" : "GetAvailableStandbyList",
                "EventTriggerArea" : "Mashup",
                "EventTriggerEvent" : "Loaded",
                "EventTriggerId" : "mashup-root",
                "EventTriggerSection" : "",
                "Id" : "60939462-7b66-41e6-94b6-d185fe228bc8"
              }, {
                "EventHandlerArea" : "Mashup",
                "EventHandlerId" : "mashup-root",
                "EventHandlerService" : "CloseIfPopup",
                "EventTriggerArea" : "UI",
                "EventTriggerEvent" : "Clicked",
                "EventTriggerId" : "ptcsbutton-7",
                "EventTriggerSection" : "",
                "Id" : "af8ddf6b-b0f9-4927-a233-cc78e1de1957"
              }, {
                "EventHandlerArea" : "Mashup",
                "EventHandlerId" : "mashup-root",
                "EventHandlerService" : "CloseIfPopup",
                "EventTriggerArea" : "UI",
                "EventTriggerEvent" : "Clicked",
                "EventTriggerId" : "ptcsbutton-6",
                "EventTriggerSection" : "",
                "Id" : "4613b7ee-ea5c-4371-bc16-342f1229f01b"
              } ],
              "RunTimePermissions" : {
                "permissions" : [ ]
              },
              "UI" : {
                "Properties" : {
                  "AddToDashboardButton" : "SimplePlus",
                  "AddToDashboardButtonStyle" : "DefaultAddToDashboardButtonStyle",
                  "Area" : "Mashup",
                  "BGImage" : "",
                  "BGImageRepeat" : "repeat",
                  "BGImageSize" : "auto",
                  "Columns" : 0,
                  "ConfigureGadgetButton" : "SimpleGear",
                  "ConfigureGadgetButtonStyle" : "DefaultConfigureGadgetButtonStyle",
                  "DisplayName" : "Mashup",
                  "EnableParameterEditing" : false,
                  "Height" : 618,
                  "Id" : "mashup-root",
                  "IgnoreWarningsInViewMashup" : false,
                  "IsPrintLayout" : false,
                  "Left" : 0,
                  "MashupToEditGadget" : "DefaultMashupToEditGadget",
                  "MinHeight" : 0,
                  "MinWidth" : 0,
                  "ResponsiveLayout" : true,
                  "Rows" : 0,
                  "ShowDataLoading" : true,
                  "Style" : "DefaultMashupStyle",
                  "StyleProperties" : {
                    "data" : { },
                    "meta" : {
                      "type" : "WidgetStyler",
                      "version" : "1.0"
                    }
                  },
                  "StyleTheme" : "PTC Convergence Theme",
                  "Title" : "",
                  "TitleBar" : false,
                  "TitleBarStyle" : "DefaultTitleBarStyle",
                  "TitleBarText" : "Gadget Title Here",
                  "Top" : 0,
                  "Type" : "mashup",
                  "UseMasterTheme" : false,
                  "UseTheme" : false,
                  "UseThemeForHybrids" : false,
                  "Visible" : true,
                  "Width" : 1024,
                  "Z-index" : 10,
                  "__TypeDisplayName" : "Mashup",
                  "_currentParameterDefs" : [ {
                    "Aspects" : {
                      "bindingDirection" : "BOTH",
                      "isMandatory" : false
                    },
                    "BaseType" : "NUMBER",
                    "Description" : "",
                    "ParameterName" : "standbyDuration"
                  }, {
                    "Aspects" : {
                      "bindingDirection" : "BOTH",
                      "isMandatory" : false
                    },
                    "BaseType" : "STRING",
                    "Description" : "",
                    "ParameterName" : "buttonClickedLabel"
                  } ],
                  "id_index" : 19,
                  "supportsAutoResize" : true
                },
                "Widgets" : [ {
                  "Properties" : {
                    "Area" : "UI",
                    "Columns" : 0,
                    "DisplayName" : "Mashup-Layout",
                    "Footer" : true,
                    "FooterHeight" : 50,
                    "Header" : false,
                    "HeaderHeight" : 0,
                    "Id" : "layout-2",
                    "IncludeSpacingInFixedAreas" : false,
                    "IsPrintLayout" : false,
                    "LastContainer" : false,
                    "Left" : 135,
                    "LeftSidebar" : false,
                    "LeftSidebarWidth" : 0,
                    "Orientation" : "vertical",
                    "PctColumn1" : 50,
                    "PctColumn2" : 50,
                    "PctColumn3" : 1,
                    "PctColumn4" : 1,
                    "PctColumn5" : 1,
                    "PctColumn6" : 1,
                    "PctColumn7" : 1,
                    "PctColumn8" : 1,
                    "PctRow1" : 100,
                    "PctRow2" : 0,
                    "PctRow3" : 0,
                    "PctRow4" : 0,
                    "PctRow5" : 0,
                    "PctRow6" : 0,
                    "PctRow7" : 0,
                    "PctRow8" : 0,
                    "PrintMarginLeftRight" : 0.5,
                    "PrintMarginTopBottom" : 0.5,
                    "PrintWidth" : 650,
                    "ResponsiveLayout" : true,
                    "RightSidebar" : false,
                    "RightSidebarWidth" : 0,
                    "Rows" : 1,
                    "ShowDataLoading" : true,
                    "Spacing" : 0,
                    "Top" : 105,
                    "Type" : "layout",
                    "Visible" : true,
                    "Z-index" : 10,
                    "__TypeDisplayName" : "Layout"
                  },
                  "Widgets" : [ {
                    "Properties" : {
                      "AnimateExpandCollapse" : true,
                      "Area" : "UI",
                      "BGImageRepeat" : "no-repeat",
                      "BGImageSize" : "auto",
                      "DisplayName" : "Row",
                      "ExpandCollapseTabLocation" : "outside",
                      "Expanded" : true,
                      "Id" : "container-3",
                      "LastContainer" : false,
                      "MinHeight" : 0,
                      "MinWidth" : 0,
                      "Overlay" : false,
                      "OverlayIsTransparent" : false,
                      "ResponsiveLayout" : true,
                      "ShowDataLoading" : true,
                      "ShowExpandCollapseTab" : false,
                      "Style" : "DefaultContainerStyle",
                      "TabCollapseStyle" : "DefaultTabCollapseStyle",
                      "TabExpandStyle" : "DefaultTabExpandStyle",
                      "TabHeight" : 36,
                      "TabLocation" : "center",
                      "TabOffset" : 0,
                      "TabWidth" : 36,
                      "Type" : "container",
                      "Visible" : true,
                      "Z-index" : 10,
                      "__TypeDisplayName" : "Container",
                      "userCannotRemove" : true
                    },
                    "Widgets" : [ {
                      "Properties" : {
                        "Area" : "UI",
                        "ContainerClass" : "",
                        "DisplayName" : "Panel",
                        "Height" : 200,
                        "HideScrollbars" : false,
                        "HorizontalAnchor" : "left",
                        "Id" : "panel-8",
                        "LastContainer" : false,
                        "Left" : 240,
                        "ResponsiveLayout" : true,
                        "ShowDataLoading" : true,
                        "Style" : "DefaultContainerStyle",
                        "Top" : 80,
                        "Type" : "panel",
                        "VerticalAnchor" : "top",
                        "Visible" : true,
                        "Width" : 300,
                        "Z-index" : 10,
                        "__TypeDisplayName" : "Panel"
                      },
                      "Widgets" : [ {
                        "Properties" : {
                          "Area" : "UI",
                          "ContainerClass" : "",
                          "Description" : "Panel-Floating",
                          "DisplayName" : "Panel-Floating",
                          "Height" : 200,
                          "HideScrollbars" : true,
                          "HorizontalAnchor" : "center",
                          "Id" : "panel-9",
                          "LastContainer" : false,
                          "Left" : 0,
                          "ResponsiveLayout" : false,
                          "ShowDataLoading" : true,
                          "Style" : "DefaultContainerStyle",
                          "Top" : 0,
                          "Type" : "panel",
                          "VerticalAnchor" : "middle",
                          "Visible" : true,
                          "Width" : 335,
                          "Z-index" : 10,
                          "__TypeDisplayName" : "Panel"
                        },
                        "Widgets" : [ {
                          "Properties" : {
                            "Alignment" : "left",
                            "Area" : "UI",
                            "AutoSelectFirstRow" : false,
                            "ClearSelectedItemsLabel" : "[[clearSelectedItems]]",
                            "ClearSelectionItem" : false,
                            "ClearSelectionLabel" : "(None)",
                            "Disabled" : false,
                            "DisplayField" : "DisplayTime",
                            "DisplayFieldBaseType" : "STRING",
                            "DisplayName" : "standbyList",
                            "FilterHintText" : "Filter",
                            "Height" : 170,
                            "Id" : "ptcslist-19",
                            "ItemMeta" : {
                              "type" : "text"
                            },
                            "Label" : "Standby duration selection",
                            "LabelAlignment" : "left",
                            "LastContainer" : false,
                            "Left" : 0,
                            "MultiSelect" : false,
                            "ResponsiveLayout" : false,
                            "RowHeight" : 34,
                            "SelectAllLabel" : "[[selectAll]]",
                            "ShowDataLoading" : true,
                            "ShowListFilter" : false,
                            "TabSequence" : -1,
                            "Top" : 0,
                            "Type" : "ptcslist",
                            "UseTheme" : true,
                            "Visible" : true,
                            "Width" : 273,
                            "Z-index" : 10,
                            "__TypeDisplayName" : "List"
                          },
                          "Widgets" : [ ]
                        } ]
                      } ]
                    } ]
                  }, {
                    "Properties" : {
                      "AnimateExpandCollapse" : true,
                      "Area" : "UI",
                      "BGImageRepeat" : "no-repeat",
                      "BGImageSize" : "auto",
                      "DisplayName" : "Footer",
                      "ExpandCollapseTabLocation" : "outside",
                      "Expanded" : true,
                      "Id" : "container-4",
                      "LastContainer" : false,
                      "MinHeight" : 0,
                      "MinWidth" : 0,
                      "Overlay" : false,
                      "OverlayIsTransparent" : false,
                      "ResponsiveLayout" : true,
                      "ShowDataLoading" : true,
                      "ShowExpandCollapseTab" : false,
                      "Style" : "DefaultContainerStyle",
                      "TabCollapseStyle" : "DefaultTabCollapseStyle",
                      "TabExpandStyle" : "DefaultTabExpandStyle",
                      "TabHeight" : 36,
                      "TabLocation" : "center",
                      "TabOffset" : 0,
                      "TabWidth" : 36,
                      "Type" : "container",
                      "Visible" : true,
                      "Z-index" : 10,
                      "__TypeDisplayName" : "Container",
                      "userCannotRemove" : true
                    },
                    "Widgets" : [ {
                      "Properties" : {
                        "Area" : "UI",
                        "Columns" : 1,
                        "Description" : "Footer-Layout",
                        "DisplayName" : "Footer-Layout",
                        "Footer" : false,
                        "FooterHeight" : 0,
                        "Header" : false,
                        "HeaderHeight" : 0,
                        "Id" : "layout-11",
                        "IncludeSpacingInFixedAreas" : false,
                        "IsPrintLayout" : false,
                        "LastContainer" : false,
                        "Left" : 170,
                        "LeftSidebar" : false,
                        "LeftSidebarWidth" : 0,
                        "Orientation" : "horizontal",
                        "PctColumn1" : 100,
                        "PctColumn2" : 0,
                        "PctColumn3" : 1,
                        "PctColumn4" : 1,
                        "PctColumn5" : 1,
                        "PctColumn6" : 1,
                        "PctColumn7" : 1,
                        "PctColumn8" : 1,
                        "PctRow1" : 50,
                        "PctRow2" : 50,
                        "PctRow3" : 0,
                        "PctRow4" : 0,
                        "PctRow5" : 0,
                        "PctRow6" : 0,
                        "PctRow7" : 0,
                        "PctRow8" : 0,
                        "PrintMarginLeftRight" : 0.5,
                        "PrintMarginTopBottom" : 0.5,
                        "PrintWidth" : 650,
                        "ResponsiveLayout" : true,
                        "RightSidebar" : true,
                        "RightSidebarWidth" : 250,
                        "Rows" : 0,
                        "ShowDataLoading" : true,
                        "Spacing" : 2,
                        "Top" : 30,
                        "Type" : "layout",
                        "Visible" : true,
                        "Z-index" : 10,
                        "__TypeDisplayName" : "Layout"
                      },
                      "Widgets" : [ {
                        "Properties" : {
                          "AnimateExpandCollapse" : true,
                          "Area" : "UI",
                          "BGImageRepeat" : "no-repeat",
                          "BGImageSize" : "auto",
                          "DisplayName" : "Column",
                          "ExpandCollapseTabLocation" : "outside",
                          "Expanded" : true,
                          "Id" : "container-12",
                          "LastContainer" : false,
                          "MinHeight" : 0,
                          "MinWidth" : 0,
                          "Overlay" : false,
                          "OverlayIsTransparent" : false,
                          "ResponsiveLayout" : true,
                          "ShowDataLoading" : true,
                          "ShowExpandCollapseTab" : false,
                          "Style" : "DefaultContainerStyle",
                          "TabCollapseStyle" : "DefaultTabCollapseStyle",
                          "TabExpandStyle" : "DefaultTabExpandStyle",
                          "TabHeight" : 36,
                          "TabLocation" : "center",
                          "TabOffset" : 0,
                          "TabWidth" : 36,
                          "Type" : "container",
                          "Visible" : true,
                          "Z-index" : 10,
                          "__TypeDisplayName" : "Container",
                          "userCannotRemove" : true
                        },
                        "Widgets" : [ ]
                      }, {
                        "Properties" : {
                          "AnimateExpandCollapse" : true,
                          "Area" : "UI",
                          "BGImageRepeat" : "no-repeat",
                          "BGImageSize" : "auto",
                          "DisplayName" : "Right Sidebar",
                          "ExpandCollapseTabLocation" : "outside",
                          "Expanded" : true,
                          "Id" : "container-13",
                          "LastContainer" : false,
                          "MinHeight" : 0,
                          "MinWidth" : 0,
                          "Overlay" : false,
                          "OverlayIsTransparent" : false,
                          "ResponsiveLayout" : true,
                          "ShowDataLoading" : true,
                          "ShowExpandCollapseTab" : false,
                          "Style" : "DefaultContainerStyle",
                          "TabCollapseStyle" : "DefaultTabCollapseStyle",
                          "TabExpandStyle" : "DefaultTabExpandStyle",
                          "TabHeight" : 36,
                          "TabLocation" : "center",
                          "TabOffset" : 0,
                          "TabWidth" : 36,
                          "Type" : "container",
                          "Visible" : true,
                          "Z-index" : 10,
                          "__TypeDisplayName" : "Container",
                          "userCannotRemove" : true
                        },
                        "Widgets" : [ {
                          "Properties" : {
                            "Area" : "UI",
                            "ContainerClass" : "",
                            "Description" : "Panel-Buttons",
                            "DisplayName" : "Panel-Buttons",
                            "Height" : 200,
                            "HideScrollbars" : false,
                            "HorizontalAnchor" : "left",
                            "Id" : "panel-5",
                            "LastContainer" : false,
                            "Left" : 80,
                            "ResponsiveLayout" : true,
                            "ShowDataLoading" : true,
                            "Style" : "DefaultContainerStyle",
                            "Top" : 55,
                            "Type" : "panel",
                            "VerticalAnchor" : "top",
                            "Visible" : true,
                            "Width" : 300,
                            "Z-index" : 10,
                            "__TypeDisplayName" : "Panel"
                          },
                          "Widgets" : [ {
                            "Properties" : {
                              "Area" : "UI",
                              "ButtonType" : "primary",
                              "ContextID" : "",
                              "Disabled" : false,
                              "DisplayName" : "btn-CANCEL",
                              "Id" : "ptcsbutton-6",
                              "Label" : "[[Bayer.CANCEL]]",
                              "LabelAlignment" : "center",
                              "LastContainer" : false,
                              "Left" : 25,
                              "ResponsiveLayout" : false,
                              "ShowDataLoading" : true,
                              "TabSequence" : 0,
                              "ToolTipField" : "",
                              "ToolTipStyle" : "DefaultTooltipStyle",
                              "Top" : 5,
                              "Type" : "ptcsbutton",
                              "UseTheme" : true,
                              "Visible" : true,
                              "Z-index" : 10,
                              "__TypeDisplayName" : "Button",
                              "__supportsTooltip" : true
                            },
                            "Widgets" : [ ]
                          }, {
                            "Properties" : {
                              "Area" : "UI",
                              "ButtonType" : "primary",
                              "ContextID" : "",
                              "Disabled" : false,
                              "DisplayName" : "btn-OK",
                              "Id" : "ptcsbutton-7",
                              "Label" : "OK",
                              "LabelAlignment" : "center",
                              "LastContainer" : false,
                              "Left" : 149,
                              "ResponsiveLayout" : false,
                              "ShowDataLoading" : true,
                              "TabSequence" : 0,
                              "ToolTipField" : "",
                              "ToolTipStyle" : "DefaultTooltipStyle",
                              "Top" : 5,
                              "Type" : "ptcsbutton",
                              "UseTheme" : true,
                              "Visible" : true,
                              "Z-index" : 10,
                              "__TypeDisplayName" : "Button",
                              "__supportsTooltip" : true
                            },
                            "Widgets" : [ ]
                          } ]
                        } ]
                      } ]
                    } ]
                  } ]
                }, {
                  "Properties" : {
                    "Area" : "UI",
                    "AutoEvaluate" : true,
                    "DataChangeType" : "ALWAYS",
                    "DisplayName" : "clickedOK",
                    "Expression" : "durationValue;",
                    "FireOnFirstValue" : false,
                    "Height" : 28,
                    "Id" : "expression-16",
                    "LastContainer" : false,
                    "Left" : 0,
                    "OutputBaseType" : "NUMBER",
                    "ShowDataLoading" : true,
                    "Top" : 0,
                    "Type" : "expression",
                    "Visible" : true,
                    "Width" : 200,
                    "Z-index" : 10,
                    "__TypeDisplayName" : "Expression",
                    "_currentParameterDefs" : [ {
                      "BaseType" : "NUMBER",
                      "Description" : "",
                      "ParameterName" : "durationValue",
                      "bindingDirection" : "Target",
                      "bindingStatus" : false,
                      "bindingType" : "Property",
                      "isBindingSource" : false,
                      "isBindingTarget" : true,
                      "name" : "durationValue"
                    } ]
                  },
                  "Widgets" : [ ]
                }, {
                  "Properties" : {
                    "Area" : "UI",
                    "AutoEvaluate" : true,
                    "DataChangeType" : "ALWAYS",
                    "DisplayName" : "okDisabled",
                    "Expression" : "(!duration);",
                    "FireOnFirstValue" : false,
                    "Height" : 28,
                    "Id" : "expression-18",
                    "LastContainer" : false,
                    "Left" : 0,
                    "OutputBaseType" : "BOOLEAN",
                    "ShowDataLoading" : true,
                    "Top" : 0,
                    "Type" : "expression",
                    "Visible" : true,
                    "Width" : 200,
                    "Z-index" : 10,
                    "__TypeDisplayName" : "Expression",
                    "_currentParameterDefs" : [ {
                      "BaseType" : "STRING",
                      "Description" : "",
                      "ParameterName" : "duration",
                      "bindingDirection" : "Target",
                      "bindingStatus" : false,
                      "bindingType" : "Property",
                      "isBindingSource" : false,
                      "isBindingTarget" : true,
                      "name" : "duration"
                    } ]
                  },
                  "Widgets" : [ ]
                } ]
              },
              "mashupType" : "mashup"
            }
            ]]>
            </mashupContent>
            <preview></preview>
        </Mashup>
    </Mashups>
</Entities>
