<?xml version="1.0" encoding="UTF-8" standalone="no"?>
<Entities build="b222" majorVersion="8" minorVersion="5" modelPersistenceProviderPackage="PostgresPersistenceProviderPackage" revision="4" schemaVersion="1053" universal="">
    <Things>
        <Thing description="used for checking delays changeovers in BayerDelaysManagament" documentationContent="" effectiveThingPackage="TimerThing" enabled="true" homeMashup="" identifier="" lastModifiedDate="2019-10-23T12:05:18.443Z" name="BayerDelayManagamentTimer" projectName="BayerIoT" published="false" tags="Applications:Bayer" thingTemplate="Timer" valueStream="">
            <avatar/>
            <DesignTimePermissions>
                <Create/>
                <Read/>
                <Update/>
                <Delete/>
                <Metadata/>
            </DesignTimePermissions>
            <RunTimePermissions/>
            <VisibilityPermissions>
                <Visibility/>
            </VisibilityPermissions>
            <ConfigurationTableDefinitions/>
            <ConfigurationTables>
                <ConfigurationTable description="General Settings" isMultiRow="false" name="Settings" ordinal="0">
                    <DataShape>
                        <FieldDefinitions>
                            <FieldDefinition aspect.defaultValue="true" baseType="BOOLEAN" description="Automatically enable timer on startup" name="enabled" ordinal="0"/>
                            <FieldDefinition baseType="USERNAME" description="User context in which to run event handlers" name="runAsUser" ordinal="0"/>
                            <FieldDefinition aspect.defaultValue="60000.0" baseType="NUMBER" description="Update rate" name="updateRate" ordinal="0"/>
                        </FieldDefinitions>
                    </DataShape>
                    <Rows>
                        <Row>
                            <enabled>true</enabled>
                            <runAsUser>
                            <![CDATA[
                            BayerDelaysSystemUser
                            ]]>
                            </runAsUser>
                            <updateRate>30000.0</updateRate>
                        </Row>
                    </Rows>
                </ConfigurationTable>
            </ConfigurationTables>
            <ThingShape>
                <PropertyDefinitions/>
                <ServiceDefinitions/>
                <EventDefinitions/>
                <ServiceMappings/>
                <ServiceImplementations/>
                <Subscriptions/>
            </ThingShape>
            <PropertyBindings/>
            <RemotePropertyBindings/>
            <RemoteServiceBindings/>
            <RemoteEventBindings/>
            <AlertConfigurations/>
            <ImplementedShapes/>
            <ThingProperties/>
        </Thing>
    </Things>
</Entities>
