<?xml version="1.0" encoding="UTF-8" standalone="no"?>
<Entities build="b222" majorVersion="8" minorVersion="5" modelPersistenceProviderPackage="PostgresPersistenceProviderPackage" revision="4" schemaVersion="1053" universal="">
    <Things>
        <Thing description="" documentationContent="" effectiveThingPackage="ConfiguredThing" enabled="true" homeMashup="" identifier="" lastModifiedDate="2020-11-10T06:53:47.732Z" name="BayerProductionPlanPage" projectName="BayerIoT" published="false" tags="Applications:Bayer" thingTemplate="GenericThing" valueStream="">
            <avatar/>
            <DesignTimePermissions>
                <Create/>
                <Read/>
                <Update/>
                <Delete/>
                <Metadata/>
            </DesignTimePermissions>
            <RunTimePermissions>
                <Permissions resourceName="FilterProductionPlan">
                    <PropertyRead/>
                    <PropertyWrite/>
                    <ServiceInvoke>
                        <Principal isPermitted="true" name="Role.BayerOffice" type="Group"/>
                        <Principal isPermitted="true" name="Role.BayerProductionLine.Any" type="Group"/>
                    </ServiceInvoke>
                    <EventInvoke/>
                    <EventSubscribe/>
                </Permissions>
                <Permissions resourceName="GetAvailableStandbyList">
                    <PropertyRead/>
                    <PropertyWrite/>
                    <ServiceInvoke>
                        <Principal isPermitted="true" name="Role.BayerProductionLine.Any" type="Group"/>
                    </ServiceInvoke>
                    <EventInvoke/>
                    <EventSubscribe/>
                </Permissions>
                <Permissions resourceName="GetProductionPlanStatusFormatted">
                    <PropertyRead/>
                    <PropertyWrite/>
                    <ServiceInvoke>
                        <Principal isPermitted="true" name="Role.BayerOffice" type="Group"/>
                        <Principal isPermitted="true" name="Role.BayerProductionLine.Any" type="Group"/>
                    </ServiceInvoke>
                    <EventInvoke/>
                    <EventSubscribe/>
                </Permissions>
            </RunTimePermissions>
            <VisibilityPermissions>
                <Visibility>
                    <Principal isPermitted="true" name="Bayer:PerformanceDashboard" type="OrganizationalUnit"/>
                </Visibility>
            </VisibilityPermissions>
            <ConfigurationTableDefinitions/>
            <ConfigurationTables/>
            <ThingShape>
                <PropertyDefinitions/>
                <ServiceDefinitions>
                    <ServiceDefinition aspect.isAsync="false" category="" description="" isAllowOverride="false" isLocalOnly="false" isOpen="false" isPrivate="false" name="FilterProductionPlan">
                        <ResultType aspect.dataShape="BayerProductionPlanStatusFormattedDataShape" baseType="INFOTABLE" description="" name="result" ordinal="0"/>
                        <ParameterDefinitions>
                            <FieldDefinition aspect.defaultValue="false" baseType="BOOLEAN" description="" name="filterOnlyCompleted" ordinal="2"/>
                            <FieldDefinition aspect.dataShape="BayerProductionPlanStatusFormattedDataShape" baseType="INFOTABLE" description="" name="productionPlan" ordinal="2"/>
                        </ParameterDefinitions>
                    </ServiceDefinition>
                    <ServiceDefinition aspect.isAsync="false" category="" description="" isAllowOverride="false" isLocalOnly="false" isOpen="false" isPrivate="false" name="GetAvailableStandbyList">
                        <ResultType aspect.dataShape="BayerStandbySelectionDataShape" baseType="INFOTABLE" description="" name="result" ordinal="0"/>
                        <ParameterDefinitions/>
                    </ServiceDefinition>
                    <ServiceDefinition aspect.isAsync="false" category="" description="" isAllowOverride="false" isLocalOnly="false" isOpen="false" isPrivate="false" name="GetProductionPlanStatusFormatted">
                        <ResultType aspect.dataShape="BayerProductionPlanStatusFormattedDataShape" baseType="INFOTABLE" description="" name="result" ordinal="0"/>
                        <ParameterDefinitions>
                            <FieldDefinition aspect.defaultValue="false" baseType="BOOLEAN" description="" name="filterOnlyCompleted" ordinal="2"/>
                            <FieldDefinition aspect.thingTemplate="BayerProductionLine" baseType="THINGNAME" description="" name="productionLine" ordinal="1"/>
                        </ParameterDefinitions>
                    </ServiceDefinition>
                </ServiceDefinitions>
                <EventDefinitions/>
                <ServiceMappings/>
                <ServiceImplementations>
                    <ServiceImplementation description="" handlerName="Script" name="FilterProductionPlan">
                        <ConfigurationTables>
                            <ConfigurationTable description="" isMultiRow="false" name="Script" ordinal="0">
                                <DataShape>
                                    <FieldDefinitions>
                                        <FieldDefinition baseType="STRING" description="code" name="code" ordinal="0"/>
                                    </FieldDefinitions>
                                </DataShape>
                                <Rows>
                                    <Row>
                                        <code>
                                        <![CDATA[
                                        var result = Resources["InfoTableFunctions"].Query({
                                            t: productionPlan,                                 
                                            query: {                                            
                                                "filters": {                                    
                                                    "fieldName": "status",                   
                                                    "type": (!filterOnlyCompleted ? "NE" : "EQ"),                               
                                                    "value": "COMPLETED"                               
                                                }                                               
                                            }                                                   
                                        });
                                        ]]>
                                        </code>
                                    </Row>
                                </Rows>
                            </ConfigurationTable>
                        </ConfigurationTables>
                    </ServiceImplementation>
                    <ServiceImplementation description="" handlerName="Script" name="GetAvailableStandbyList">
                        <ConfigurationTables>
                            <ConfigurationTable description="" isMultiRow="false" name="Script" ordinal="0">
                                <DataShape>
                                    <FieldDefinitions>
                                        <FieldDefinition baseType="STRING" description="code" name="code" ordinal="0"/>
                                    </FieldDefinitions>
                                </DataShape>
                                <Rows>
                                    <Row>
                                        <code>
                                        <![CDATA[
                                        var numOfListItems = 18;
                                        
                                        var params = {
                                            infoTableName : "InfoTable",
                                            dataShapeName : "BayerStandbySelectionDataShape"
                                        };
                                        
                                        // CreateInfoTableFromDataShape(infoTableName:STRING("InfoTable"), dataShapeName:STRING):INFOTABLE(BayerStandbySelectionDataShape)
                                        var tableOfStandbies = Resources["InfoTableFunctions"].CreateInfoTableFromDataShape(params);
                                        
                                        // BayerStandbySelectionDataShape entry object
                                        var newEntry = new Object();
                                        newEntry.DisplayTime = undefined; // STRING [Primary Key]
                                        newEntry.NumberOfHours = undefined; // NUMBER [Primary Key]
                                        var duration = 0.0;
                                        for (let i = 0; i < numOfListItems; i++) {
                                        
                                        	if (i >=0 && i < 4 ){
                                            	duration +=  0.25;  
                                            }
                                            if (i >=4 && i < 6 ){
                                            	duration +=  0.5;  
                                            }
                                            if (i >=6 && i < 8 ){
                                            	duration +=  1.0;  
                                            }    
                                        	if (i >=8 && i < 10 ){
                                            	duration +=  2.0;  
                                            }
                                        	if (i >=10 && i < 12 ){
                                            	duration +=  8.0;  
                                            }    
                                        	if (i >=12 && i < 18 ){
                                            	duration +=  24.0;  
                                            }
                                            let durationToMinutes = "00";
                                            let durationToHours = "0";
                                            if (duration < 1) {
                                                durationToMinutes = "" + parseInt(60*duration);
                                            }
                                            if (duration == 1.5 ) {
                                                durationToMinutes = "30";
                                                durationToHours = "1";
                                            }
                                            if (duration >= 1 && duration != 1.5) {
                                                durationToHours = "" + parseInt(duration);
                                            }
                                            newEntry.DisplayTime = "" + durationToHours + " : " + durationToMinutes + " h";
                                            newEntry.NumberOfHours = duration;
                                            tableOfStandbies.AddRow(newEntry);
                                        }
                                         var result = tableOfStandbies;
                                        ]]>
                                        </code>
                                    </Row>
                                </Rows>
                            </ConfigurationTable>
                        </ConfigurationTables>
                    </ServiceImplementation>
                    <ServiceImplementation description="" handlerName="Script" name="GetProductionPlanStatusFormatted">
                        <ConfigurationTables>
                            <ConfigurationTable description="" isMultiRow="false" name="Script" ordinal="0">
                                <DataShape>
                                    <FieldDefinitions>
                                        <FieldDefinition baseType="STRING" description="code" name="code" ordinal="0"/>
                                    </FieldDefinitions>
                                </DataShape>
                                <Rows>
                                    <Row>
                                        <code>
                                        <![CDATA[
                                        //
                                        // GetProductionPlanStatusFormatted service
                                        // * productionLine - THINGNAME
                                        // * filterOnlyCompleted - BOOLEAN
                                        
                                        var cambioTransl = Resources["RuntimeLocalizationFunctions"].GetEffectiveToken({ token: "Bayer.Cambio" });
                                        
                                        var result = Things["BayerDBDataProvider"].GetProductionPlanForLine({
                                            line: productionLine
                                        });
                                        
                                        var stringFields = values(result.dataShape.fields).filter(item => item.baseType == 'STRING').map(item => item.name);
                                        var numFields = stringFields.length;
                                        
                                        for (var idx = 0; idx < result.rows.length; idx++) {
                                            var row = result.rows[idx];
                                            for (var _f = 0; _f < numFields; _f++) {
                                                var fieldName = stringFields[_f];
                                                if (row[fieldName] == undefined)
                                                    row[fieldName] = '';
                                            } //# for each field
                                        } //# for each result row
                                        
                                        function values(object) {
                                            let _values = [];
                                            for (let key in object)
                                                _values.push(object[key]);
                                            return _values;
                                        }
                                        
                                        var params = {
                                            types: "STRING,STRING,STRING,STRING,STRING" /* STRING */,
                                            t: result /* INFOTABLE */,
                                            columns: "statusFormatted,statusState,productDescriptionTranslated,productIdTranslated,statusForColoring" /* STRING */,
                                            expressions:
                                                "status === 'COMPLETED' ? 'Completed' :" +
                                                "status === 'INPROGRESS' ? 'Running' : " +
                                                "status === 'PENDING' ? 'Scheduled' : ''," + // statusFormatted
                                        
                                                "productId === 'Cambio' ? 'Cambio' : status === 'COMPLETED' ? 'Completed' :" +
                                                "status === 'INPROGRESS' ? 'Running' : " +
                                                "status === 'PENDING' ? 'Scheduled' : ''," + // statusState
                                        
                                                "productId === 'Cambio' ? '" + cambioTransl + "' : productDescription," + // productDescriptionTranslated
                                                "productId === 'Cambio' ? '' : productId," + // productIdTranslated
                                        
                                                "status === 'COMPLETED' && productId === 'Cambio' ? 'CompletedChangeover' :" +
                                                "status === 'PENDING' && productId === 'Cambio' ? 'ScheduledChangeover' :" +
                                                "status === 'PENDING' ? 'Scheduled' :" +
                                                "status === 'INPROGRESS' ? 'Running' : 'Completed'" // statusForColoring
                                        };
                                        
                                        result = Resources["InfoTableFunctions"].DeriveFields(params);
                                        
                                        /*result = Resources["InfoTableFunctions"].Query({
                                            t: result,
                                            query: {
                                                "filters": {
                                                    "fieldName": "status",
                                                    "type": (!filterOnlyCompleted ? "NE" : "EQ"),
                                                    "value": "COMPLETED"
                                                }
                                            }
                                        });*/
                                        
                                        //var params = {
                                        //	types: "STRING,STRING,STRING,STRING" /* STRING */,
                                        //	t: result /* INFOTABLE */,
                                        //	columns: "statusFormatted,statusState,productDescriptionTranslated,productIdTranslated",
                                        //	expressions:
                                        //    "status === 'COMPLETED' ? 'Completed' :" +
                                        //    	"status === 'INPROGRESS' ? 'Running' : " +
                                        //    	"status === 'PENDING' ? 'Scheduled' : ''," + /* 2nd column */
                                        //    "productId === 'Cambio' ? 'Cambio' : status === 'COMPLETED' ? 'Completed' :" +
                                        //    	"status === 'INPROGRESS' ? 'Running' : " +
                                        //    	"status === 'PENDING' ? 'Scheduled' : ''," + /* 3rd column */
                                        //    "productId === 'Cambio' ? '" + cambioTransl + "' : productDescription," +
                                        //    "productId === 'Cambio' ? '' : productId"
                                        //};
                                        ]]>
                                        </code>
                                    </Row>
                                </Rows>
                            </ConfigurationTable>
                        </ConfigurationTables>
                    </ServiceImplementation>
                </ServiceImplementations>
                <Subscriptions/>
            </ThingShape>
            <PropertyBindings/>
            <RemotePropertyBindings/>
            <RemoteServiceBindings/>
            <RemoteEventBindings/>
            <AlertConfigurations/>
            <ImplementedShapes/>
            <ThingProperties/>
        </Thing>
    </Things>
</Entities>
