<?xml version="1.0" encoding="UTF-8"?>
<Entities
 build="b222"
 majorVersion="8"
 minorVersion="5"
 modelPersistenceProviderPackage="PostgresPersistenceProviderPackage"
 revision="4"
 schemaVersion="1053"
 universal="">
    <StateDefinitions>
        <StateDefinition
         description=""
         documentationContent=""
         homeMashup=""
         lastModifiedDate="2021-02-23T04:55:01.507Z"
         name="BayerChangeOverTimeStateFormatting"
         projectName="BayerIoT"
         tags="Applications:Bayer">
            <avatar></avatar>
            <DesignTimePermissions>
                <Create></Create>
                <Read></Read>
                <Update></Update>
                <Delete></Delete>
                <Metadata></Metadata>
            </DesignTimePermissions>
            <RunTimePermissions></RunTimePermissions>
            <VisibilityPermissions>
                <Visibility>
                    <Principal
                     isPermitted="true"
                     name="Bayer:PerformanceDashboard"
                     type="OrganizationalUnit"></Principal>
                </Visibility>
            </VisibilityPermissions>
            <ConfigurationTableDefinitions></ConfigurationTableDefinitions>
            <ConfigurationTables></ConfigurationTables>
            <content>
            <![CDATA[
            {
              "stateDefinitions" : [ {
                "comparator" : "<",
                "defaultStyleDefinition" : "Bayer_GaugeProgress",
                "defaultValue" : 110,
                "description" : "",
                "displayString" : "",
                "name" : ""
              }, {
                "defaultStyleDefinition" : "Bayer_GaugeProgressRed",
                "defaultValue" : "",
                "description" : "",
                "displayString" : "",
                "name" : ""
              } ],
              "stateType" : "numeric"
            }
            ]]>
            </content>
        </StateDefinition>
    </StateDefinitions>
</Entities>
