<?xml version="1.0" encoding="UTF-8"?>
<Entities
 build="b222"
 majorVersion="8"
 minorVersion="5"
 modelPersistenceProviderPackage="PostgresPersistenceProviderPackage"
 revision="4"
 schemaVersion="1053"
 universal="">
    <StateDefinitions>
        <StateDefinition
         description=""
         documentationContent=""
         homeMashup=""
         lastModifiedDate="2021-02-23T04:55:01.520Z"
         name="BayerShiftPlanSectionColorStateFormatting"
         projectName="BayerIoT"
         tags="Applications:Bayer">
            <avatar></avatar>
            <DesignTimePermissions>
                <Create></Create>
                <Read></Read>
                <Update></Update>
                <Delete></Delete>
                <Metadata></Metadata>
            </DesignTimePermissions>
            <RunTimePermissions></RunTimePermissions>
            <VisibilityPermissions>
                <Visibility>
                    <Principal
                     isPermitted="true"
                     name="Bayer:PerformanceDashboard"
                     type="OrganizationalUnit"></Principal>
                </Visibility>
            </VisibilityPermissions>
            <ConfigurationTableDefinitions></ConfigurationTableDefinitions>
            <ConfigurationTables></ConfigurationTables>
            <content>
            <![CDATA[
            {
              "stateDefinitions" : [ {
                "defaultStyleDefinition" : "Bayer_Tooltip_Grey",
                "defaultValue" : "Cambio",
                "description" : "",
                "displayString" : "",
                "name" : ""
              }, {
                "defaultStyleDefinition" : "Bayer_Tooltip_Blue",
                "defaultValue" : "XARELTO",
                "description" : "",
                "displayString" : "",
                "name" : ""
              }, {
                "defaultStyleDefinition" : "Bayer_Tooltip_Blue3",
                "defaultValue" : "GLUCOBAY",
                "description" : "",
                "displayString" : "",
                "name" : ""
              }, {
                "defaultStyleDefinition" : "Bayer_Tooltip_Orange",
                "defaultValue" : "NEXAVAR",
                "description" : "",
                "displayString" : "",
                "name" : ""
              }, {
                "defaultStyleDefinition" : "Bayer_Color_Green",
                "defaultValue" : "ASPIRIN",
                "description" : "",
                "displayString" : "",
                "name" : ""
              }, {
                "defaultStyleDefinition" : "Bayer_Color_Purple",
                "defaultValue" : "ADALAT",
                "description" : "",
                "displayString" : "",
                "name" : ""
              }, {
                "defaultStyleDefinition" : "Bayer_Color_Brown",
                "defaultValue" : "NIMOTOP",
                "description" : "",
                "displayString" : "",
                "name" : ""
              }, {
                "defaultStyleDefinition" : "Bayer_Color_Red",
                "defaultValue" : "red",
                "description" : "",
                "displayString" : "",
                "name" : ""
              }, {
                "defaultStyleDefinition" : "Bayer_Color_Pink",
                "defaultValue" : "pink",
                "description" : "",
                "displayString" : "",
                "name" : ""
              }, {
                "defaultStyleDefinition" : "Bayer_Color_DeepPurple",
                "defaultValue" : "deeppurple",
                "description" : "",
                "displayString" : "",
                "name" : ""
              }, {
                "defaultStyleDefinition" : "Bayer_Color_Indigo",
                "defaultValue" : "indigo",
                "description" : "",
                "displayString" : "",
                "name" : ""
              }, {
                "defaultStyleDefinition" : "Bayer_Color_Cyan",
                "defaultValue" : "cyan",
                "description" : "",
                "displayString" : "",
                "name" : ""
              }, {
                "defaultStyleDefinition" : "Bayer_Color_Teal",
                "defaultValue" : "teal",
                "description" : "",
                "displayString" : "",
                "name" : ""
              }, {
                "defaultStyleDefinition" : "Bayer_Color_Lime",
                "defaultValue" : "lime",
                "description" : "",
                "displayString" : "",
                "name" : ""
              }, {
                "defaultStyleDefinition" : "Bayer_Color_BlueGrey",
                "defaultValue" : "bluegrey",
                "description" : "",
                "displayString" : "",
                "name" : ""
              }, {
                "defaultStyleDefinition" : "Bayer_Color_Yellow",
                "defaultValue" : "yellow",
                "description" : "",
                "displayString" : "",
                "name" : ""
              }, {
                "defaultStyleDefinition" : "Bayer_Color_Amber",
                "defaultValue" : "amber",
                "description" : "",
                "displayString" : "",
                "name" : ""
              }, {
                "defaultStyleDefinition" : "Bayer_Color_LightBlue",
                "defaultValue" : "lightblue",
                "description" : "",
                "displayString" : "",
                "name" : ""
              }, {
                "defaultStyleDefinition" : "Bayer_Color_Grey1",
                "defaultValue" : "grey1",
                "description" : "",
                "displayString" : "",
                "name" : ""
              }, {
                "defaultStyleDefinition" : "Bayer_Color_Grey2",
                "defaultValue" : "grey2",
                "description" : "",
                "displayString" : "",
                "name" : ""
              }, {
                "defaultStyleDefinition" : "Bayer_Color_Grey3",
                "defaultValue" : "grey3",
                "description" : "",
                "displayString" : "",
                "name" : ""
              }, {
                "defaultStyleDefinition" : "Bayer_Tooltip_Black",
                "description" : "",
                "displayString" : "",
                "name" : ""
              } ],
              "stateType" : "string"
            }
            ]]>
            </content>
        </StateDefinition>
    </StateDefinitions>
</Entities>
