<?xml version="1.0" encoding="UTF-8" standalone="no"?>
<Entities build="b222" majorVersion="8" minorVersion="5" modelPersistenceProviderPackage="PostgresPersistenceProviderPackage" revision="4" schemaVersion="1053" universal="">
    <DataShapes>
        <DataShape baseDataShape="" description="" documentationContent="" homeMashup="" lastModifiedDate="2020-08-05T17:30:21.010Z" name="BayerTrendsSingleDataShape" projectName="BayerIoT" tags="">
            <avatar/>
            <DesignTimePermissions>
                <Create/>
                <Read>
                    <Principal isPermitted="true" name="App.BayerPerformanceDashboard" type="Group"/>
                </Read>
                <Update/>
                <Delete/>
                <Metadata/>
            </DesignTimePermissions>
            <RunTimePermissions/>
            <VisibilityPermissions>
                <Visibility/>
            </VisibilityPermissions>
            <ConfigurationTableDefinitions/>
            <ConfigurationTables/>
            <FieldDefinitions>
                <FieldDefinition aspect.isPrimaryKey="true" baseType="DATETIME" description="" name="timestamp" ordinal="1"/>
                <FieldDefinition aspect.isPrimaryKey="false" baseType="NUMBER" description="" name="totalDurationMins" ordinal="7"/>
                <FieldDefinition aspect.isPrimaryKey="false" baseType="NUMBER" description="" name="totalDurationMs" ordinal="4"/>
            </FieldDefinitions>
        </DataShape>
    </DataShapes>
</Entities>
