<?xml version="1.0" encoding="UTF-8" standalone="no"?>
<Entities build="b222" majorVersion="8" minorVersion="5" modelPersistenceProviderPackage="PostgresPersistenceProviderPackage" revision="4" schemaVersion="1053" universal="">
    <DataShapes>
        <DataShape baseDataShape="" description="" documentationContent="" homeMashup="" lastModifiedDate="2020-08-05T17:30:12.415Z" name="BayerDelayDataShape" projectName="BayerIoT" tags="Applications:Bayer">
            <avatar/>
            <DesignTimePermissions>
                <Create/>
                <Read>
                    <Principal isPermitted="true" name="App.BayerPerformanceDashboard" type="Group"/>
                </Read>
                <Update/>
                <Delete/>
                <Metadata/>
            </DesignTimePermissions>
            <RunTimePermissions/>
            <VisibilityPermissions>
                <Visibility>
                    <Principal isPermitted="true" name="Bayer:PerformanceDashboard" type="OrganizationalUnit"/>
                </Visibility>
            </VisibilityPermissions>
            <ConfigurationTableDefinitions/>
            <ConfigurationTables/>
            <FieldDefinitions>
                <FieldDefinition aspect.isPrimaryKey="false" baseType="STRING" description="" name="category" ordinal="3"/>
                <FieldDefinition aspect.isPrimaryKey="false" baseType="TEXT" description="" name="description" ordinal="8"/>
                <FieldDefinition aspect.isPrimaryKey="false" baseType="DATETIME" description="" name="endTime" ordinal="5"/>
                <FieldDefinition aspect.isPrimaryKey="true" baseType="INTEGER" description="" name="id" ordinal="1"/>
                <FieldDefinition aspect.isPrimaryKey="false" baseType="STRING" description="" name="reasonCode" ordinal="7"/>
                <FieldDefinition aspect.isPrimaryKey="false" baseType="INTEGER" description="fk" name="shiftScheduleId" ordinal="6"/>
                <FieldDefinition aspect.isPrimaryKey="false" baseType="STRING" description="product line" name="source" ordinal="2"/>
                <FieldDefinition aspect.isPrimaryKey="false" baseType="DATETIME" description="" name="startTime" ordinal="4"/>
            </FieldDefinitions>
        </DataShape>
    </DataShapes>
</Entities>
