<?xml version="1.0" encoding="UTF-8" standalone="no"?>
<Entities build="b222" majorVersion="8" minorVersion="5" modelPersistenceProviderPackage="PostgresPersistenceProviderPackage" revision="4" schemaVersion="1053" universal="">
    <DataShapes>
        <DataShape baseDataShape="" description="DT Record: Bayer Product Formats Info (Format &amp; Product Type)" documentationContent="" homeMashup="" lastModifiedDate="2020-08-05T17:30:15.774Z" name="BayerProductFormatsRecordDataShape" projectName="BayerIoT" tags="">
            <avatar/>
            <DesignTimePermissions>
                <Create/>
                <Read>
                    <Principal isPermitted="true" name="App.BayerPerformanceDashboard" type="Group"/>
                </Read>
                <Update/>
                <Delete/>
                <Metadata/>
            </DesignTimePermissions>
            <RunTimePermissions/>
            <VisibilityPermissions>
                <Visibility/>
            </VisibilityPermissions>
            <ConfigurationTableDefinitions/>
            <ConfigurationTables/>
            <FieldDefinitions>
                <FieldDefinition aspect.isPrimaryKey="false" baseType="STRING" description="Blister Size" name="blisterSize" ordinal="6"/>
                <FieldDefinition aspect.isPrimaryKey="false" baseType="INTEGER" description="Blisters Per Folded Box (Blister Amount)" name="blistersPerFoldedBox" ordinal="8"/>
                <FieldDefinition aspect.isPrimaryKey="false" baseType="STRING" description="" name="blisterType" ordinal="4"/>
                <FieldDefinition aspect.isPrimaryKey="false" baseType="STRING" description="Bundle Format" name="bundleFormat" ordinal="9"/>
                <FieldDefinition aspect.isPrimaryKey="false" baseType="STRING" description="Folded Box Format" name="foldedBoxFormat" ordinal="7"/>
                <FieldDefinition aspect.isPrimaryKey="true" baseType="STRING" description="Format Type" name="formatType" ordinal="2"/>
                <FieldDefinition aspect.isPrimaryKey="false" baseType="STRING" description="" name="groundFoil" ordinal="5"/>
                <FieldDefinition aspect.isPrimaryKey="true" aspect.thingTemplate="BayerProductionLine" baseType="THINGNAME" description="Production Line Thing Name" name="productionLine" ordinal="1"/>
                <FieldDefinition aspect.isPrimaryKey="false" baseType="STRING" description="Product Type" name="productType" ordinal="3"/>
            </FieldDefinitions>
        </DataShape>
    </DataShapes>
</Entities>
