<?xml version="1.0" encoding="UTF-8" standalone="no"?>
<Entities build="b222" majorVersion="8" minorVersion="5" modelPersistenceProviderPackage="PostgresPersistenceProviderPackage" revision="4" schemaVersion="1053" universal="">
    <DataShapes>
        <DataShape baseDataShape="" description="" documentationContent="" homeMashup="" lastModifiedDate="2020-08-05T17:30:12.618Z" name="BayerDelayEditPopupDataShape" projectName="BayerIoT" tags="Applications:Bayer">
            <avatar/>
            <DesignTimePermissions>
                <Create/>
                <Read>
                    <Principal isPermitted="true" name="App.BayerPerformanceDashboard" type="Group"/>
                </Read>
                <Update/>
                <Delete/>
                <Metadata/>
            </DesignTimePermissions>
            <RunTimePermissions/>
            <VisibilityPermissions>
                <Visibility/>
            </VisibilityPermissions>
            <ConfigurationTableDefinitions/>
            <ConfigurationTables/>
            <FieldDefinitions>
                <FieldDefinition aspect.isPrimaryKey="false" baseType="STRING" description="" name="name" ordinal="1"/>
                <FieldDefinition aspect.dataShape="BayerDropDownGenericShape" aspect.isPrimaryKey="false" baseType="INFOTABLE" description="" name="reasonCodes" ordinal="3"/>
                <FieldDefinition aspect.isPrimaryKey="false" baseType="STRING" description="" name="value" ordinal="2"/>
            </FieldDefinitions>
        </DataShape>
    </DataShapes>
</Entities>
