<?xml version="1.0" encoding="UTF-8"?>
<Entities
 build="b140"
 majorVersion="8"
 minorVersion="2"
 revision="1"
 schemaVersion="1020"
 universal="">
    <Things>
        <Thing
         description=""
         documentationContent=""
         effectiveThingPackage="ConfiguredThing"
         enabled="true"
         homeMashup=""
         identifier=""
         lastModifiedDate="2018-09-11T10:12:28.979-07:00"
         name="TTPSC.Utilities.UtilityScripts"
         projectName=""
         published="false"
         tags=""
         thingTemplate="GenericThing"
         valueStream="">
            <avatar></avatar>
            <DesignTimePermissions>
                <Create></Create>
                <Read></Read>
                <Update></Update>
                <Delete></Delete>
                <Metadata></Metadata>
            </DesignTimePermissions>
            <RunTimePermissions>
                <Permissions
                 resourceName="GetSafeName">
                    <PropertyRead></PropertyRead>
                    <PropertyWrite></PropertyWrite>
                    <ServiceInvoke>
                        <Principal
                         isPermitted="true"
                         name="System"
                         type="User"></Principal>
                    </ServiceInvoke>
                    <EventInvoke></EventInvoke>
                    <EventSubscribe></EventSubscribe>
                </Permissions>
                <Permissions
                 resourceName="ParseCSV">
                    <PropertyRead></PropertyRead>
                    <PropertyWrite></PropertyWrite>
                    <ServiceInvoke>
                        <Principal
                         isPermitted="true"
                         name="System"
                         type="User"></Principal>
                    </ServiceInvoke>
                    <EventInvoke></EventInvoke>
                    <EventSubscribe></EventSubscribe>
                </Permissions>
            </RunTimePermissions>
            <VisibilityPermissions>
                <Visibility>
                    <Principal
                     isPermitted="true"
                     name="Everyone"
                     type="Organization"></Principal>
                </Visibility>
            </VisibilityPermissions>
            <ConfigurationTables></ConfigurationTables>
            <ThingShape>
                <PropertyDefinitions></PropertyDefinitions>
                <ServiceDefinitions>
                    <ServiceDefinition
                     aspect.isAsync="false"
                     category=""
                     description=""
                     isAllowOverride="false"
                     isLocalOnly="false"
                     isOpen="false"
                     isPrivate="false"
                     name="AddVisibilityToSystemObjects">
                        <ResultType
                         baseType="NOTHING"
                         description=""
                         name="result"
                         ordinal="0"></ResultType>
                        <ParameterDefinitions>
                            <FieldDefinition
                             aspect.dataShape="GenericStringList"
                             aspect.defaultValue="{&quot;rows&quot;:[{&quot;item&quot;:&quot;Thing&quot;},{&quot;item&quot;:&quot;Mashup&quot;},{&quot;item&quot;:&quot;MediaEntity&quot;},{&quot;item&quot;:&quot;StyleDefinition&quot;},{&quot;item&quot;:&quot;DataShape&quot;},{&quot;item&quot;:&quot;Resource&quot;},{&quot;item&quot;:&quot;LocalizationTable&quot;},{&quot;item&quot;:&quot;Subsystem&quot;},{&quot;item&quot;:&quot;StateDefinition&quot;},{&quot;item&quot;:&quot;ThingTemplate&quot;},{&quot;item&quot;:&quot;ThingShape&quot;}],&quot;dataShape&quot;:{&quot;fieldDefinitions&quot;:{&quot;item&quot;:{&quot;name&quot;:&quot;item&quot;,&quot;aspects&quot;:{&quot;isPrimaryKey&quot;:true},&quot;description&quot;:&quot;Item&quot;,&quot;baseType&quot;:&quot;STRING&quot;,&quot;ordinal&quot;:0}}}}"
                             aspect.isRequired="true"
                             baseType="INFOTABLE"
                             description=""
                             name="entityTypes"
                             ordinal="2"></FieldDefinition>
                            <FieldDefinition
                             aspect.isRequired="true"
                             baseType="STRING"
                             description=""
                             name="organizationName"
                             ordinal="1"></FieldDefinition>
                        </ParameterDefinitions>
                    </ServiceDefinition>
                    <ServiceDefinition
                     aspect.isAsync="false"
                     category=""
                     description="Returns safe name for TWX entities (replaces all non latin alphanumeric characters with underscore)"
                     isAllowOverride="false"
                     isLocalOnly="false"
                     isOpen="false"
                     isPrivate="false"
                     name="GetSafeName">
                        <ResultType
                         baseType="STRING"
                         description=""
                         name="result"
                         ordinal="0"></ResultType>
                        <ParameterDefinitions>
                            <FieldDefinition
                             aspect.isRequired="true"
                             baseType="STRING"
                             description=""
                             name="name"
                             ordinal="1"></FieldDefinition>
                        </ParameterDefinitions>
                    </ServiceDefinition>
                    <ServiceDefinition
                     aspect.isAsync="false"
                     category=""
                     description="Parse any CSV file to an infotable"
                     isAllowOverride="false"
                     isLocalOnly="false"
                     isOpen="false"
                     isPrivate="false"
                     name="ParseCSV">
                        <ResultType
                         baseType="INFOTABLE"
                         description=""
                         name="result"
                         ordinal="0"></ResultType>
                        <ParameterDefinitions>
                            <FieldDefinition
                             aspect.defaultValue=";"
                             aspect.isRequired="true"
                             baseType="STRING"
                             description=""
                             name="delimiter"
                             ordinal="3"></FieldDefinition>
                            <FieldDefinition
                             aspect.isRequired="true"
                             baseType="STRING"
                             description=""
                             name="path"
                             ordinal="1"></FieldDefinition>
                            <FieldDefinition
                             aspect.defaultValue="SystemRepository"
                             aspect.isRequired="true"
                             aspect.thingTemplate="FileRepository"
                             baseType="THINGNAME"
                             description=""
                             name="repository"
                             ordinal="2"></FieldDefinition>
                        </ParameterDefinitions>
                    </ServiceDefinition>
                </ServiceDefinitions>
                <EventDefinitions></EventDefinitions>
                <ServiceMappings></ServiceMappings>
                <ServiceImplementations>
                    <ServiceImplementation
                     description=""
                     handlerName="Script"
                     name="AddVisibilityToSystemObjects">
                        <ConfigurationTables>
                            <ConfigurationTable
                             description="Script"
                             isMultiRow="false"
                             name="Script"
                             ordinal="0">
                                <DataShape>
                                    <FieldDefinitions>
                                        <FieldDefinition
                                         baseType="STRING"
                                         description="code"
                                         name="code"
                                         ordinal="0"></FieldDefinition>
                                    </FieldDefinitions>
                                </DataShape>
                                <Rows>
                                    <Row>
                                        <code>
                                        <![CDATA[
                                        // 'Thing', 'Mashup', 'MediaEntity', 'StyleDefinition', 'DataShape', 'Resource', 'LocalizationTable', 'Subsystem', 'StateDefinition', 'ThingTemplate', 'ThingShape'
                                        
                                        for (var x = 0; x < entityTypes.rows.length; x++) {
                                            var type = entityTypes.rows[x].item;
                                            
                                        	var params = {
                                                maxItems: 999999 /* NUMBER */,
                                                nameMask: undefined /* STRING */,
                                                type: type /* STRING */,
                                                tags: undefined /* TAGS */
                                            };
                                        
                                            // result: INFOTABLE dataShape: RootEntityList
                                            var entities = Resources["EntityServices"].GetEntityList(params);
                                        
                                            for (var y = 0; y < entities.rows.length; y++) {
                                                var row = entities.rows[y];
                                                
                                                if (row.isSystemObject || type == 'Subsystem') {
                                                    var entity;
                                                    
                                                    if (type == 'Thing') {
                                                        entity = Things[row.name];
                                                    }
                                                    else if (type == 'Mashup') {
                                                        entity = Mashups[row.name];
                                                    }
                                                    else if (type == 'MediaEntity') {
                                                        entity = MediaEntities[row.name];
                                                    }
                                                    else if (type == 'StyleDefinition') {
                                                        entity = StyleDefinitions[row.name];
                                                    }
                                                    else if (type == 'DataShape') {
                                                        entity = DataShapes[row.name];
                                                    }
                                                    else if (type == 'Resource') {
                                                        entity = Resources[row.name];
                                                        
                                        //                if (runtimePermOnResources) {
                                        //                    
                                        //                    var params = {
                                        //                        principal: userGroup /* STRING */,
                                        //                        allow: true /* BOOLEAN */,
                                        //                        resource: "*" /* STRING */,
                                        //                        type: "ServiceInvoke" /* STRING */,
                                        //                        principalType: "Group" /* STRING */
                                        //                    };
                                        //
                                        //                    // no return
                                        //                    entity.AddRunTimePermission(params);
                                        //                }
                                                    }
                                                    else if (type == 'LocalizationTable') {
                                                        entity = LocalizationTables[row.name];
                                                    }
                                                    else if (type == 'Subsystem') {
                                                        entity = Subsystems[row.name];
                                                    }
                                                    else if (type == 'StateDefinition') {
                                                        entity = StateDefinitions[row.name];
                                                    }
                                                    else if (type == 'ThingTemplate') {
                                                        entity = ThingTemplates[row.name];
                                                    }
                                                    else if (type == 'ThingShape') {
                                                        entity = ThingShapes[row.name];
                                                    }
                                        
                                                    try {
                                                        var params = {
                                                            principal: organizationName /* STRING */,
                                                            principalType: 'Organization' /* STRING */
                                                        };
                                        
                                                        // no return
                                                        entity.AddVisibilityPermission(params);
                                                    }
                                                    catch (ex) {
                                                        logger.error("AddVisibilityToSystemObjects [" + row.name + "] " + ex);
                                                    }
                                                }
                                            }
                                        }
                                        ]]>
                                        </code>
                                    </Row>
                                </Rows>
                            </ConfigurationTable>
                        </ConfigurationTables>
                    </ServiceImplementation>
                    <ServiceImplementation
                     description=""
                     handlerName="Script"
                     name="GetSafeName">
                        <ConfigurationTables>
                            <ConfigurationTable
                             description="Script"
                             isMultiRow="false"
                             name="Script"
                             ordinal="0">
                                <DataShape>
                                    <FieldDefinitions>
                                        <FieldDefinition
                                         baseType="STRING"
                                         description="code"
                                         name="code"
                                         ordinal="0"></FieldDefinition>
                                    </FieldDefinitions>
                                </DataShape>
                                <Rows>
                                    <Row>
                                        <code>
                                        <![CDATA[
                                        var result = name.replace(/[^a-zA-Z0-9 _-]/g, '_').replace(/^[^a-zA-Z]*/g, '');
                                        ]]>
                                        </code>
                                    </Row>
                                </Rows>
                            </ConfigurationTable>
                        </ConfigurationTables>
                    </ServiceImplementation>
                    <ServiceImplementation
                     description=""
                     handlerName="Script"
                     name="ParseCSV">
                        <ConfigurationTables>
                            <ConfigurationTable
                             description="Script"
                             isMultiRow="false"
                             name="Script"
                             ordinal="0">
                                <DataShape>
                                    <FieldDefinitions>
                                        <FieldDefinition
                                         baseType="STRING"
                                         description="code"
                                         name="code"
                                         ordinal="0"></FieldDefinition>
                                    </FieldDefinitions>
                                </DataShape>
                                <Rows>
                                    <Row>
                                        <code>
                                        <![CDATA[
                                        var result = { dataShape: { fieldDefinitions : {} }, rows: [] };
                                        
                                        var params = {
                                        	path: path /* STRING */
                                        };
                                        
                                        // result: STRING
                                        var content = Things[repository].LoadText(params);
                                        
                                        var lines = content.match(/[^\r\n]+/g);
                                        
                                        var fields = lines[0].split(delimiter);
                                        
                                        for (var i = 0; i < fields.length; i++) {
                                            result.dataShape.fieldDefinitions[fields[i]] = { name: fields[i], baseType: 'STRING', ordinal: i+1 };
                                        }
                                        
                                        var params = {
                                        	json: result /* JSON */
                                        };
                                        
                                        // result: INFOTABLE
                                        result = Resources["InfoTableFunctions"].FromJSON(params);
                                        
                                        for (var x = 1; x < lines.length; x++) {
                                            var values = lines[x].split(delimiter);
                                            
                                            var newEntry = new Object();
                                            for (var i = 0; i < fields.length; i++) {
                                                newEntry[fields[i]] = values[i];
                                            }
                                            
                                            result.AddRow(newEntry);
                                        }
                                        ]]>
                                        </code>
                                    </Row>
                                </Rows>
                            </ConfigurationTable>
                        </ConfigurationTables>
                    </ServiceImplementation>
                </ServiceImplementations>
                <Subscriptions></Subscriptions>
            </ThingShape>
            <PropertyBindings></PropertyBindings>
            <RemotePropertyBindings></RemotePropertyBindings>
            <RemoteServiceBindings></RemoteServiceBindings>
            <RemoteEventBindings></RemoteEventBindings>
            <AlertConfigurations></AlertConfigurations>
            <ImplementedShapes></ImplementedShapes>
            <ThingProperties></ThingProperties>
        </Thing>
    </Things>
</Entities>
