<?xml version="1.0" encoding="UTF-8" standalone="no"?>
<Entities build="b222" majorVersion="8" minorVersion="5" modelPersistenceProviderPackage="PostgresPersistenceProviderPackage" revision="4" schemaVersion="1053" universal="">
    <DataShapes>
        <DataShape baseDataShape="" description="" documentationContent="" homeMashup="" lastModifiedDate="2019-09-27T11:07:01.689Z" name="BayerShiftScheduleDataShape" projectName="BayerIoT" tags="Applications:Bayer">
            <avatar/>
            <DesignTimePermissions>
                <Create/>
                <Read/>
                <Update/>
                <Delete/>
                <Metadata/>
            </DesignTimePermissions>
            <RunTimePermissions/>
            <VisibilityPermissions>
                <Visibility>
                    <Principal isPermitted="true" name="Bayer:PerformanceDashboard" type="OrganizationalUnit"/>
                </Visibility>
            </VisibilityPermissions>
            <ConfigurationTableDefinitions/>
            <ConfigurationTables/>
            <FieldDefinitions>
                <FieldDefinition baseType="INTEGER" description="id" name="id" ordinal="0"/>
                <FieldDefinition aspect.thingTemplate="BayerProductionLine" baseType="THINGNAME" description="productionLine" name="productionLine" ordinal="4"/>
                <FieldDefinition baseType="DATETIME" description="timestamp" name="timestamp" ordinal="3"/>
                <FieldDefinition baseType="NUMBER" description="totalQuantityProduced" name="totalQuantityProduced" ordinal="1"/>
                <FieldDefinition baseType="NUMBER" description="totalTargetQuantity" name="totalTargetQuantity" ordinal="2"/>
            </FieldDefinitions>
        </DataShape>
    </DataShapes>
</Entities>
