<?xml version="1.0" encoding="UTF-8" standalone="no"?>
<Entities build="b222" majorVersion="8" minorVersion="5" modelPersistenceProviderPackage="PostgresPersistenceProviderPackage" revision="4" schemaVersion="1053" universal="">
    <Things>
        <Thing description="" documentationContent="" effectiveThingPackage="DataTableThing" enabled="true" homeMashup="DataTableEditor" identifier="" lastModifiedDate="2019-11-27T12:28:15.969Z" name="BayerChangeoverTimeMatrix_BlisterType" projectName="BayerIoT" published="false" tags="Applications:Bayer" thingTemplate="BayerChangeoverTimeMatrixTemplate" valueStream="">
            <avatar/>
            <DesignTimePermissions>
                <Create/>
                <Read/>
                <Update/>
                <Delete/>
                <Metadata/>
            </DesignTimePermissions>
            <RunTimePermissions/>
            <VisibilityPermissions>
                <Visibility/>
            </VisibilityPermissions>
            <ConfigurationTableDefinitions/>
            <ConfigurationTables>
                <ConfigurationTable description="Data Thing Configuration" isMultiRow="false" name="DataThingSettings" ordinal="0">
                    <DataShape>
                        <FieldDefinitions>
                            <FieldDefinition baseType="STRING" description="Persistence Provider Name" name="persistenceProvider" ordinal="0"/>
                        </FieldDefinitions>
                    </DataShape>
                    <Rows>
                        <Row>
                            <persistenceProvider>
                            <![CDATA[
                            ThingworxPersistenceProvider
                            ]]>
                            </persistenceProvider>
                        </Row>
                    </Rows>
                </ConfigurationTable>
                <ConfigurationTable description="Data Shape Configuration" isMultiRow="false" name="Settings" ordinal="0">
                    <DataShape>
                        <FieldDefinitions>
                            <FieldDefinition aspect.friendlyName="Data Shape" baseType="DATASHAPENAME" description="Data shape" name="dataShape" ordinal="0"/>
                        </FieldDefinitions>
                    </DataShape>
                    <Rows>
                        <Row>
                            <accumulatedDataShape>
                                <json>
                                <![CDATA[
                                {"fieldDefinitions":{"sourceCode":{"name":"sourceCode","aspects":{"isPrimaryKey":true},"description":"","baseType":"STRING","ordinal":1},"productionLine":{"name":"productionLine","aspects":{"isPrimaryKey":true,"thingTemplate":"BayerProductionLine"},"description":"","baseType":"THINGNAME","ordinal":0},"targetCode":{"name":"targetCode","aspects":{"isPrimaryKey":true},"description":"","baseType":"STRING","ordinal":2},"time":{"name":"time","aspects":{"units":"minutes"},"description":"","baseType":"INTEGER","ordinal":3}}}
                                ]]>
                                </json>
                            </accumulatedDataShape>
                            <dataShape>
                            <![CDATA[
                            BayerChangeoverTimeMatrixDataShape
                            ]]>
                            </dataShape>
                        </Row>
                    </Rows>
                </ConfigurationTable>
                <ConfigurationTable description="Index Settings" isMultiRow="true" name="Indexes" ordinal="1">
                    <DataShape>
                        <FieldDefinitions>
                            <FieldDefinition aspect.friendlyName="Index Field Names" baseType="STRING" description="Index fields" name="fieldNames" ordinal="1"/>
                            <FieldDefinition aspect.friendlyName="Index Name" baseType="STRING" description="Index name" name="name" ordinal="0"/>
                        </FieldDefinitions>
                    </DataShape>
                    <Rows/>
                </ConfigurationTable>
            </ConfigurationTables>
            <ThingShape>
                <PropertyDefinitions/>
                <ServiceDefinitions/>
                <EventDefinitions/>
                <ServiceMappings/>
                <ServiceImplementations/>
                <Subscriptions/>
            </ThingShape>
            <PropertyBindings/>
            <RemotePropertyBindings/>
            <RemoteServiceBindings/>
            <RemoteEventBindings/>
            <AlertConfigurations/>
            <ImplementedShapes/>
            <ThingProperties/>
        </Thing>
    </Things>
</Entities>
