<?xml version="1.0" encoding="UTF-8" standalone="no"?>
<Entities build="b2319" majorVersion="8" minorVersion="4" modelPersistenceProviderPackage="PostgresPersistenceProviderPackage" revision="4" schemaVersion="1041" universal="">
    <ThingShapes>
        <ThingShape className="" description="" documentationContent="" homeMashup="" lastModifiedDate="2019-09-06T11:18:50.470Z" name="BayerSessionParameters" projectName="BayerIoT" tags="Applications:Bayer">
            <PropertyDefinitions>
                <PropertyDefinition aspect.cacheTime="0.0" aspect.dataChangeType="VALUE" aspect.isLogged="false" aspect.isPersistent="false" aspect.isReadOnly="false" baseType="DATETIME" category="" description="" isLocalOnly="false" name="actionListRefreshTrigger" ordinal="2"/>
                <PropertyDefinition aspect.cacheTime="0.0" aspect.dataChangeType="VALUE" aspect.isLogged="false" aspect.isPersistent="false" aspect.isReadOnly="false" baseType="DATETIME" category="" description="" isLocalOnly="false" name="issuesRefreshTrigger" ordinal="1"/>
            </PropertyDefinitions>
            <ServiceDefinitions/>
            <EventDefinitions/>
            <ServiceMappings/>
            <ServiceImplementations/>
            <Subscriptions/>
            <avatar/>
            <DesignTimePermissions>
                <Create/>
                <Read/>
                <Update/>
                <Delete/>
                <Metadata/>
            </DesignTimePermissions>
            <RunTimePermissions/>
            <VisibilityPermissions>
                <Visibility>
                    <Principal isPermitted="true" name="Bayer:PerformanceDashboard" type="OrganizationalUnit"/>
                </Visibility>
            </VisibilityPermissions>
            <ConfigurationTableDefinitions/>
            <ConfigurationTables/>
            <PropertyBindings/>
            <RemotePropertyBindings/>
            <RemoteServiceBindings/>
            <RemoteEventBindings/>
            <AlertConfigurations>
                <AlertDefinitions name="actionListRefreshTrigger"/>
                <AlertDefinitions name="issuesRefreshTrigger"/>
            </AlertConfigurations>
            <InstanceRunTimePermissions/>
        </ThingShape>
    </ThingShapes>
</Entities>
