<?xml version="1.0" encoding="UTF-8"?>
<Entities
 build="b2319"
 majorVersion="8"
 minorVersion="4"
 modelPersistenceProviderPackage="PostgresPersistenceProviderPackage"
 revision="4"
 schemaVersion="1041"
 universal="">
    <Mashups>
        <Mashup
         aspect.isResponsive="true"
         aspect.mashupType="mashup"
         columns="0.0"
         description=""
         documentationContent=""
         homeMashup=""
         lastModifiedDate="2019-12-02T10:46:48.992Z"
         name="BayerReportsContainedMashup"
         projectName="BayerIoT"
         rows="0.0"
         tags="Applications:Bayer">
            <avatar></avatar>
            <DesignTimePermissions>
                <Create></Create>
                <Read></Read>
                <Update></Update>
                <Delete></Delete>
                <Metadata></Metadata>
            </DesignTimePermissions>
            <RunTimePermissions></RunTimePermissions>
            <VisibilityPermissions>
                <Visibility>
                    <Principal
                     isPermitted="true"
                     name="Bayer:PerformanceDashboard"
                     type="OrganizationalUnit"></Principal>
                </Visibility>
            </VisibilityPermissions>
            <ConfigurationTableDefinitions></ConfigurationTableDefinitions>
            <ConfigurationTables></ConfigurationTables>
            <ParameterDefinitions>
                <FieldDefinition
                 aspect.ordinal="0"
                 baseType="THINGNAME"
                 description=""
                 name="lineName"
                 ordinal="0"></FieldDefinition>
                <FieldDefinition
                 aspect.dataShape="BayerShiftTimeDataShape"
                 aspect.ordinal="1"
                 baseType="INFOTABLE"
                 description=""
                 name="timeframe"
                 ordinal="0"></FieldDefinition>
            </ParameterDefinitions>
            <Things>
                <Thing>BayerReportsPage</Thing>
            </Things>
            <ThingShapes></ThingShapes>
            <ThingTemplates></ThingTemplates>
            <mashupContent>
            <![CDATA[
            {
              "CustomMashupCss" : "",
              "Data" : {
                "Session" : {
                  "DataName" : "Session",
                  "EntityName" : "",
                  "EntityType" : "Session",
                  "Id" : "session",
                  "Services" : [ {
                    "APIMethod" : "post",
                    "Characteristic" : "Services",
                    "Id" : "SessionInterface",
                    "Name" : "GetGlobalSessionValues",
                    "Parameters" : { },
                    "RefreshInterval" : 0,
                    "Target" : "GetGlobalSessionValues"
                  } ]
                },
                "Things_BayerReportsPage" : {
                  "DataName" : "Things_BayerReportsPage",
                  "EntityName" : "BayerReportsPage",
                  "EntityType" : "Things",
                  "Id" : "5abbb3e3-1f42-4932-9e5c-4222d6bd71c5",
                  "Services" : [ {
                    "APIMethod" : "post",
                    "Characteristic" : "Services",
                    "Id" : "13a99b52-d450-44e3-9998-89dec4240f4b",
                    "Name" : "GetProductionPerformance",
                    "Parameters" : { },
                    "RefreshInterval" : 0,
                    "Target" : "GetProductionPerformance"
                  }, {
                    "APIMethod" : "post",
                    "Characteristic" : "Services",
                    "Id" : "d62499e3-2c42-4b01-8932-ebdc994a65fa",
                    "Name" : "GetProblemsAndIssues",
                    "Parameters" : { },
                    "RefreshInterval" : 0,
                    "Target" : "GetProblemsAndIssues"
                  }, {
                    "APIMethod" : "post",
                    "Characteristic" : "Services",
                    "Id" : "9f9bcf5c-b181-4197-ac91-68631ec411ee",
                    "Name" : "GetChangeoverReport",
                    "Parameters" : { },
                    "RefreshInterval" : 0,
                    "Target" : "GetChangeoverReport"
                  } ]
                },
                "UserExtensions" : {
                  "DataName" : "UserExtensions",
                  "EntityName" : "",
                  "EntityType" : "UserExtensions",
                  "Id" : "UserExtensions",
                  "Services" : [ {
                    "APIMethod" : "post",
                    "Characteristic" : "Services",
                    "Id" : "UserExtensionInterface",
                    "Name" : "GetCurrentUserExtensionProperties",
                    "Parameters" : { },
                    "RefreshInterval" : 0,
                    "Target" : "GetCurrentUserExtensionProperties"
                  } ]
                }
              },
              "DataBindings" : [ {
                "Id" : "e02cff3f-99cd-44d9-808f-6f26e0075626",
                "PropertyMaps" : [ {
                  "SourceProperty" : "",
                  "SourcePropertyBaseType" : "INFOTABLE",
                  "SourcePropertyType" : "InfoTable",
                  "TargetProperty" : "Data",
                  "TargetPropertyBaseType" : "INFOTABLE",
                  "TargetPropertyType" : "property"
                } ],
                "SourceArea" : "Data",
                "SourceDetails" : "AllData",
                "SourceId" : "GetProductionPerformance",
                "SourceSection" : "Things_BayerReportsPage",
                "TargetArea" : "UI",
                "TargetId" : "dhxgrid-17",
                "TargetSection" : ""
              }, {
                "Id" : "dab75ddd-493c-4672-865b-2ccf12664e4e",
                "PropertyMaps" : [ {
                  "SourceProperty" : "",
                  "SourcePropertyBaseType" : "INFOTABLE",
                  "SourcePropertyType" : "InfoTable",
                  "TargetProperty" : "Data",
                  "TargetPropertyBaseType" : "INFOTABLE",
                  "TargetPropertyType" : "property"
                } ],
                "SourceArea" : "Data",
                "SourceDetails" : "AllData",
                "SourceId" : "GetProblemsAndIssues",
                "SourceSection" : "Things_BayerReportsPage",
                "TargetArea" : "UI",
                "TargetId" : "dhxgrid-26",
                "TargetSection" : ""
              }, {
                "Id" : "19170958-c8b7-4b7a-8e2b-a2f4dbe41252",
                "PropertyMaps" : [ {
                  "SourceProperty" : "lineName",
                  "SourcePropertyBaseType" : "THINGNAME",
                  "TargetProperty" : "lineName",
                  "TargetPropertyBaseType" : "THINGNAME",
                  "TargetPropertyType" : "Parameter"
                } ],
                "SourceArea" : "Mashup",
                "SourceId" : "mashup-root",
                "SourceSection" : "",
                "TargetArea" : "Data",
                "TargetId" : "GetProblemsAndIssues",
                "TargetSection" : "Things_BayerReportsPage"
              }, {
                "Id" : "1f6b5e9b-24c4-448f-bf0c-2896b99b803d",
                "PropertyMaps" : [ {
                  "SourceProperty" : "lineName",
                  "SourcePropertyBaseType" : "THINGNAME",
                  "TargetProperty" : "lineName",
                  "TargetPropertyBaseType" : "THINGNAME",
                  "TargetPropertyType" : "Parameter"
                } ],
                "SourceArea" : "Mashup",
                "SourceId" : "mashup-root",
                "SourceSection" : "",
                "TargetArea" : "Data",
                "TargetId" : "GetChangeoverReport",
                "TargetSection" : "Things_BayerReportsPage"
              }, {
                "Id" : "313e3af8-435f-4eb7-b328-ef0228cbf3c1",
                "PropertyMaps" : [ {
                  "SourceProperty" : "",
                  "SourcePropertyBaseType" : "INFOTABLE",
                  "SourcePropertyType" : "InfoTable",
                  "TargetProperty" : "Data",
                  "TargetPropertyBaseType" : "INFOTABLE",
                  "TargetPropertyType" : "property"
                } ],
                "SourceArea" : "Data",
                "SourceDetails" : "AllData",
                "SourceId" : "GetChangeoverReport",
                "SourceSection" : "Things_BayerReportsPage",
                "TargetArea" : "UI",
                "TargetId" : "dhxgrid-27",
                "TargetSection" : ""
              }, {
                "Id" : "85437fa3-87e3-4eb4-89be-946d095603d5",
                "PropertyMaps" : [ {
                  "SourceProperty" : "timeframe",
                  "SourcePropertyBaseType" : "DATETIME",
                  "SubProperty" : "startTime",
                  "TargetProperty" : "startTime",
                  "TargetPropertyBaseType" : "DATETIME",
                  "TargetPropertyType" : "Parameter"
                } ],
                "SourceArea" : "Mashup",
                "SourceDetails" : "AllData",
                "SourceId" : "mashup-root",
                "SourceSection" : "",
                "TargetArea" : "Data",
                "TargetId" : "GetChangeoverReport",
                "TargetSection" : "Things_BayerReportsPage"
              }, {
                "Id" : "52b65b3b-e393-4e2f-af32-d7be5f5264cf",
                "PropertyMaps" : [ {
                  "SourceProperty" : "timeframe",
                  "SourcePropertyBaseType" : "DATETIME",
                  "SubProperty" : "endTime",
                  "TargetProperty" : "endTime",
                  "TargetPropertyBaseType" : "DATETIME",
                  "TargetPropertyType" : "Parameter"
                } ],
                "SourceArea" : "Mashup",
                "SourceDetails" : "AllData",
                "SourceId" : "mashup-root",
                "SourceSection" : "",
                "TargetArea" : "Data",
                "TargetId" : "GetChangeoverReport",
                "TargetSection" : "Things_BayerReportsPage"
              }, {
                "Id" : "e1a5dee3-2cb4-4b55-ab00-dfc51fe25250",
                "PropertyMaps" : [ {
                  "SourceProperty" : "lineName",
                  "SourcePropertyBaseType" : "THINGNAME",
                  "TargetProperty" : "lineName",
                  "TargetPropertyBaseType" : "THINGNAME",
                  "TargetPropertyType" : "Parameter"
                } ],
                "SourceArea" : "Mashup",
                "SourceId" : "mashup-root",
                "SourceSection" : "",
                "TargetArea" : "Data",
                "TargetId" : "GetProductionPerformance",
                "TargetSection" : "Things_BayerReportsPage"
              }, {
                "Id" : "41c4fff6-426a-472d-ba4b-2f7e9c608680",
                "PropertyMaps" : [ {
                  "SourceProperty" : "timeframe",
                  "SourcePropertyBaseType" : "DATETIME",
                  "SubProperty" : "startTime",
                  "TargetProperty" : "startTime",
                  "TargetPropertyBaseType" : "DATETIME",
                  "TargetPropertyType" : "Parameter"
                } ],
                "SourceArea" : "Mashup",
                "SourceDetails" : "AllData",
                "SourceId" : "mashup-root",
                "SourceSection" : "",
                "TargetArea" : "Data",
                "TargetId" : "GetProductionPerformance",
                "TargetSection" : "Things_BayerReportsPage"
              }, {
                "Id" : "74c85ba2-5f7c-407b-ab4a-0f5e5a9a979b",
                "PropertyMaps" : [ {
                  "SourceProperty" : "timeframe",
                  "SourcePropertyBaseType" : "DATETIME",
                  "SubProperty" : "endTime",
                  "TargetProperty" : "endTime",
                  "TargetPropertyBaseType" : "DATETIME",
                  "TargetPropertyType" : "Parameter"
                } ],
                "SourceArea" : "Mashup",
                "SourceDetails" : "AllData",
                "SourceId" : "mashup-root",
                "SourceSection" : "",
                "TargetArea" : "Data",
                "TargetId" : "GetProductionPerformance",
                "TargetSection" : "Things_BayerReportsPage"
              }, {
                "Id" : "6b37d0e7-3180-4e54-9b24-92031aa2a4b2",
                "PropertyMaps" : [ {
                  "SourceProperty" : "timeframe",
                  "SourcePropertyBaseType" : "DATETIME",
                  "SubProperty" : "startTime",
                  "TargetProperty" : "startTime",
                  "TargetPropertyBaseType" : "DATETIME",
                  "TargetPropertyType" : "Parameter"
                } ],
                "SourceArea" : "Mashup",
                "SourceDetails" : "AllData",
                "SourceId" : "mashup-root",
                "SourceSection" : "",
                "TargetArea" : "Data",
                "TargetId" : "GetProblemsAndIssues",
                "TargetSection" : "Things_BayerReportsPage"
              } ],
              "DesignTimePermissions" : {
                "Create" : [ ],
                "Delete" : [ ],
                "Metadata" : [ ],
                "Read" : [ ],
                "Update" : [ ]
              },
              "Events" : [ {
                "EventHandlerArea" : "Data",
                "EventHandlerId" : "Things_BayerReportsPage",
                "EventHandlerService" : "GetChangeoverReport",
                "EventTriggerArea" : "Mashup",
                "EventTriggerEvent" : "lineNameChanged",
                "EventTriggerId" : "mashup-root",
                "EventTriggerSection" : "",
                "Id" : "2056f406-6e67-4113-adc7-cdedeb0039bb"
              }, {
                "EventHandlerArea" : "Data",
                "EventHandlerId" : "Things_BayerReportsPage",
                "EventHandlerService" : "GetProductionPerformance",
                "EventTriggerArea" : "Mashup",
                "EventTriggerEvent" : "lineNameChanged",
                "EventTriggerId" : "mashup-root",
                "EventTriggerSection" : "",
                "Id" : "3daf0a75-e684-4364-bb61-ab657fe4b645"
              }, {
                "EventHandlerArea" : "Data",
                "EventHandlerId" : "Things_BayerReportsPage",
                "EventHandlerService" : "GetProblemsAndIssues",
                "EventTriggerArea" : "Mashup",
                "EventTriggerEvent" : "lineNameChanged",
                "EventTriggerId" : "mashup-root",
                "EventTriggerSection" : "",
                "Id" : "03d2372f-18c6-4ae5-b55c-761b56f7fbea"
              }, {
                "EventHandlerArea" : "Data",
                "EventHandlerId" : "Things_BayerReportsPage",
                "EventHandlerService" : "GetProblemsAndIssues",
                "EventTriggerArea" : "Mashup",
                "EventTriggerEvent" : "timeframeChanged",
                "EventTriggerId" : "mashup-root",
                "EventTriggerSection" : "",
                "Id" : "0fd6a18f-a925-4eab-85a2-934a72ca4059"
              }, {
                "EventHandlerArea" : "Data",
                "EventHandlerId" : "Things_BayerReportsPage",
                "EventHandlerService" : "GetChangeoverReport",
                "EventTriggerArea" : "Mashup",
                "EventTriggerEvent" : "timeframeChanged",
                "EventTriggerId" : "mashup-root",
                "EventTriggerSection" : "",
                "Id" : "18f836f8-3bd2-4982-a475-80c6aeb5808b"
              }, {
                "EventHandlerArea" : "Data",
                "EventHandlerId" : "Things_BayerReportsPage",
                "EventHandlerService" : "GetProductionPerformance",
                "EventTriggerArea" : "Mashup",
                "EventTriggerEvent" : "timeframeChanged",
                "EventTriggerId" : "mashup-root",
                "EventTriggerSection" : "",
                "Id" : "3e149e91-bce1-4768-98fc-2dc630405703"
              } ],
              "RunTimePermissions" : {
                "permissions" : [ ]
              },
              "UI" : {
                "Properties" : {
                  "AddToDashboardButton" : "SimplePlus",
                  "AddToDashboardButtonStyle" : "DefaultAddToDashboardButtonStyle",
                  "Area" : "Mashup",
                  "BGImage" : "",
                  "BGImageRepeat" : "no-repeat",
                  "BGImageSize" : "auto",
                  "Columns" : 0,
                  "ConfigureGadgetButton" : "SimpleGear",
                  "ConfigureGadgetButtonStyle" : "DefaultConfigureGadgetButtonStyle",
                  "DisplayName" : "Mashup",
                  "EnableParameterEditing" : false,
                  "Height" : 618,
                  "Id" : "mashup-root",
                  "IgnoreWarningsInViewMashup" : false,
                  "IsPrintLayout" : false,
                  "Left" : 0,
                  "MashupToEditGadget" : "DefaultMashupToEditGadget",
                  "MinHeight" : 0,
                  "MinWidth" : 0,
                  "ResponsiveLayout" : true,
                  "Rows" : 0,
                  "ShowDataLoading" : true,
                  "Style" : "DefaultMashupStyle",
                  "StyleTheme" : "Base Theme",
                  "Title" : "",
                  "TitleBar" : false,
                  "TitleBarStyle" : "DefaultTitleBarStyle",
                  "TitleBarText" : "Gadget Title Here",
                  "Top" : 0,
                  "Type" : "mashup",
                  "UseThemeForHybrids" : false,
                  "Visible" : true,
                  "Width" : 1024,
                  "Z-index" : 10,
                  "__TypeDisplayName" : "Mashup",
                  "_currentParameterDefs" : [ {
                    "BaseType" : "THINGNAME",
                    "Description" : "",
                    "ParameterName" : "lineName"
                  }, {
                    "Aspects" : {
                      "dataShape" : "BayerShiftTimeDataShape"
                    },
                    "BaseType" : "INFOTABLE",
                    "Description" : "",
                    "ParameterName" : "timeframe"
                  } ],
                  "id_index" : 43,
                  "supportsAutoResize" : true
                },
                "Widgets" : [ {
                  "Properties" : {
                    "Area" : "UI",
                    "Columns" : 0,
                    "DisplayName" : "layout-1",
                    "Footer" : true,
                    "FooterHeight" : 95,
                    "Header" : true,
                    "HeaderHeight" : 5,
                    "Id" : "layout-1",
                    "IncludeSpacingInFixedAreas" : false,
                    "IsPrintLayout" : false,
                    "Left" : 330,
                    "LeftSidebar" : false,
                    "LeftSidebarWidth" : 0,
                    "Orientation" : "vertical",
                    "PctColumn1" : 50,
                    "PctColumn2" : 50,
                    "PctColumn3" : 1,
                    "PctColumn4" : 1,
                    "PctColumn5" : 1,
                    "PctColumn6" : 1,
                    "PctColumn7" : 1,
                    "PctColumn8" : 1,
                    "PctRow1" : 100,
                    "PctRow2" : 0,
                    "PctRow3" : 0,
                    "PctRow4" : 0,
                    "PctRow5" : 0,
                    "PctRow6" : 0,
                    "PctRow7" : 0,
                    "PctRow8" : 0,
                    "PrintMarginLeftRight" : 0.5,
                    "PrintMarginTopBottom" : 0.5,
                    "PrintWidth" : 650,
                    "ResponsiveLayout" : true,
                    "RightSidebar" : false,
                    "RightSidebarWidth" : 0,
                    "Rows" : 1,
                    "ShowDataLoading" : true,
                    "Spacing" : 0,
                    "Top" : 180,
                    "Type" : "layout",
                    "Visible" : true,
                    "Z-index" : 10,
                    "__TypeDisplayName" : "Layout"
                  },
                  "Widgets" : [ {
                    "Properties" : {
                      "AnimateExpandCollapse" : true,
                      "Area" : "UI",
                      "BGImageRepeat" : "no-repeat",
                      "BGImageSize" : "auto",
                      "DisplayName" : "Header",
                      "ExpandCollapseTabLocation" : "outside",
                      "Expanded" : true,
                      "Id" : "container-2",
                      "MinHeight" : 0,
                      "MinWidth" : 0,
                      "Overlay" : false,
                      "OverlayIsTransparent" : false,
                      "ResponsiveLayout" : true,
                      "ShowDataLoading" : true,
                      "ShowExpandCollapseTab" : false,
                      "Style" : "Bayer_BlueBg",
                      "TabCollapseStyle" : "DefaultTabCollapseStyle",
                      "TabExpandStyle" : "DefaultTabExpandStyle",
                      "TabHeight" : 36,
                      "TabLocation" : "center",
                      "TabOffset" : 0,
                      "TabWidth" : 36,
                      "Type" : "container",
                      "Visible" : false,
                      "Z-index" : 10,
                      "__TypeDisplayName" : "Container",
                      "userCannotRemove" : true
                    },
                    "Widgets" : [ ]
                  }, {
                    "Properties" : {
                      "AnimateExpandCollapse" : true,
                      "Area" : "UI",
                      "BGImageRepeat" : "no-repeat",
                      "BGImageSize" : "auto",
                      "DisplayName" : "Row 1",
                      "ExpandCollapseTabLocation" : "outside",
                      "Expanded" : true,
                      "Id" : "container-3",
                      "MinHeight" : 0,
                      "MinWidth" : 0,
                      "Overlay" : false,
                      "OverlayIsTransparent" : false,
                      "ResponsiveLayout" : true,
                      "ShowDataLoading" : true,
                      "ShowExpandCollapseTab" : false,
                      "Style" : "Bayer_BlueBg",
                      "TabCollapseStyle" : "DefaultTabCollapseStyle",
                      "TabExpandStyle" : "DefaultTabExpandStyle",
                      "TabHeight" : 36,
                      "TabLocation" : "center",
                      "TabOffset" : 0,
                      "TabWidth" : 36,
                      "Type" : "container",
                      "Visible" : true,
                      "Z-index" : 10,
                      "__TypeDisplayName" : "Container",
                      "userCannotRemove" : true
                    },
                    "Widgets" : [ {
                      "Properties" : {
                        "Area" : "UI",
                        "Columns" : 2,
                        "DisplayName" : "layout-5",
                        "Footer" : false,
                        "FooterHeight" : 0,
                        "Header" : false,
                        "HeaderHeight" : 0,
                        "Id" : "layout-5",
                        "IncludeSpacingInFixedAreas" : false,
                        "IsPrintLayout" : false,
                        "Left" : 300,
                        "LeftSidebar" : true,
                        "LeftSidebarWidth" : 15,
                        "Orientation" : "horizontal",
                        "PctColumn1" : 50,
                        "PctColumn2" : 50,
                        "PctColumn3" : 75,
                        "PctColumn4" : 1,
                        "PctColumn5" : 1,
                        "PctColumn6" : 1,
                        "PctColumn7" : 1,
                        "PctColumn8" : 1,
                        "PctRow1" : 50,
                        "PctRow2" : 50,
                        "PctRow3" : 0,
                        "PctRow4" : 0,
                        "PctRow5" : 0,
                        "PctRow6" : 0,
                        "PctRow7" : 0,
                        "PctRow8" : 0,
                        "PrintMarginLeftRight" : 0.5,
                        "PrintMarginTopBottom" : 0.5,
                        "PrintWidth" : 650,
                        "ResponsiveLayout" : true,
                        "RightSidebar" : true,
                        "RightSidebarWidth" : 10,
                        "Rows" : 0,
                        "ShowDataLoading" : true,
                        "Spacing" : 4,
                        "Top" : 150,
                        "Type" : "layout",
                        "Visible" : true,
                        "Z-index" : 10,
                        "__TypeDisplayName" : "Layout"
                      },
                      "Widgets" : [ {
                        "Properties" : {
                          "AnimateExpandCollapse" : true,
                          "Area" : "UI",
                          "BGImageRepeat" : "no-repeat",
                          "BGImageSize" : "auto",
                          "DisplayName" : "Left Sidebar",
                          "ExpandCollapseTabLocation" : "outside",
                          "Expanded" : true,
                          "Id" : "container-6",
                          "MinHeight" : 0,
                          "MinWidth" : 0,
                          "Overlay" : false,
                          "OverlayIsTransparent" : false,
                          "ResponsiveLayout" : true,
                          "ShowDataLoading" : true,
                          "ShowExpandCollapseTab" : false,
                          "Style" : "DefaultContainerStyle",
                          "TabCollapseStyle" : "DefaultTabCollapseStyle",
                          "TabExpandStyle" : "DefaultTabExpandStyle",
                          "TabHeight" : 36,
                          "TabLocation" : "center",
                          "TabOffset" : 0,
                          "TabWidth" : 36,
                          "Type" : "container",
                          "Visible" : true,
                          "Z-index" : 10,
                          "__TypeDisplayName" : "Container",
                          "userCannotRemove" : true
                        },
                        "Widgets" : [ ]
                      }, {
                        "Properties" : {
                          "AnimateExpandCollapse" : true,
                          "Area" : "UI",
                          "BGImageRepeat" : "no-repeat",
                          "BGImageSize" : "auto",
                          "DisplayName" : "Column 1",
                          "ExpandCollapseTabLocation" : "outside",
                          "Expanded" : true,
                          "Id" : "container-7",
                          "MinHeight" : 0,
                          "MinWidth" : 0,
                          "Overlay" : false,
                          "OverlayIsTransparent" : false,
                          "ResponsiveLayout" : true,
                          "ShowDataLoading" : true,
                          "ShowExpandCollapseTab" : false,
                          "Style" : "DefaultContainerStyle",
                          "TabCollapseStyle" : "DefaultTabCollapseStyle",
                          "TabExpandStyle" : "DefaultTabExpandStyle",
                          "TabHeight" : 36,
                          "TabLocation" : "center",
                          "TabOffset" : 0,
                          "TabWidth" : 36,
                          "Type" : "container",
                          "Visible" : true,
                          "Z-index" : 10,
                          "__TypeDisplayName" : "Container",
                          "userCannotRemove" : true
                        },
                        "Widgets" : [ {
                          "Properties" : {
                            "Area" : "UI",
                            "Columns" : 0,
                            "DisplayName" : "layout-41",
                            "Footer" : false,
                            "FooterHeight" : 0,
                            "Header" : true,
                            "HeaderHeight" : 210,
                            "Id" : "layout-41",
                            "IncludeSpacingInFixedAreas" : false,
                            "IsPrintLayout" : false,
                            "Left" : 65,
                            "LeftSidebar" : false,
                            "LeftSidebarWidth" : 0,
                            "Orientation" : "vertical",
                            "PctColumn1" : 50,
                            "PctColumn2" : 50,
                            "PctColumn3" : 1,
                            "PctColumn4" : 1,
                            "PctColumn5" : 1,
                            "PctColumn6" : 1,
                            "PctColumn7" : 1,
                            "PctColumn8" : 1,
                            "PctRow1" : 100,
                            "PctRow2" : 0,
                            "PctRow3" : 0,
                            "PctRow4" : 0,
                            "PctRow5" : 0,
                            "PctRow6" : 0,
                            "PctRow7" : 0,
                            "PctRow8" : 0,
                            "PrintMarginLeftRight" : 0.5,
                            "PrintMarginTopBottom" : 0.5,
                            "PrintWidth" : 650,
                            "ResponsiveLayout" : true,
                            "RightSidebar" : false,
                            "RightSidebarWidth" : 0,
                            "Rows" : 1,
                            "ShowDataLoading" : true,
                            "Spacing" : 2,
                            "Top" : 120,
                            "Type" : "layout",
                            "Visible" : true,
                            "Z-index" : 10,
                            "__TypeDisplayName" : "Layout"
                          },
                          "Widgets" : [ {
                            "Properties" : {
                              "AnimateExpandCollapse" : true,
                              "Area" : "UI",
                              "BGImageRepeat" : "no-repeat",
                              "BGImageSize" : "auto",
                              "DisplayName" : "Header",
                              "ExpandCollapseTabLocation" : "outside",
                              "Expanded" : true,
                              "Id" : "container-42",
                              "MinHeight" : 0,
                              "MinWidth" : 0,
                              "Overlay" : false,
                              "OverlayIsTransparent" : false,
                              "ResponsiveLayout" : true,
                              "ShowDataLoading" : true,
                              "ShowExpandCollapseTab" : false,
                              "Style" : "DefaultContainerStyle",
                              "TabCollapseStyle" : "DefaultTabCollapseStyle",
                              "TabExpandStyle" : "DefaultTabExpandStyle",
                              "TabHeight" : 36,
                              "TabLocation" : "center",
                              "TabOffset" : 0,
                              "TabWidth" : 36,
                              "Type" : "container",
                              "Visible" : true,
                              "Z-index" : 10,
                              "__TypeDisplayName" : "Container",
                              "userCannotRemove" : true
                            },
                            "Widgets" : [ {
                              "Properties" : {
                                "Area" : "UI",
                                "Columns" : 0,
                                "DisplayName" : "layout-13",
                                "Footer" : false,
                                "FooterHeight" : 0,
                                "Header" : true,
                                "HeaderHeight" : 45,
                                "Id" : "layout-13",
                                "IncludeSpacingInFixedAreas" : false,
                                "IsPrintLayout" : false,
                                "Left" : 200,
                                "LeftSidebar" : false,
                                "LeftSidebarWidth" : 0,
                                "Orientation" : "vertical",
                                "PctColumn1" : 50,
                                "PctColumn2" : 50,
                                "PctColumn3" : 1,
                                "PctColumn4" : 1,
                                "PctColumn5" : 1,
                                "PctColumn6" : 1,
                                "PctColumn7" : 1,
                                "PctColumn8" : 1,
                                "PctRow1" : 100,
                                "PctRow2" : 0,
                                "PctRow3" : 0,
                                "PctRow4" : 0,
                                "PctRow5" : 0,
                                "PctRow6" : 0,
                                "PctRow7" : 0,
                                "PctRow8" : 0,
                                "PrintMarginLeftRight" : 0.5,
                                "PrintMarginTopBottom" : 0.5,
                                "PrintWidth" : 650,
                                "ResponsiveLayout" : true,
                                "RightSidebar" : false,
                                "RightSidebarWidth" : 0,
                                "Rows" : 1,
                                "ShowDataLoading" : true,
                                "Spacing" : 2,
                                "Top" : 100,
                                "Type" : "layout",
                                "Visible" : true,
                                "Z-index" : 10,
                                "__TypeDisplayName" : "Layout"
                              },
                              "Widgets" : [ {
                                "Properties" : {
                                  "AnimateExpandCollapse" : true,
                                  "Area" : "UI",
                                  "BGImageRepeat" : "no-repeat",
                                  "BGImageSize" : "auto",
                                  "DisplayName" : "Header",
                                  "ExpandCollapseTabLocation" : "outside",
                                  "Expanded" : true,
                                  "Id" : "container-14",
                                  "MinHeight" : 0,
                                  "MinWidth" : 0,
                                  "Overlay" : false,
                                  "OverlayIsTransparent" : false,
                                  "ResponsiveLayout" : true,
                                  "ShowDataLoading" : true,
                                  "ShowExpandCollapseTab" : false,
                                  "Style" : "DefaultContainerStyle",
                                  "TabCollapseStyle" : "DefaultTabCollapseStyle",
                                  "TabExpandStyle" : "DefaultTabExpandStyle",
                                  "TabHeight" : 36,
                                  "TabLocation" : "center",
                                  "TabOffset" : 0,
                                  "TabWidth" : 36,
                                  "Type" : "container",
                                  "Visible" : true,
                                  "Z-index" : 10,
                                  "__TypeDisplayName" : "Container",
                                  "userCannotRemove" : true
                                },
                                "Widgets" : [ {
                                  "Properties" : {
                                    "Alignment" : "left",
                                    "Area" : "UI",
                                    "BackgroundFill" : "content",
                                    "DisplayName" : "valuedisplay-16",
                                    "Height" : 22,
                                    "Id" : "valuedisplay-16",
                                    "ImageScaling" : "Width",
                                    "Label" : "",
                                    "LabelAlignment" : "left",
                                    "Left" : 0,
                                    "Overflow" : "hidden",
                                    "ResponsiveLayout" : true,
                                    "ShowDataLoading" : true,
                                    "TextIfNoValue" : "[[Bayer.ProductionPerformance]]",
                                    "TextIfNoValueOffset" : 0,
                                    "TextIfNoValueStyle" : "Bayer_WhiteTitle",
                                    "TextWrap" : true,
                                    "ToolTipField" : "",
                                    "ToolTipStyle" : "DefaultTooltipStyle",
                                    "Top" : 0,
                                    "Type" : "valuedisplay",
                                    "ValueDisplayLabelStyle" : "DefaultWidgetLabelStyle",
                                    "ValueDisplayStyle" : "Bayer_WhiteTitle",
                                    "VerticalAlignment" : "middle",
                                    "Visible" : true,
                                    "Width" : 100,
                                    "Z-index" : 10,
                                    "__TypeDisplayName" : "Value Display",
                                    "__supportsLabel" : true,
                                    "__supportsTooltip" : true
                                  },
                                  "Widgets" : [ ]
                                } ]
                              }, {
                                "Properties" : {
                                  "AnimateExpandCollapse" : true,
                                  "Area" : "UI",
                                  "BGImageRepeat" : "no-repeat",
                                  "BGImageSize" : "auto",
                                  "DisplayName" : "Row",
                                  "ExpandCollapseTabLocation" : "outside",
                                  "Expanded" : true,
                                  "Id" : "container-15",
                                  "MinHeight" : 0,
                                  "MinWidth" : 0,
                                  "Overlay" : false,
                                  "OverlayIsTransparent" : false,
                                  "ResponsiveLayout" : true,
                                  "ShowDataLoading" : true,
                                  "ShowExpandCollapseTab" : false,
                                  "Style" : "Bayer_WhiteBg",
                                  "TabCollapseStyle" : "DefaultTabCollapseStyle",
                                  "TabExpandStyle" : "DefaultTabExpandStyle",
                                  "TabHeight" : 36,
                                  "TabLocation" : "center",
                                  "TabOffset" : 0,
                                  "TabWidth" : 36,
                                  "Type" : "container",
                                  "Visible" : true,
                                  "Z-index" : 10,
                                  "__TypeDisplayName" : "Container",
                                  "userCannotRemove" : true
                                },
                                "Widgets" : [ {
                                  "Properties" : {
                                    "AlignHeader" : false,
                                    "Area" : "UI",
                                    "AutoSelectFirstRow" : false,
                                    "CellTextWrapping" : false,
                                    "ColumnFormat" : {
                                      "formatInfo" : [ {
                                        "Align" : "center",
                                        "AllowEdit" : false,
                                        "FieldName" : "Shift",
                                        "FormatOptions" : {
                                          "FormatString" : "full",
                                          "formatInfo" : {
                                            "FieldName" : "",
                                            "StateDefinition" : "",
                                            "StateDefinitionType" : "fixed",
                                            "StateFormats" : [ {
                                              "state" : "BayerCellStyle",
                                              "stateName" : "fixed"
                                            } ]
                                          },
                                          "renderer" : "STRING",
                                          "roundingEnabled" : true
                                        },
                                        "Title" : "[[Bayer.Shift]]",
                                        "ValidationExpression" : "",
                                        "ValidationMessage" : "",
                                        "Width" : "auto"
                                      }, {
                                        "Align" : "right",
                                        "AllowEdit" : false,
                                        "FieldName" : "TargetQuantity",
                                        "FormatOptions" : {
                                          "FormatString" : "0",
                                          "formatInfo" : {
                                            "FieldName" : "",
                                            "StateDefinition" : "",
                                            "StateDefinitionType" : "fixed",
                                            "StateFormats" : [ {
                                              "state" : "BayerCellStyle",
                                              "stateName" : "fixed"
                                            } ]
                                          },
                                          "renderer" : "INTEGER",
                                          "roundingEnabled" : true
                                        },
                                        "Title" : "[[Bayer.targetQuantity]]",
                                        "ValidationExpression" : "",
                                        "ValidationMessage" : "",
                                        "Width" : "auto"
                                      }, {
                                        "Align" : "right",
                                        "AllowEdit" : false,
                                        "FieldName" : "ActualQuantity",
                                        "FormatOptions" : {
                                          "FormatString" : "0",
                                          "formatInfo" : {
                                            "FieldName" : "",
                                            "StateDefinition" : "",
                                            "StateDefinitionType" : "fixed",
                                            "StateFormats" : [ {
                                              "state" : "BayerCellStyle",
                                              "stateName" : "fixed"
                                            } ]
                                          },
                                          "renderer" : "INTEGER",
                                          "roundingEnabled" : true
                                        },
                                        "Title" : "[[Bayer.ActualQuantity]]",
                                        "ValidationExpression" : "",
                                        "ValidationMessage" : "",
                                        "Width" : "auto"
                                      }, {
                                        "Align" : "right",
                                        "AllowEdit" : false,
                                        "FieldName" : "GapPsc",
                                        "FormatOptions" : {
                                          "FormatString" : "0",
                                          "formatInfo" : {
                                            "FieldName" : "GapPsc",
                                            "StateDefinition" : "BayerProductionPerformance",
                                            "StateDefinitionType" : "string",
                                            "StateFormats" : [ ]
                                          },
                                          "renderer" : "INTEGER",
                                          "roundingEnabled" : true
                                        },
                                        "Title" : "[[Bayer.Difference]]",
                                        "ValidationExpression" : "",
                                        "ValidationMessage" : "",
                                        "Width" : "auto"
                                      } ]
                                    },
                                    "CurrentScrollTop" : 0,
                                    "DisplayName" : "dhxgrid-17",
                                    "FocusStyle" : "DefaultFocusStyle",
                                    "GridBackgroundStyle" : "Bayer_GridBackgroundStyle",
                                    "GridEditableFieldStyle" : "DefaultGridEditableFieldStyle",
                                    "GridHeaderStyle" : "Bayer_GridHeader",
                                    "GridHeaderTextCase" : "capitalize",
                                    "GridInvalidFieldStyle" : "DefaultGridInvalidFieldStyle",
                                    "Height" : 200,
                                    "Id" : "dhxgrid-17",
                                    "IsEditable" : false,
                                    "IsPrintLayout" : false,
                                    "Left" : 120,
                                    "MultiSelect" : false,
                                    "ResponsiveLayout" : true,
                                    "RowAlternateBackgroundStyle" : "DefaultRowAlternateBackgroundStyle",
                                    "RowBackgroundStyle" : "DefaultRowBackgroundStyle",
                                    "RowFormat_StateParameters" : [ ],
                                    "RowHeight" : 40,
                                    "RowHoverStyle" : "DefaultRowHoverStyle",
                                    "RowSelectedStyle" : "DefaultRowSelectedStyle",
                                    "ScrollTop" : 0,
                                    "ShowAllColumns" : false,
                                    "ShowDataLoading" : true,
                                    "TabSequence" : 0,
                                    "Top" : 65,
                                    "Type" : "dhxgrid",
                                    "Visible" : true,
                                    "Width" : 400,
                                    "Z-index" : 10,
                                    "__TypeDisplayName" : "Grid"
                                  },
                                  "Widgets" : [ ]
                                } ]
                              } ]
                            } ]
                          }, {
                            "Properties" : {
                              "AnimateExpandCollapse" : true,
                              "Area" : "UI",
                              "BGImageRepeat" : "no-repeat",
                              "BGImageSize" : "auto",
                              "DisplayName" : "Row",
                              "ExpandCollapseTabLocation" : "outside",
                              "Expanded" : true,
                              "Id" : "container-43",
                              "MinHeight" : 0,
                              "MinWidth" : 0,
                              "Overlay" : false,
                              "OverlayIsTransparent" : false,
                              "ResponsiveLayout" : true,
                              "ShowDataLoading" : true,
                              "ShowExpandCollapseTab" : false,
                              "Style" : "DefaultContainerStyle",
                              "TabCollapseStyle" : "DefaultTabCollapseStyle",
                              "TabExpandStyle" : "DefaultTabExpandStyle",
                              "TabHeight" : 36,
                              "TabLocation" : "center",
                              "TabOffset" : 0,
                              "TabWidth" : 36,
                              "Type" : "container",
                              "Visible" : true,
                              "Z-index" : 10,
                              "__TypeDisplayName" : "Container",
                              "userCannotRemove" : true
                            },
                            "Widgets" : [ {
                              "Properties" : {
                                "Area" : "UI",
                                "Columns" : 0,
                                "DisplayName" : "layout-18",
                                "Footer" : false,
                                "FooterHeight" : 0,
                                "Header" : true,
                                "HeaderHeight" : 40,
                                "Id" : "layout-18",
                                "IncludeSpacingInFixedAreas" : false,
                                "IsPrintLayout" : false,
                                "Left" : 200,
                                "LeftSidebar" : false,
                                "LeftSidebarWidth" : 0,
                                "Orientation" : "vertical",
                                "PctColumn1" : 50,
                                "PctColumn2" : 50,
                                "PctColumn3" : 1,
                                "PctColumn4" : 1,
                                "PctColumn5" : 1,
                                "PctColumn6" : 1,
                                "PctColumn7" : 1,
                                "PctColumn8" : 1,
                                "PctRow1" : 100,
                                "PctRow2" : 0,
                                "PctRow3" : 0,
                                "PctRow4" : 0,
                                "PctRow5" : 0,
                                "PctRow6" : 0,
                                "PctRow7" : 0,
                                "PctRow8" : 0,
                                "PrintMarginLeftRight" : 0.5,
                                "PrintMarginTopBottom" : 0.5,
                                "PrintWidth" : 650,
                                "ResponsiveLayout" : true,
                                "RightSidebar" : false,
                                "RightSidebarWidth" : 0,
                                "Rows" : 1,
                                "ShowDataLoading" : true,
                                "Spacing" : 0,
                                "Top" : 100,
                                "Type" : "layout",
                                "Visible" : true,
                                "Z-index" : 10,
                                "__TypeDisplayName" : "Layout"
                              },
                              "Widgets" : [ {
                                "Properties" : {
                                  "AnimateExpandCollapse" : true,
                                  "Area" : "UI",
                                  "BGImageRepeat" : "no-repeat",
                                  "BGImageSize" : "auto",
                                  "DisplayName" : "Header",
                                  "ExpandCollapseTabLocation" : "outside",
                                  "Expanded" : true,
                                  "Id" : "container-19",
                                  "MinHeight" : 0,
                                  "MinWidth" : 0,
                                  "Overlay" : false,
                                  "OverlayIsTransparent" : false,
                                  "ResponsiveLayout" : true,
                                  "ShowDataLoading" : true,
                                  "ShowExpandCollapseTab" : false,
                                  "Style" : "DefaultContainerStyle",
                                  "TabCollapseStyle" : "DefaultTabCollapseStyle",
                                  "TabExpandStyle" : "DefaultTabExpandStyle",
                                  "TabHeight" : 36,
                                  "TabLocation" : "center",
                                  "TabOffset" : 0,
                                  "TabWidth" : 36,
                                  "Type" : "container",
                                  "Visible" : true,
                                  "Z-index" : 10,
                                  "__TypeDisplayName" : "Container",
                                  "userCannotRemove" : true
                                },
                                "Widgets" : [ {
                                  "Properties" : {
                                    "Alignment" : "left",
                                    "Area" : "UI",
                                    "BackgroundFill" : "content",
                                    "DisplayName" : "valuedisplay-34",
                                    "Height" : 22,
                                    "Id" : "valuedisplay-34",
                                    "ImageScaling" : "Width",
                                    "Label" : "",
                                    "LabelAlignment" : "left",
                                    "Left" : 195,
                                    "Overflow" : "hidden",
                                    "ResponsiveLayout" : true,
                                    "ShowDataLoading" : true,
                                    "TextIfNoValue" : "[[Bayer.ChangeoverPerformance]]",
                                    "TextIfNoValueOffset" : 0,
                                    "TextIfNoValueStyle" : "Bayer_WhiteTitle",
                                    "TextWrap" : true,
                                    "ToolTipField" : "",
                                    "ToolTipStyle" : "DefaultTooltipStyle",
                                    "Top" : 10,
                                    "Type" : "valuedisplay",
                                    "ValueDisplayLabelStyle" : "DefaultWidgetLabelStyle",
                                    "ValueDisplayStyle" : "Bayer_WhiteTitle",
                                    "VerticalAlignment" : "middle",
                                    "Visible" : true,
                                    "Width" : 100,
                                    "Z-index" : 10,
                                    "__TypeDisplayName" : "Value Display",
                                    "__supportsLabel" : true,
                                    "__supportsTooltip" : true
                                  },
                                  "Widgets" : [ ]
                                } ]
                              }, {
                                "Properties" : {
                                  "AnimateExpandCollapse" : true,
                                  "Area" : "UI",
                                  "BGImageRepeat" : "no-repeat",
                                  "BGImageSize" : "auto",
                                  "DisplayName" : "Row",
                                  "ExpandCollapseTabLocation" : "outside",
                                  "Expanded" : true,
                                  "Id" : "container-21",
                                  "MinHeight" : 0,
                                  "MinWidth" : 0,
                                  "Overlay" : false,
                                  "OverlayIsTransparent" : false,
                                  "ResponsiveLayout" : true,
                                  "ShowDataLoading" : true,
                                  "ShowExpandCollapseTab" : false,
                                  "Style" : "Bayer_WhiteBg",
                                  "TabCollapseStyle" : "DefaultTabCollapseStyle",
                                  "TabExpandStyle" : "DefaultTabExpandStyle",
                                  "TabHeight" : 36,
                                  "TabLocation" : "center",
                                  "TabOffset" : 0,
                                  "TabWidth" : 36,
                                  "Type" : "container",
                                  "Visible" : true,
                                  "Z-index" : 10,
                                  "__TypeDisplayName" : "Container",
                                  "userCannotRemove" : true
                                },
                                "Widgets" : [ {
                                  "Properties" : {
                                    "AlignHeader" : false,
                                    "Area" : "UI",
                                    "AutoSelectFirstRow" : false,
                                    "CellTextWrapping" : false,
                                    "ColumnFormat" : {
                                      "formatInfo" : [ {
                                        "Align" : "left",
                                        "AllowEdit" : false,
                                        "FieldName" : "startTime",
                                        "FormatOptions" : {
                                          "FormatString" : "[[Bayer.TimeFormatHoursMinutes]]",
                                          "formatInfo" : {
                                            "FieldName" : "",
                                            "StateDefinition" : "",
                                            "StateDefinitionType" : "fixed",
                                            "StateFormats" : [ {
                                              "state" : "BayerCellStyle",
                                              "stateName" : "fixed"
                                            } ]
                                          },
                                          "renderer" : "DATETIME",
                                          "roundingEnabled" : true
                                        },
                                        "Title" : "[[Bayer.StartTime]]",
                                        "ValidationExpression" : "",
                                        "ValidationMessage" : "",
                                        "Width" : "auto"
                                      }, {
                                        "Align" : "right",
                                        "AllowEdit" : false,
                                        "FieldName" : "targetTime",
                                        "FormatOptions" : {
                                          "FormatString" : "0",
                                          "formatInfo" : {
                                            "FieldName" : "",
                                            "StateDefinition" : "",
                                            "StateDefinitionType" : "fixed",
                                            "StateFormats" : [ {
                                              "state" : "BayerCellStyle",
                                              "stateName" : "fixed"
                                            } ]
                                          },
                                          "renderer" : "INTEGER",
                                          "roundingEnabled" : true
                                        },
                                        "Title" : "[[Bayer.TargetDuration(min.)]]",
                                        "ValidationExpression" : "",
                                        "ValidationMessage" : "",
                                        "Width" : "auto"
                                      }, {
                                        "Align" : "right",
                                        "AllowEdit" : false,
                                        "FieldName" : "actualTime",
                                        "FormatOptions" : {
                                          "FormatString" : "0",
                                          "formatInfo" : {
                                            "FieldName" : "",
                                            "StateDefinition" : "",
                                            "StateDefinitionType" : "fixed",
                                            "StateFormats" : [ {
                                              "state" : "BayerCellStyle",
                                              "stateName" : "fixed"
                                            } ]
                                          },
                                          "renderer" : "INTEGER",
                                          "roundingEnabled" : true
                                        },
                                        "Title" : "[[Bayer.ActualTime(min.)]]",
                                        "ValidationExpression" : "",
                                        "ValidationMessage" : "",
                                        "Width" : "auto"
                                      }, {
                                        "Align" : "right",
                                        "AllowEdit" : false,
                                        "FieldName" : "difference",
                                        "FormatOptions" : {
                                          "FormatString" : "0",
                                          "formatInfo" : {
                                            "FieldName" : "difference",
                                            "StateDefinition" : "BayerChangeoverPanel",
                                            "StateDefinitionType" : "numeric",
                                            "StateFormats" : [ {
                                              "comparator" : "<=",
                                              "state" : "Bayer_PositiveCellValueStyle",
                                              "stateName" : "",
                                              "value" : "0"
                                            }, {
                                              "state" : "Bayer_NegativeCellValueStyle",
                                              "stateName" : ""
                                            } ]
                                          },
                                          "renderer" : "INTEGER",
                                          "roundingEnabled" : true
                                        },
                                        "Title" : "[[Bayer.Difference]]",
                                        "ValidationExpression" : "",
                                        "ValidationMessage" : "",
                                        "Width" : "auto"
                                      } ]
                                    },
                                    "CurrentScrollTop" : 0,
                                    "DisplayName" : "dhxgrid-27",
                                    "FocusStyle" : "DefaultFocusStyle",
                                    "GridBackgroundStyle" : "Bayer_GridBackgroundStyle",
                                    "GridEditableFieldStyle" : "DefaultGridEditableFieldStyle",
                                    "GridHeaderStyle" : "Bayer_GridHeader",
                                    "GridHeaderTextCase" : "none",
                                    "GridInvalidFieldStyle" : "DefaultGridInvalidFieldStyle",
                                    "Height" : 200,
                                    "Id" : "dhxgrid-27",
                                    "IsEditable" : false,
                                    "IsPrintLayout" : false,
                                    "Left" : 0,
                                    "MultiSelect" : false,
                                    "ResponsiveLayout" : true,
                                    "RowAlternateBackgroundStyle" : "DefaultRowAlternateBackgroundStyle",
                                    "RowBackgroundStyle" : "DefaultRowBackgroundStyle",
                                    "RowFormat_StateParameters" : [ ],
                                    "RowHeight" : 40,
                                    "RowHoverStyle" : "DefaultRowHoverStyle",
                                    "RowSelectedStyle" : "DefaultRowSelectedStyle",
                                    "ScrollTop" : 0,
                                    "ShowAllColumns" : false,
                                    "ShowDataLoading" : true,
                                    "TabSequence" : 0,
                                    "Top" : 0,
                                    "Type" : "dhxgrid",
                                    "Visible" : true,
                                    "Width" : 400,
                                    "Z-index" : 10,
                                    "__TypeDisplayName" : "Grid"
                                  },
                                  "Widgets" : [ ]
                                } ]
                              } ]
                            } ]
                          } ]
                        } ]
                      }, {
                        "Properties" : {
                          "AnimateExpandCollapse" : true,
                          "Area" : "UI",
                          "BGImageRepeat" : "no-repeat",
                          "BGImageSize" : "auto",
                          "DisplayName" : "Column 2",
                          "ExpandCollapseTabLocation" : "outside",
                          "Expanded" : true,
                          "Id" : "container-8",
                          "MinHeight" : 0,
                          "MinWidth" : 0,
                          "Overlay" : false,
                          "OverlayIsTransparent" : false,
                          "ResponsiveLayout" : true,
                          "ShowDataLoading" : true,
                          "ShowExpandCollapseTab" : false,
                          "Style" : "DefaultContainerStyle",
                          "TabCollapseStyle" : "DefaultTabCollapseStyle",
                          "TabExpandStyle" : "DefaultTabExpandStyle",
                          "TabHeight" : 36,
                          "TabLocation" : "center",
                          "TabOffset" : 0,
                          "TabWidth" : 36,
                          "Type" : "container",
                          "Visible" : true,
                          "Z-index" : 10,
                          "__TypeDisplayName" : "Container",
                          "userCannotRemove" : true
                        },
                        "Widgets" : [ {
                          "Properties" : {
                            "Area" : "UI",
                            "Columns" : 0,
                            "DisplayName" : "layout-23",
                            "Footer" : false,
                            "FooterHeight" : 0,
                            "Header" : true,
                            "HeaderHeight" : 45,
                            "Id" : "layout-23",
                            "IncludeSpacingInFixedAreas" : false,
                            "IsPrintLayout" : false,
                            "Left" : 225,
                            "LeftSidebar" : false,
                            "LeftSidebarWidth" : 0,
                            "Orientation" : "vertical",
                            "PctColumn1" : 50,
                            "PctColumn2" : 50,
                            "PctColumn3" : 1,
                            "PctColumn4" : 1,
                            "PctColumn5" : 1,
                            "PctColumn6" : 1,
                            "PctColumn7" : 1,
                            "PctColumn8" : 1,
                            "PctRow1" : 100,
                            "PctRow2" : 0,
                            "PctRow3" : 0,
                            "PctRow4" : 0,
                            "PctRow5" : 0,
                            "PctRow6" : 0,
                            "PctRow7" : 0,
                            "PctRow8" : 0,
                            "PrintMarginLeftRight" : 0.5,
                            "PrintMarginTopBottom" : 0.5,
                            "PrintWidth" : 650,
                            "ResponsiveLayout" : true,
                            "RightSidebar" : false,
                            "RightSidebarWidth" : 0,
                            "Rows" : 1,
                            "ShowDataLoading" : true,
                            "Spacing" : 2,
                            "Top" : 135,
                            "Type" : "layout",
                            "Visible" : true,
                            "Z-index" : 10,
                            "__TypeDisplayName" : "Layout"
                          },
                          "Widgets" : [ {
                            "Properties" : {
                              "AnimateExpandCollapse" : true,
                              "Area" : "UI",
                              "BGImageRepeat" : "no-repeat",
                              "BGImageSize" : "auto",
                              "DisplayName" : "Header",
                              "ExpandCollapseTabLocation" : "outside",
                              "Expanded" : true,
                              "Id" : "container-24",
                              "MinHeight" : 0,
                              "MinWidth" : 0,
                              "Overlay" : false,
                              "OverlayIsTransparent" : false,
                              "ResponsiveLayout" : true,
                              "ShowDataLoading" : true,
                              "ShowExpandCollapseTab" : false,
                              "Style" : "DefaultContainerStyle",
                              "TabCollapseStyle" : "DefaultTabCollapseStyle",
                              "TabExpandStyle" : "DefaultTabExpandStyle",
                              "TabHeight" : 36,
                              "TabLocation" : "center",
                              "TabOffset" : 0,
                              "TabWidth" : 36,
                              "Type" : "container",
                              "Visible" : true,
                              "Z-index" : 10,
                              "__TypeDisplayName" : "Container",
                              "userCannotRemove" : true
                            },
                            "Widgets" : [ {
                              "Properties" : {
                                "Alignment" : "left",
                                "Area" : "UI",
                                "BackgroundFill" : "content",
                                "DisplayName" : "valuedisplay-30",
                                "Height" : 22,
                                "Id" : "valuedisplay-30",
                                "ImageScaling" : "Width",
                                "Label" : "",
                                "LabelAlignment" : "left",
                                "Left" : 135,
                                "Overflow" : "hidden",
                                "ResponsiveLayout" : true,
                                "ShowDataLoading" : true,
                                "TextIfNoValue" : "[[Bayer.ProblemsAndIssues]]",
                                "TextIfNoValueOffset" : 0,
                                "TextIfNoValueStyle" : "Bayer_WhiteTitle",
                                "TextWrap" : true,
                                "ToolTipField" : "",
                                "ToolTipStyle" : "DefaultTooltipStyle",
                                "Top" : 15,
                                "Type" : "valuedisplay",
                                "ValueDisplayLabelStyle" : "DefaultWidgetLabelStyle",
                                "ValueDisplayStyle" : "Bayer_WhiteTitle",
                                "VerticalAlignment" : "middle",
                                "Visible" : true,
                                "Width" : 100,
                                "Z-index" : 10,
                                "__TypeDisplayName" : "Value Display",
                                "__supportsLabel" : true,
                                "__supportsTooltip" : true
                              },
                              "Widgets" : [ ]
                            } ]
                          }, {
                            "Properties" : {
                              "AnimateExpandCollapse" : true,
                              "Area" : "UI",
                              "BGImageRepeat" : "no-repeat",
                              "BGImageSize" : "auto",
                              "DisplayName" : "Row 1",
                              "ExpandCollapseTabLocation" : "outside",
                              "Expanded" : true,
                              "Id" : "container-25",
                              "MinHeight" : 0,
                              "MinWidth" : 0,
                              "Overlay" : false,
                              "OverlayIsTransparent" : false,
                              "ResponsiveLayout" : true,
                              "ShowDataLoading" : true,
                              "ShowExpandCollapseTab" : false,
                              "Style" : "Bayer_WhiteBg",
                              "TabCollapseStyle" : "DefaultTabCollapseStyle",
                              "TabExpandStyle" : "DefaultTabExpandStyle",
                              "TabHeight" : 36,
                              "TabLocation" : "center",
                              "TabOffset" : 0,
                              "TabWidth" : 36,
                              "Type" : "container",
                              "Visible" : true,
                              "Z-index" : 10,
                              "__TypeDisplayName" : "Container",
                              "userCannotRemove" : true
                            },
                            "Widgets" : [ {
                              "Properties" : {
                                "AlignHeader" : false,
                                "Area" : "UI",
                                "AutoSelectFirstRow" : false,
                                "CellTextWrapping" : false,
                                "ColumnFormat" : {
                                  "formatInfo" : [ {
                                    "Align" : "center",
                                    "AllowEdit" : false,
                                    "FieldName" : "Shift",
                                    "FormatOptions" : {
                                      "FormatString" : "0",
                                      "formatInfo" : {
                                        "FieldName" : "",
                                        "StateDefinition" : "",
                                        "StateDefinitionType" : "fixed",
                                        "StateFormats" : [ {
                                          "state" : "BayerCellStyle",
                                          "stateName" : "fixed"
                                        } ]
                                      },
                                      "renderer" : "NUMBER",
                                      "roundingEnabled" : true
                                    },
                                    "Title" : "[[Bayer.Shift]]",
                                    "ValidationExpression" : "",
                                    "ValidationMessage" : "",
                                    "Width" : "auto"
                                  }, {
                                    "Align" : "right",
                                    "AllowEdit" : false,
                                    "FieldName" : "Duration",
                                    "FormatOptions" : {
                                      "FormatString" : "0.00",
                                      "formatInfo" : {
                                        "FieldName" : "",
                                        "StateDefinition" : "",
                                        "StateDefinitionType" : "fixed",
                                        "StateFormats" : [ {
                                          "state" : "BayerCellStyle",
                                          "stateName" : "fixed"
                                        } ]
                                      },
                                      "renderer" : "NUMBER",
                                      "roundingEnabled" : true
                                    },
                                    "Title" : "[[Bayer.Duration]]",
                                    "ValidationExpression" : "",
                                    "ValidationMessage" : "",
                                    "Width" : "auto"
                                  }, {
                                    "Align" : "left",
                                    "AllowEdit" : false,
                                    "FieldName" : "IssueCategory",
                                    "FormatOptions" : {
                                      "FormatString" : "full",
                                      "formatInfo" : {
                                        "FieldName" : "",
                                        "StateDefinition" : "",
                                        "StateDefinitionType" : "fixed",
                                        "StateFormats" : [ {
                                          "state" : "BayerCellStyle",
                                          "stateName" : "fixed"
                                        } ]
                                      },
                                      "renderer" : "STRING",
                                      "roundingEnabled" : true
                                    },
                                    "Title" : "[[Bayer.IssueCategory]]",
                                    "ValidationExpression" : "",
                                    "ValidationMessage" : "",
                                    "Width" : "auto"
                                  }, {
                                    "Align" : "left",
                                    "AllowEdit" : false,
                                    "FieldName" : "IssueDescription",
                                    "FormatOptions" : {
                                      "FormatString" : "full",
                                      "formatInfo" : {
                                        "FieldName" : "",
                                        "StateDefinition" : "",
                                        "StateDefinitionType" : "fixed",
                                        "StateFormats" : [ {
                                          "state" : "BayerCellStyle",
                                          "stateName" : "fixed"
                                        } ]
                                      },
                                      "renderer" : "STRING",
                                      "roundingEnabled" : true
                                    },
                                    "Title" : "[[Bayer.IssueDescription]]",
                                    "ValidationExpression" : "",
                                    "ValidationMessage" : "",
                                    "Width" : "auto"
                                  }, {
                                    "Align" : "left",
                                    "AllowEdit" : false,
                                    "FieldName" : "IssueSolution",
                                    "FormatOptions" : {
                                      "FormatString" : "full",
                                      "formatInfo" : {
                                        "FieldName" : "",
                                        "StateDefinition" : "",
                                        "StateDefinitionType" : "fixed",
                                        "StateFormats" : [ {
                                          "state" : "BayerCellStyle",
                                          "stateName" : "fixed"
                                        } ]
                                      },
                                      "renderer" : "STRING",
                                      "roundingEnabled" : true
                                    },
                                    "Title" : "[[Bayer.IssueSolution]]",
                                    "ValidationExpression" : "",
                                    "ValidationMessage" : "",
                                    "Width" : "auto"
                                  } ]
                                },
                                "CurrentScrollTop" : 0,
                                "DisplayName" : "dhxgrid-26",
                                "FocusStyle" : "DefaultFocusStyle",
                                "GridBackgroundStyle" : "Bayer_GridBackgroundStyle",
                                "GridEditableFieldStyle" : "DefaultGridEditableFieldStyle",
                                "GridHeaderStyle" : "Bayer_GridHeader",
                                "GridHeaderTextCase" : "capitalize",
                                "GridInvalidFieldStyle" : "DefaultGridInvalidFieldStyle",
                                "Height" : 200,
                                "Id" : "dhxgrid-26",
                                "IsEditable" : false,
                                "IsPrintLayout" : false,
                                "Left" : 0,
                                "MultiSelect" : false,
                                "ResponsiveLayout" : true,
                                "RowAlternateBackgroundStyle" : "DefaultRowAlternateBackgroundStyle",
                                "RowBackgroundStyle" : "DefaultRowBackgroundStyle",
                                "RowFormat_StateParameters" : [ ],
                                "RowHeight" : 40,
                                "RowHoverStyle" : "DefaultRowHoverStyle",
                                "RowSelectedStyle" : "DefaultRowSelectedStyle",
                                "ScrollTop" : 0,
                                "ShowAllColumns" : false,
                                "ShowDataLoading" : true,
                                "TabSequence" : 0,
                                "Top" : 0,
                                "Type" : "dhxgrid",
                                "Visible" : true,
                                "Width" : 400,
                                "Z-index" : 10,
                                "__TypeDisplayName" : "Grid"
                              },
                              "Widgets" : [ ]
                            } ]
                          } ]
                        } ]
                      }, {
                        "Properties" : {
                          "AnimateExpandCollapse" : true,
                          "Area" : "UI",
                          "BGImageRepeat" : "no-repeat",
                          "BGImageSize" : "auto",
                          "DisplayName" : "Right Sidebar",
                          "ExpandCollapseTabLocation" : "outside",
                          "Expanded" : true,
                          "Id" : "container-9",
                          "MinHeight" : 0,
                          "MinWidth" : 0,
                          "Overlay" : false,
                          "OverlayIsTransparent" : false,
                          "ResponsiveLayout" : true,
                          "ShowDataLoading" : true,
                          "ShowExpandCollapseTab" : false,
                          "Style" : "DefaultContainerStyle",
                          "TabCollapseStyle" : "DefaultTabCollapseStyle",
                          "TabExpandStyle" : "DefaultTabExpandStyle",
                          "TabHeight" : 36,
                          "TabLocation" : "center",
                          "TabOffset" : 0,
                          "TabWidth" : 36,
                          "Type" : "container",
                          "Visible" : true,
                          "Z-index" : 10,
                          "__TypeDisplayName" : "Container",
                          "userCannotRemove" : true
                        },
                        "Widgets" : [ ]
                      } ]
                    } ]
                  }, {
                    "Properties" : {
                      "AnimateExpandCollapse" : true,
                      "Area" : "UI",
                      "BGImageRepeat" : "no-repeat",
                      "BGImageSize" : "auto",
                      "DisplayName" : "Footer",
                      "ExpandCollapseTabLocation" : "outside",
                      "Expanded" : true,
                      "Id" : "container-4",
                      "MinHeight" : 0,
                      "MinWidth" : 0,
                      "Overlay" : false,
                      "OverlayIsTransparent" : false,
                      "ResponsiveLayout" : true,
                      "ShowDataLoading" : true,
                      "ShowExpandCollapseTab" : false,
                      "Style" : "Bayer_LightBlueBg",
                      "TabCollapseStyle" : "DefaultTabCollapseStyle",
                      "TabExpandStyle" : "DefaultTabExpandStyle",
                      "TabHeight" : 36,
                      "TabLocation" : "center",
                      "TabOffset" : 0,
                      "TabWidth" : 36,
                      "Type" : "container",
                      "Visible" : true,
                      "Z-index" : 10,
                      "__TypeDisplayName" : "Container",
                      "userCannotRemove" : true
                    },
                    "Widgets" : [ {
                      "Properties" : {
                        "Area" : "UI",
                        "DisplayName" : "panel-31",
                        "Height" : 200,
                        "HideScrollbars" : false,
                        "HorizontalAnchor" : "left",
                        "Id" : "panel-31",
                        "Left" : 460,
                        "ResponsiveLayout" : true,
                        "ShowDataLoading" : true,
                        "Style" : "Bayer_BlueBg",
                        "Top" : 15,
                        "Type" : "panel",
                        "VerticalAnchor" : "top",
                        "Visible" : true,
                        "Width" : 300,
                        "Z-index" : 10,
                        "__TypeDisplayName" : "Panel"
                      },
                      "Widgets" : [ ]
                    } ]
                  } ]
                } ]
              },
              "mashupType" : "mashup"
            }
            ]]>
            </mashupContent>
            <preview></preview>
        </Mashup>
    </Mashups>
</Entities>
