<?xml version="1.0" encoding="UTF-8"?>
<Entities
 build="b2319"
 majorVersion="8"
 minorVersion="4"
 modelPersistenceProviderPackage="PostgresPersistenceProviderPackage"
 revision="4"
 schemaVersion="1041"
 universal="">
    <StateDefinitions>
        <StateDefinition
         description=""
         documentationContent=""
         homeMashup=""
         lastModifiedDate="2019-12-16T15:59:22.275Z"
         name="BayerMaintenanceTicketStatusGaugeState"
         projectName="BayerIoT"
         tags="Applications:Bayer">
            <avatar></avatar>
            <DesignTimePermissions>
                <Create></Create>
                <Read></Read>
                <Update></Update>
                <Delete></Delete>
                <Metadata></Metadata>
            </DesignTimePermissions>
            <RunTimePermissions></RunTimePermissions>
            <VisibilityPermissions>
                <Visibility>
                    <Principal
                     isPermitted="true"
                     name="Bayer:PerformanceDashboard"
                     type="OrganizationalUnit"></Principal>
                </Visibility>
            </VisibilityPermissions>
            <ConfigurationTableDefinitions></ConfigurationTableDefinitions>
            <ConfigurationTables></ConfigurationTables>
            <content>
            <![CDATA[
            {
              "stateDefinitions" : [ {
                "defaultStyleDefinition" : "StatusError",
                "defaultValue" : "Open",
                "description" : "",
                "displayString" : "Open",
                "name" : ""
              }, {
                "defaultStyleDefinition" : "StatusBusy",
                "defaultValue" : "Pending",
                "description" : "",
                "displayString" : "Pending",
                "name" : ""
              }, {
                "defaultStyleDefinition" : "StatusAvailable",
                "defaultValue" : "Closed",
                "description" : "",
                "displayString" : "Closed",
                "name" : ""
              }, {
                "defaultStyleDefinition" : "StatusError",
                "description" : "",
                "displayString" : "",
                "name" : ""
              } ],
              "stateType" : "string"
            }
            ]]>
            </content>
        </StateDefinition>
    </StateDefinitions>
</Entities>
