<?xml version="1.0" encoding="UTF-8"?>
<Entities
 build="b222"
 majorVersion="8"
 minorVersion="5"
 modelPersistenceProviderPackage="PostgresPersistenceProviderPackage"
 revision="4"
 schemaVersion="1053"
 universal="">
    <Mashups>
        <Mashup
         aspect.isResponsive="true"
         aspect.mashupType="mashup"
         columns="0.0"
         description="plan for shift legend"
         documentationContent=""
         homeMashup=""
         lastModifiedDate="2021-02-23T04:55:01.286Z"
         name="BayerShiftPlanLegendCell"
         projectName="BayerIoT"
         rows="0.0"
         tags="Applications:Bayer">
            <avatar></avatar>
            <DesignTimePermissions>
                <Create></Create>
                <Read>
                    <Principal
                     isPermitted="true"
                     name="App.BayerPerformanceDashboard"
                     type="Group"></Principal>
                </Read>
                <Update></Update>
                <Delete></Delete>
                <Metadata></Metadata>
            </DesignTimePermissions>
            <RunTimePermissions></RunTimePermissions>
            <VisibilityPermissions>
                <Visibility>
                    <Principal
                     isPermitted="true"
                     name="Bayer:PerformanceDashboard"
                     type="OrganizationalUnit"></Principal>
                </Visibility>
            </VisibilityPermissions>
            <ConfigurationTableDefinitions></ConfigurationTableDefinitions>
            <ConfigurationTables></ConfigurationTables>
            <ParameterDefinitions>
                <FieldDefinition
                 aspect.ordinal="1"
                 baseType="STRING"
                 description=""
                 name="productDescription"
                 ordinal="0"></FieldDefinition>
                <FieldDefinition
                 aspect.ordinal="0"
                 baseType="STRING"
                 description=""
                 name="sectionColorState"
                 ordinal="0"></FieldDefinition>
            </ParameterDefinitions>
            <Things></Things>
            <ThingShapes></ThingShapes>
            <ThingTemplates></ThingTemplates>
            <mashupContent>
            <![CDATA[
            {
              "CustomMashupCss" : "",
              "Data" : {
                "Session" : {
                  "DataName" : "Session",
                  "EntityName" : "",
                  "EntityType" : "Session",
                  "Id" : "session",
                  "Services" : [ {
                    "APIMethod" : "post",
                    "Characteristic" : "Services",
                    "Id" : "SessionInterface",
                    "Name" : "GetGlobalSessionValues",
                    "Parameters" : { },
                    "RefreshInterval" : 0,
                    "Target" : "GetGlobalSessionValues"
                  } ]
                },
                "UserExtensions" : {
                  "DataName" : "UserExtensions",
                  "EntityName" : "",
                  "EntityType" : "UserExtensions",
                  "Id" : "UserExtensions",
                  "Services" : [ {
                    "APIMethod" : "post",
                    "Characteristic" : "Services",
                    "Id" : "UserExtensionInterface",
                    "Name" : "GetCurrentUserExtensionProperties",
                    "Parameters" : { },
                    "RefreshInterval" : 0,
                    "Target" : "GetCurrentUserExtensionProperties"
                  } ]
                }
              },
              "DataBindings" : [ {
                "Id" : "1683947c-6fa8-448b-9ad4-f9b10224e9f5",
                "PropertyMaps" : [ {
                  "SourceProperty" : "sectionColorState",
                  "SourcePropertyBaseType" : "STRING",
                  "TargetProperty" : "Data",
                  "TargetPropertyBaseType" : "ANYSCALAR"
                } ],
                "SourceArea" : "Mashup",
                "SourceId" : "mashup-root",
                "SourceSection" : "",
                "TargetArea" : "UI",
                "TargetId" : "shape-11",
                "TargetSection" : ""
              }, {
                "Id" : "924c26ab-d8ae-4ae0-8a7f-f8699115c34a",
                "PropertyMaps" : [ {
                  "SourceProperty" : "productDescription",
                  "SourcePropertyBaseType" : "STRING",
                  "SourcePropertyType" : "Property",
                  "TargetProperty" : "Data",
                  "TargetPropertyBaseType" : "ANYSCALAR",
                  "TargetPropertyType" : "property"
                } ],
                "SourceArea" : "Mashup",
                "SourceId" : "mashup-root",
                "SourceSection" : "",
                "TargetArea" : "UI",
                "TargetId" : "valuedisplay-4",
                "TargetSection" : ""
              } ],
              "DesignTimePermissions" : {
                "Create" : [ ],
                "Delete" : [ ],
                "Metadata" : [ ],
                "Read" : [ ],
                "Update" : [ ]
              },
              "Events" : [ ],
              "RunTimePermissions" : {
                "permissions" : [ ]
              },
              "UI" : {
                "Properties" : {
                  "AddToDashboardButton" : "SimplePlus",
                  "AddToDashboardButtonStyle" : "DefaultAddToDashboardButtonStyle",
                  "Area" : "Mashup",
                  "BGImage" : "",
                  "BGImageRepeat" : "repeat",
                  "BGImageSize" : "auto",
                  "Columns" : 0,
                  "ConfigureGadgetButton" : "SimpleGear",
                  "ConfigureGadgetButtonStyle" : "DefaultConfigureGadgetButtonStyle",
                  "CustomClass" : "",
                  "DisplayName" : "Mashup",
                  "EnableParameterEditing" : false,
                  "Height" : 618,
                  "Id" : "mashup-root",
                  "IgnoreWarningsInViewMashup" : false,
                  "IsPrintLayout" : false,
                  "Left" : 0,
                  "MashupToEditGadget" : "DefaultMashupToEditGadget",
                  "MinHeight" : 0,
                  "MinWidth" : 0,
                  "ResponsiveLayout" : true,
                  "Rows" : 0,
                  "ShowDataLoading" : true,
                  "Style" : "DefaultContainerStyle",
                  "StyleTheme" : "Base Theme",
                  "Title" : "",
                  "TitleBar" : false,
                  "TitleBarStyle" : "DefaultTitleBarStyle",
                  "TitleBarText" : "Gadget Title Here",
                  "Top" : 0,
                  "Type" : "mashup",
                  "UseThemeForHybrids" : false,
                  "Visible" : true,
                  "Width" : 1024,
                  "Z-index" : 10,
                  "__TypeDisplayName" : "Mashup",
                  "_currentParameterDefs" : [ {
                    "BaseType" : "STRING",
                    "Description" : "",
                    "ParameterName" : "sectionColorState"
                  }, {
                    "BaseType" : "STRING",
                    "Description" : "",
                    "ParameterName" : "productDescription"
                  } ],
                  "id_index" : 11,
                  "supportsAutoResize" : true
                },
                "Widgets" : [ {
                  "Properties" : {
                    "Area" : "UI",
                    "Columns" : 1,
                    "DisplayName" : "layout-5",
                    "Footer" : false,
                    "FooterHeight" : 0,
                    "Header" : false,
                    "HeaderHeight" : 0,
                    "Id" : "layout-5",
                    "IncludeSpacingInFixedAreas" : false,
                    "IsPrintLayout" : false,
                    "Left" : 565,
                    "LeftSidebar" : true,
                    "LeftSidebarWidth" : 15,
                    "Orientation" : "horizontal",
                    "PctColumn1" : 100,
                    "PctColumn2" : 0,
                    "PctColumn3" : 1,
                    "PctColumn4" : 1,
                    "PctColumn5" : 1,
                    "PctColumn6" : 1,
                    "PctColumn7" : 1,
                    "PctColumn8" : 1,
                    "PctRow1" : 50,
                    "PctRow2" : 50,
                    "PctRow3" : 0,
                    "PctRow4" : 0,
                    "PctRow5" : 0,
                    "PctRow6" : 0,
                    "PctRow7" : 0,
                    "PctRow8" : 0,
                    "PrintMarginLeftRight" : 0.5,
                    "PrintMarginTopBottom" : 0.5,
                    "PrintWidth" : 650,
                    "ResponsiveLayout" : true,
                    "RightSidebar" : false,
                    "RightSidebarWidth" : 0,
                    "Rows" : 0,
                    "ShowDataLoading" : true,
                    "Spacing" : 0,
                    "Top" : 120,
                    "Type" : "layout",
                    "Visible" : true,
                    "Z-index" : 10,
                    "__TypeDisplayName" : "Layout"
                  },
                  "Widgets" : [ {
                    "Properties" : {
                      "AnimateExpandCollapse" : true,
                      "Area" : "UI",
                      "BGImageRepeat" : "no-repeat",
                      "BGImageSize" : "auto",
                      "DisplayName" : "Left Sidebar",
                      "ExpandCollapseTabLocation" : "outside",
                      "Expanded" : true,
                      "Id" : "container-7",
                      "MinHeight" : 0,
                      "MinWidth" : 0,
                      "Overlay" : false,
                      "OverlayIsTransparent" : false,
                      "ResponsiveLayout" : true,
                      "ShowDataLoading" : true,
                      "ShowExpandCollapseTab" : false,
                      "Style" : "DefaultContainerStyle",
                      "TabCollapseStyle" : "DefaultTabCollapseStyle",
                      "TabExpandStyle" : "DefaultTabExpandStyle",
                      "TabHeight" : 36,
                      "TabLocation" : "center",
                      "TabOffset" : 0,
                      "TabWidth" : 36,
                      "Type" : "container",
                      "Visible" : true,
                      "Z-index" : 10,
                      "__TypeDisplayName" : "Container",
                      "userCannotRemove" : true
                    },
                    "Widgets" : [ {
                      "Properties" : {
                        "Area" : "UI",
                        "DisplayName" : "shape-11",
                        "DynamicFillOrientation" : "vertical",
                        "DynamicRangeMaximum" : 100,
                        "DynamicRangeMinimum" : 0,
                        "EnableDynamicFill" : false,
                        "GradientOrientation" : "vertical",
                        "GradientType" : "linear",
                        "Height" : 50,
                        "Id" : "shape-11",
                        "Left" : 25,
                        "RectangleCornerRadius" : 10,
                        "ResponsiveLayout" : true,
                        "ShapeFormatter" : {
                          "FieldName" : "sectionColorState",
                          "StateDefinition" : "BayerShiftPlanSectionColorStateFormatting",
                          "StateDefinitionType" : "string",
                          "StateFormats" : [ {
                            "comparator" : "==",
                            "state" : "Bayer_Tooltip_Grey",
                            "stateName" : "",
                            "value" : "Cambio"
                          }, {
                            "comparator" : "==",
                            "state" : "Bayer_Tooltip_Blue",
                            "stateName" : "",
                            "value" : "XARELTO"
                          }, {
                            "comparator" : "==",
                            "state" : "Bayer_Tooltip_Blue3",
                            "stateName" : "",
                            "value" : "GLUCOBAY"
                          }, {
                            "comparator" : "==",
                            "state" : "Bayer_Tooltip_Orange",
                            "stateName" : "",
                            "value" : "NEXAVAR"
                          }, {
                            "comparator" : "==",
                            "state" : "Bayer_Color_Green",
                            "stateName" : "",
                            "value" : "ASPIRIN"
                          }, {
                            "comparator" : "==",
                            "state" : "Bayer_Color_Purple",
                            "stateName" : "",
                            "value" : "ADALAT"
                          }, {
                            "comparator" : "==",
                            "state" : "Bayer_Color_Brown",
                            "stateName" : "",
                            "value" : "NIMOTOP"
                          }, {
                            "comparator" : "==",
                            "state" : "Bayer_Color_Red",
                            "stateName" : "",
                            "value" : "red"
                          }, {
                            "comparator" : "==",
                            "state" : "Bayer_Color_Pink",
                            "stateName" : "",
                            "value" : "pink"
                          }, {
                            "comparator" : "==",
                            "state" : "Bayer_Color_DeepPurple",
                            "stateName" : "",
                            "value" : "deeppurple"
                          }, {
                            "comparator" : "==",
                            "state" : "Bayer_Color_Indigo",
                            "stateName" : "",
                            "value" : "indigo"
                          }, {
                            "comparator" : "==",
                            "state" : "Bayer_Color_Cyan",
                            "stateName" : "",
                            "value" : "cyan"
                          }, {
                            "comparator" : "==",
                            "state" : "Bayer_Color_Teal",
                            "stateName" : "",
                            "value" : "teal"
                          }, {
                            "comparator" : "==",
                            "state" : "Bayer_Color_Lime",
                            "stateName" : "",
                            "value" : "lime"
                          }, {
                            "comparator" : "==",
                            "state" : "Bayer_Color_BlueGrey",
                            "stateName" : "",
                            "value" : "bluegrey"
                          }, {
                            "comparator" : "==",
                            "state" : "Bayer_Color_Yellow",
                            "stateName" : "",
                            "value" : "yellow"
                          }, {
                            "comparator" : "==",
                            "state" : "Bayer_Color_Amber",
                            "stateName" : "",
                            "value" : "amber"
                          }, {
                            "comparator" : "==",
                            "state" : "Bayer_Color_LightBlue",
                            "stateName" : "",
                            "value" : "lightblue"
                          }, {
                            "comparator" : "==",
                            "state" : "Bayer_Color_Grey1",
                            "stateName" : "",
                            "value" : "grey1"
                          }, {
                            "comparator" : "==",
                            "state" : "Bayer_Color_Grey2",
                            "stateName" : "",
                            "value" : "grey2"
                          }, {
                            "comparator" : "==",
                            "state" : "Bayer_Color_Grey3",
                            "stateName" : "",
                            "value" : "grey3"
                          }, {
                            "state" : "Bayer_Tooltip_Black",
                            "stateName" : ""
                          } ]
                        },
                        "ShapeFormatter_StateParameters" : [ ],
                        "ShapeStyle" : "DefaultChartStyle",
                        "ShapeType" : "rectangle",
                        "ShowDataLoading" : true,
                        "Top" : 165,
                        "Type" : "shape",
                        "UnfilledBackgroundStyle" : "DefaultShapeUnfilledBackgroundStyle",
                        "Visible" : true,
                        "Width" : 50,
                        "Z-index" : 10,
                        "__TypeDisplayName" : "Shape"
                      },
                      "Widgets" : [ ]
                    } ]
                  }, {
                    "Properties" : {
                      "AnimateExpandCollapse" : true,
                      "Area" : "UI",
                      "BGImageRepeat" : "no-repeat",
                      "BGImageSize" : "auto",
                      "DisplayName" : "Column 1",
                      "ExpandCollapseTabLocation" : "outside",
                      "Expanded" : true,
                      "Id" : "container-6",
                      "MinHeight" : 0,
                      "MinWidth" : 0,
                      "Overlay" : false,
                      "OverlayIsTransparent" : false,
                      "ResponsiveLayout" : true,
                      "ShowDataLoading" : true,
                      "ShowExpandCollapseTab" : false,
                      "Style" : "Bayer_WhiteBg",
                      "TabCollapseStyle" : "DefaultTabCollapseStyle",
                      "TabExpandStyle" : "DefaultTabExpandStyle",
                      "TabHeight" : 36,
                      "TabLocation" : "center",
                      "TabOffset" : 0,
                      "TabWidth" : 36,
                      "Type" : "container",
                      "Visible" : true,
                      "Z-index" : 10,
                      "__TypeDisplayName" : "Container",
                      "userCannotRemove" : true
                    },
                    "Widgets" : [ {
                      "Properties" : {
                        "Area" : "UI",
                        "Columns" : 1,
                        "DisplayName" : "layout-8",
                        "Footer" : false,
                        "FooterHeight" : 0,
                        "Header" : false,
                        "HeaderHeight" : 0,
                        "Id" : "layout-8",
                        "IncludeSpacingInFixedAreas" : false,
                        "IsPrintLayout" : false,
                        "Left" : 370,
                        "LeftSidebar" : true,
                        "LeftSidebarWidth" : 5,
                        "Orientation" : "horizontal",
                        "PctColumn1" : 100,
                        "PctColumn2" : 0,
                        "PctColumn3" : 1,
                        "PctColumn4" : 1,
                        "PctColumn5" : 1,
                        "PctColumn6" : 1,
                        "PctColumn7" : 1,
                        "PctColumn8" : 1,
                        "PctRow1" : 50,
                        "PctRow2" : 50,
                        "PctRow3" : 0,
                        "PctRow4" : 0,
                        "PctRow5" : 0,
                        "PctRow6" : 0,
                        "PctRow7" : 0,
                        "PctRow8" : 0,
                        "PrintMarginLeftRight" : 0.5,
                        "PrintMarginTopBottom" : 0.5,
                        "PrintWidth" : 650,
                        "ResponsiveLayout" : true,
                        "RightSidebar" : false,
                        "RightSidebarWidth" : 0,
                        "Rows" : 0,
                        "ShowDataLoading" : true,
                        "Spacing" : 0,
                        "Top" : 115,
                        "Type" : "layout",
                        "Visible" : true,
                        "Z-index" : 10,
                        "__TypeDisplayName" : "Layout"
                      },
                      "Widgets" : [ {
                        "Properties" : {
                          "AnimateExpandCollapse" : true,
                          "Area" : "UI",
                          "BGImageRepeat" : "no-repeat",
                          "BGImageSize" : "auto",
                          "DisplayName" : "Left Sidebar",
                          "ExpandCollapseTabLocation" : "outside",
                          "Expanded" : true,
                          "Id" : "container-9",
                          "MinHeight" : 0,
                          "MinWidth" : 0,
                          "Overlay" : false,
                          "OverlayIsTransparent" : false,
                          "ResponsiveLayout" : true,
                          "ShowDataLoading" : true,
                          "ShowExpandCollapseTab" : false,
                          "Style" : "DefaultContainerStyle",
                          "TabCollapseStyle" : "DefaultTabCollapseStyle",
                          "TabExpandStyle" : "DefaultTabExpandStyle",
                          "TabHeight" : 36,
                          "TabLocation" : "center",
                          "TabOffset" : 0,
                          "TabWidth" : 36,
                          "Type" : "container",
                          "Visible" : true,
                          "Z-index" : 10,
                          "__TypeDisplayName" : "Container",
                          "userCannotRemove" : true
                        },
                        "Widgets" : [ ]
                      }, {
                        "Properties" : {
                          "AnimateExpandCollapse" : true,
                          "Area" : "UI",
                          "BGImageRepeat" : "no-repeat",
                          "BGImageSize" : "auto",
                          "DisplayName" : "Column 1",
                          "ExpandCollapseTabLocation" : "outside",
                          "Expanded" : true,
                          "Id" : "container-10",
                          "MinHeight" : 0,
                          "MinWidth" : 0,
                          "Overlay" : false,
                          "OverlayIsTransparent" : false,
                          "ResponsiveLayout" : true,
                          "ShowDataLoading" : true,
                          "ShowExpandCollapseTab" : false,
                          "Style" : "DefaultContainerStyle",
                          "TabCollapseStyle" : "DefaultTabCollapseStyle",
                          "TabExpandStyle" : "DefaultTabExpandStyle",
                          "TabHeight" : 36,
                          "TabLocation" : "center",
                          "TabOffset" : 0,
                          "TabWidth" : 36,
                          "Type" : "container",
                          "Visible" : true,
                          "Z-index" : 10,
                          "__TypeDisplayName" : "Container",
                          "userCannotRemove" : true
                        },
                        "Widgets" : [ {
                          "Properties" : {
                            "Alignment" : "left",
                            "Area" : "UI",
                            "BackgroundFill" : "content",
                            "CustomClass" : "",
                            "DisplayName" : "valuedisplay-4",
                            "Height" : 90,
                            "Id" : "valuedisplay-4",
                            "ImageScaling" : "Width",
                            "Label" : "",
                            "LabelAlignment" : "left",
                            "Left" : 4,
                            "Overflow" : "hidden",
                            "ResponsiveLayout" : true,
                            "ShowDataLoading" : true,
                            "TextIfNoValue" : "",
                            "TextIfNoValueOffset" : 0,
                            "TextIfNoValueStyle" : {
                              "backgroundColor" : "",
                              "displayString" : "",
                              "fontEmphasisBold" : false,
                              "fontEmphasisItalic" : false,
                              "fontEmphasisUnderline" : false,
                              "foregroundColor" : "#333333",
                              "image" : "",
                              "lineColor" : "",
                              "lineStyle" : "solid",
                              "lineThickness" : 1,
                              "secondaryBackgroundColor" : "",
                              "textSize" : "large"
                            },
                            "TextWrap" : true,
                            "ToolTipField" : "",
                            "ToolTipStyle" : "DefaultTooltipStyle",
                            "Top" : 4,
                            "Type" : "valuedisplay",
                            "ValueDisplayLabelStyle" : "DefaultWidgetLabelStyle",
                            "ValueDisplayStyle" : {
                              "backgroundColor" : "",
                              "displayString" : "",
                              "fontEmphasisBold" : false,
                              "fontEmphasisItalic" : false,
                              "fontEmphasisUnderline" : false,
                              "foregroundColor" : "#333333",
                              "image" : "",
                              "lineColor" : "",
                              "lineStyle" : "solid",
                              "lineThickness" : 1,
                              "secondaryBackgroundColor" : "",
                              "textSize" : "large"
                            },
                            "ValueFormat" : {
                              "FormatString" : "limit20",
                              "formatInfo" : {
                                "FieldName" : "",
                                "StateDefinition" : "",
                                "StateDefinitionType" : "fixed",
                                "StateFormats" : [ {
                                  "state" : "",
                                  "stateName" : "fixed"
                                } ]
                              },
                              "renderer" : "STRING",
                              "roundingEnabled" : true
                            },
                            "ValueFormat_StateParameters" : [ ],
                            "VerticalAlignment" : "middle",
                            "Visible" : true,
                            "Width" : 180,
                            "Z-index" : 6,
                            "__TypeDisplayName" : "Value Display",
                            "__supportsLabel" : true,
                            "__supportsTooltip" : true
                          },
                          "Widgets" : [ ]
                        } ]
                      } ]
                    } ]
                  } ]
                } ]
              },
              "mashupType" : "mashup"
            }
            ]]>
            </mashupContent>
            <preview></preview>
        </Mashup>
    </Mashups>
</Entities>
