<?xml version="1.0" encoding="UTF-8" standalone="no"?>
<Entities build="b2319" majorVersion="8" minorVersion="4" modelPersistenceProviderPackage="PostgresPersistenceProviderPackage" revision="4" schemaVersion="1041" universal="">
    <Things>
        <Thing description="Executes every 1 minute at 2 seconds." documentationContent="" effectiveThingPackage="SchedulerThing" enabled="true" homeMashup="" identifier="" lastModifiedDate="2019-10-03T14:39:10.868Z" name="BayerSchedulerThing" projectName="BayerIoT" published="false" tags="Applications:Bayer" thingTemplate="Scheduler" valueStream="">
            <avatar/>
            <DesignTimePermissions>
                <Create/>
                <Read/>
                <Update/>
                <Delete/>
                <Metadata/>
            </DesignTimePermissions>
            <RunTimePermissions/>
            <VisibilityPermissions>
                <Visibility/>
            </VisibilityPermissions>
            <ConfigurationTableDefinitions/>
            <ConfigurationTables>
                <ConfigurationTable description="General Settings" isMultiRow="false" name="Settings" ordinal="0">
                    <DataShape>
                        <FieldDefinitions>
                            <FieldDefinition aspect.defaultValue="true" baseType="BOOLEAN" description="Automatically enable scheduler on startup" name="enabled" ordinal="0"/>
                            <FieldDefinition baseType="USERNAME" description="User context in which to run event handlers" name="runAsUser" ordinal="0"/>
                            <FieldDefinition aspect.defaultValue="0 0/1 * * * ?" baseType="SCHEDULE" description="Execution Schedule (Cron String)" name="schedule" ordinal="0"/>
                        </FieldDefinitions>
                    </DataShape>
                    <Rows>
                        <Row>
                            <enabled>true</enabled>
                            <runAsUser>
                            <![CDATA[
                            BayerSchedulerUser
                            ]]>
                            </runAsUser>
                            <schedule>
                            <![CDATA[
                            2 0/1 * * * ? *
                            ]]>
                            </schedule>
                        </Row>
                    </Rows>
                </ConfigurationTable>
            </ConfigurationTables>
            <ThingShape>
                <PropertyDefinitions/>
                <ServiceDefinitions/>
                <EventDefinitions/>
                <ServiceMappings/>
                <ServiceImplementations/>
                <Subscriptions/>
            </ThingShape>
            <PropertyBindings/>
            <RemotePropertyBindings/>
            <RemoteServiceBindings/>
            <RemoteEventBindings/>
            <AlertConfigurations/>
            <ImplementedShapes/>
            <ThingProperties/>
        </Thing>
    </Things>
</Entities>
