<?xml version="1.0" encoding="UTF-8" standalone="no"?>
<Entities build="b2319" majorVersion="8" minorVersion="4" modelPersistenceProviderPackage="PostgresPersistenceProviderPackage" revision="4" schemaVersion="1041" universal="">
    <Things>
        <Thing description="Mail server configuration for sending notifications" documentationContent="" effectiveThingPackage="MailThing" enabled="true" homeMashup="" identifier="" lastModifiedDate="2019-10-11T11:34:01.821Z" name="BayerMailServer" projectName="BayerIoT" published="false" tags="Applications:Bayer" thingTemplate="MailServer" valueStream="">
            <avatar/>
            <DesignTimePermissions>
                <Create/>
                <Read/>
                <Update/>
                <Delete/>
                <Metadata/>
            </DesignTimePermissions>
            <RunTimePermissions>
                <Permissions resourceName="*">
                    <PropertyRead>
                        <Principal isPermitted="true" name="System" type="User"/>
                    </PropertyRead>
                    <PropertyWrite/>
                    <ServiceInvoke>
                        <Principal isPermitted="true" name="System" type="User"/>
                    </ServiceInvoke>
                    <EventInvoke/>
                    <EventSubscribe/>
                </Permissions>
            </RunTimePermissions>
            <VisibilityPermissions>
                <Visibility>
                    <Principal isPermitted="true" name="Bayer:PerformanceDashboard" type="OrganizationalUnit"/>
                </Visibility>
            </VisibilityPermissions>
            <ConfigurationTableDefinitions/>
            <ConfigurationTables>
                <ConfigurationTable description="Mail Server Connection Parameters" isMultiRow="false" name="ConnectionInfo" ordinal="0">
                    <DataShape>
                        <FieldDefinitions>
                            <FieldDefinition aspect.defaultValue="account@domain.com" aspect.friendlyName="Mail Account User" baseType="STRING" description="Mail account user id" name="accountId" ordinal="6"/>
                            <FieldDefinition aspect.friendlyName="Mail Account Password" baseType="PASSWORD" description="Mail account password" name="accountPassword" ordinal="7"/>
                            <FieldDefinition aspect.defaultValue="30000.0" aspect.friendlyName="Connection Timeout" baseType="NUMBER" description="Timeout (milliseconds) to establish a connection" name="connectionTimeout" ordinal="9"/>
                            <FieldDefinition aspect.friendlyName="Default From Field" baseType="STRING" description="Default From field" name="defaultFrom" ordinal="8"/>
                            <FieldDefinition aspect.defaultValue="SystemRepository" aspect.friendlyName="Attachment File Repository" baseType="THINGNAME" description="File Repository for recieved attachments" name="fileRepository" ordinal="13"/>
                            <FieldDefinition aspect.defaultValue="30000.0" aspect.friendlyName="Operation Timeout" baseType="NUMBER" description="Timeout (milliseconds) to perform an operation" name="operationTimeout" ordinal="10"/>
                            <FieldDefinition aspect.defaultValue="110.0" aspect.friendlyName="POP3 Server Port" baseType="NUMBER" description="POP3 server port" name="pop3Port" ordinal="3"/>
                            <FieldDefinition aspect.defaultValue="pop3.domain.com" aspect.friendlyName="POP3 Server" baseType="STRING" description="POP3 server name" name="pop3Server" ordinal="2"/>
                            <FieldDefinition aspect.defaultValue="80.0" aspect.friendlyName="SMTP Server Port" baseType="NUMBER" description="SMTP server port" name="smtpPort" ordinal="1"/>
                            <FieldDefinition aspect.defaultValue="smtp.domain.com" aspect.friendlyName="SMTP Server" baseType="STRING" description="SMTP server name" name="smtpServer" ordinal="0"/>
                            <FieldDefinition aspect.defaultValue="" aspect.friendlyName="Socks Host" baseType="STRING" description="Specifies the host name of a SOCKS5 proxy server that will be used for connections to the mail server" name="socksHost" ordinal="11"/>
                            <FieldDefinition aspect.defaultValue="1080.0" aspect.friendlyName="Socks Port" baseType="NUMBER" description="Specifies the port number for the SOCKS5 proxy server" name="socksPort" ordinal="12"/>
                            <FieldDefinition aspect.defaultValue="false" aspect.friendlyName="Use SSL" baseType="BOOLEAN" description="Use an SSL connection" name="useSSL" ordinal="5"/>
                            <FieldDefinition aspect.defaultValue="false" aspect.friendlyName="Use TLS" baseType="BOOLEAN" description="Use transport layer security" name="useTLS" ordinal="4"/>
                        </FieldDefinitions>
                    </DataShape>
                    <Rows>
                        <Row>
                            <accountId>
                            <![CDATA[
                            apikey
                            ]]>
                            </accountId>
                            <accountPassword>
                            <![CDATA[
                            8kKd1WMgU/SsOwNBhyNtsg==:UHbBToqqMNkefpssyd7ZTLL0KZV4LYH0FlXJ4OFS0vhWXjMnv5bDPYF9Qh0B/zaZhqcaRwNcpqWP
                            ZxExz6PXqRFFO/lTU0XLNsyzK37kkDQ=
                            ]]>
                            </accountPassword>
                            <connectionTimeout>30000.0</connectionTimeout>
                            <defaultFrom>
                            <![CDATA[
                            lstrzelecki@ptc.com
                            ]]>
                            </defaultFrom>
                            <fileRepository>
                            <![CDATA[
                            SystemRepository
                            ]]>
                            </fileRepository>
                            <operationTimeout>30000.0</operationTimeout>
                            <pop3Port>110.0</pop3Port>
                            <pop3Server/>
                            <smtpPort>465.0</smtpPort>
                            <smtpServer>
                            <![CDATA[
                            smtp.sendgrid.net
                            ]]>
                            </smtpServer>
                            <socksHost/>
                            <socksPort>1080.0</socksPort>
                            <useSSL>true</useSSL>
                            <useTLS>false</useTLS>
                        </Row>
                    </Rows>
                </ConfigurationTable>
                <ConfigurationTable description="Configurable options for notification handling" isHidden="true" isMultiRow="true" name="Handlers" ordinal="1">
                    <DataShape>
                        <FieldDefinitions>
                            <FieldDefinition aspect.friendlyName="Configuration" baseType="DATASHAPENAME" description="The name of the data shape representing configuration data for the handler" name="configuration" ordinal="3"/>
                            <FieldDefinition aspect.friendlyName="Handler ID" baseType="GUID" description="The identifier for the type of supported notification handler" name="handlerID" ordinal="0"/>
                            <FieldDefinition aspect.friendlyName="Localized Name" baseType="STRING" description="The localized name for the type of notifications handler" name="localizedName" ordinal="1"/>
                            <FieldDefinition aspect.friendlyName="Service Name" baseType="STRING" description="The name of the service for sending notifications on the handler" name="serviceName" ordinal="2"/>
                        </FieldDefinitions>
                    </DataShape>
                    <Rows>
                        <Row>
                            <configuration>
                            <![CDATA[
                            EmailContent
                            ]]>
                            </configuration>
                            <handlerID>
                            <![CDATA[
                            3f7f0fbf-2da7-46f1-8035-3d0cb37d43cf
                            ]]>
                            </handlerID>
                            <localizedName>
                            <![CDATA[
                            [[notificationHandlers.email]]
                            ]]>
                            </localizedName>
                            <serviceName>
                            <![CDATA[
                            Notify
                            ]]>
                            </serviceName>
                        </Row>
                    </Rows>
                </ConfigurationTable>
            </ConfigurationTables>
            <ThingShape>
                <PropertyDefinitions/>
                <ServiceDefinitions/>
                <EventDefinitions/>
                <ServiceMappings/>
                <ServiceImplementations/>
                <Subscriptions/>
            </ThingShape>
            <PropertyBindings/>
            <RemotePropertyBindings/>
            <RemoteServiceBindings/>
            <RemoteEventBindings/>
            <AlertConfigurations/>
            <ImplementedShapes/>
            <ThingProperties/>
        </Thing>
    </Things>
</Entities>
