<?xml version="1.0" encoding="UTF-8" standalone="no"?>
<Entities build="b222" majorVersion="8" minorVersion="5" modelPersistenceProviderPackage="PostgresPersistenceProviderPackage" revision="4" schemaVersion="1053" universal="">
    <DataShapes>
        <DataShape baseDataShape="" description="Production Plan Columns" documentationContent="" homeMashup="" lastModifiedDate="2021-02-23T04:55:01.192Z" name="BayerProductionPlanDataShape" projectName="BayerIoT" tags="Applications:Bayer">
            <avatar/>
            <DesignTimePermissions>
                <Create/>
                <Read>
                    <Principal isPermitted="true" name="App.BayerPerformanceDashboard" type="Group"/>
                </Read>
                <Update/>
                <Delete/>
                <Metadata/>
            </DesignTimePermissions>
            <RunTimePermissions>
                <Permissions resourceName="GetFieldDefinitions">
                    <PropertyRead/>
                    <PropertyWrite/>
                    <ServiceInvoke>
                        <Principal isPermitted="true" name="App.BayerPerformanceDashboard" type="Group"/>
                    </ServiceInvoke>
                    <EventInvoke/>
                    <EventSubscribe/>
                </Permissions>
            </RunTimePermissions>
            <VisibilityPermissions>
                <Visibility>
                    <Principal isPermitted="true" name="Bayer:PerformanceDashboard" type="OrganizationalUnit"/>
                </Visibility>
            </VisibilityPermissions>
            <ConfigurationTableDefinitions/>
            <ConfigurationTables/>
            <FieldDefinitions>
                <FieldDefinition baseType="STRING" description="" name="activeMaterialNumber" ordinal="18"/>
                <FieldDefinition aspect.isPrimaryKey="false" baseType="INTEGER" description="" name="blistersPerFoldedBox" ordinal="21"/>
                <FieldDefinition baseType="STRING" description="" name="blisterType" ordinal="19"/>
                <FieldDefinition aspect.isPrimaryKey="false" baseType="STRING" description="" name="commentFirstLine" ordinal="23"/>
                <FieldDefinition baseType="DATETIME" description="" name="endTime" ordinal="17"/>
                <FieldDefinition baseType="STRING" description="" name="foldedBoxFormat" ordinal="20"/>
                <FieldDefinition aspect.isPrimaryKey="true" baseType="INTEGER" description="" name="id" ordinal="1"/>
                <FieldDefinition aspect.isPrimaryKey="false" baseType="BOOLEAN" description="" name="ifQuantityChanged" ordinal="29"/>
                <FieldDefinition aspect.isPrimaryKey="false" baseType="STRING" description="" name="manufProcess" ordinal="26"/>
                <FieldDefinition aspect.isPrimaryKey="false" baseType="DATETIME" description="" name="mdatOos" ordinal="25"/>
                <FieldDefinition aspect.isPrimaryKey="false" baseType="DATETIME" description="" name="mdatSaf" ordinal="24"/>
                <FieldDefinition baseType="STRING" description="" name="orderNr" ordinal="4"/>
                <FieldDefinition aspect.isPrimaryKey="false" baseType="NUMBER" description="" name="originalTargetQuantity" ordinal="27"/>
                <FieldDefinition baseType="NUMBER" description="" name="producedQuantity" ordinal="15"/>
                <FieldDefinition baseType="STRING" description="" name="productDescription" ordinal="6"/>
                <FieldDefinition baseType="STRING" description="" name="productId" ordinal="5"/>
                <FieldDefinition aspect.isPrimaryKey="false" aspect.thingTemplate="BayerProductionLine" baseType="THINGNAME" description="" name="productionLine" ordinal="3"/>
                <FieldDefinition baseType="NUMBER" description="" name="remainingHours" ordinal="13"/>
                <FieldDefinition baseType="DATETIME" description="" name="startTime" ordinal="16"/>
                <FieldDefinition baseType="STRING" description="" name="status" ordinal="12"/>
                <FieldDefinition aspect.isPrimaryKey="false" baseType="INTEGER" description="" name="tabletsPerBlister" ordinal="22"/>
                <FieldDefinition aspect.isPrimaryKey="false" baseType="STRING" description="TA Number mapping" name="taNumber" ordinal="2"/>
                <FieldDefinition baseType="NUMBER" description="" name="targetHours" ordinal="10"/>
                <FieldDefinition baseType="NUMBER" description="" name="targetQuantity" ordinal="8"/>
                <FieldDefinition baseType="NUMBER" description="" name="targetQuantityPerHour" ordinal="11"/>
                <FieldDefinition aspect.isPrimaryKey="false" baseType="STRING" description="" name="uom" ordinal="9"/>
                <FieldDefinition aspect.isPrimaryKey="false" baseType="STRING" description="" name="userName" ordinal="28"/>
                <FieldDefinition aspect.isPrimaryKey="false" baseType="STRING" description="" name="version" ordinal="7"/>
                <FieldDefinition baseType="NUMBER" description="" name="workedHours" ordinal="14"/>
            </FieldDefinitions>
        </DataShape>
    </DataShapes>
</Entities>
