<?xml version="1.0" encoding="UTF-8" standalone="no"?>
<Entities build="b222" majorVersion="8" minorVersion="5" modelPersistenceProviderPackage="PostgresPersistenceProviderPackage" revision="4" schemaVersion="1053" universal="">
    <DataShapes>
        <DataShape baseDataShape="" description="" documentationContent="" homeMashup="" lastModifiedDate="2021-02-23T04:55:01.161Z" name="BayerDailyPerformanceDataShape" projectName="BayerIoT" tags="Applications:Bayer">
            <avatar/>
            <DesignTimePermissions>
                <Create/>
                <Read>
                    <Principal isPermitted="true" name="App.BayerPerformanceDashboard" type="Group"/>
                </Read>
                <Update/>
                <Delete/>
                <Metadata/>
            </DesignTimePermissions>
            <RunTimePermissions>
                <Permissions resourceName="GetFieldDefinitions">
                    <PropertyRead/>
                    <PropertyWrite/>
                    <ServiceInvoke>
                        <Principal isPermitted="true" name="App.BayerPerformanceDashboard" type="Group"/>
                    </ServiceInvoke>
                    <EventInvoke/>
                    <EventSubscribe/>
                </Permissions>
            </RunTimePermissions>
            <VisibilityPermissions>
                <Visibility>
                    <Principal isPermitted="true" name="Bayer:PerformanceDashboard" type="OrganizationalUnit"/>
                </Visibility>
            </VisibilityPermissions>
            <ConfigurationTableDefinitions/>
            <ConfigurationTables/>
            <FieldDefinitions>
                <FieldDefinition aspect.dataShape="BayerPerformancePerShiftDataShape" baseType="INFOTABLE" description="" name="dailyPerformance" ordinal="1"/>
                <FieldDefinition baseType="DATETIME" description="" name="timestamp" ordinal="2"/>
            </FieldDefinitions>
        </DataShape>
    </DataShapes>
</Entities>
