<?xml version="1.0" encoding="UTF-8" standalone="no"?>
<Entities build="b222" majorVersion="8" minorVersion="5" modelPersistenceProviderPackage="PostgresPersistenceProviderPackage" revision="4" schemaVersion="1053" universal="">
    <DataShapes>
        <DataShape baseDataShape="" description="Changeovers Split Time Delays Configuration" documentationContent="" homeMashup="" lastModifiedDate="2021-02-23T04:55:01.161Z" name="BayerChangeoversSplitTimeDelays" projectName="BayerIoT" tags="">
            <avatar/>
            <DesignTimePermissions>
                <Create/>
                <Read>
                    <Principal isPermitted="true" name="App.BayerPerformanceDashboard" type="Group"/>
                </Read>
                <Update/>
                <Delete/>
                <Metadata/>
            </DesignTimePermissions>
            <RunTimePermissions>
                <Permissions resourceName="GetFieldDefinitions">
                    <PropertyRead/>
                    <PropertyWrite/>
                    <ServiceInvoke>
                        <Principal isPermitted="true" name="App.BayerPerformanceDashboard" type="Group"/>
                    </ServiceInvoke>
                    <EventInvoke/>
                    <EventSubscribe/>
                </Permissions>
            </RunTimePermissions>
            <VisibilityPermissions>
                <Visibility>
                    <Principal isPermitted="true" name="Bayer:PerformanceDashboard" type="OrganizationalUnit"/>
                </Visibility>
            </VisibilityPermissions>
            <ConfigurationTableDefinitions/>
            <ConfigurationTables/>
            <FieldDefinitions>
                <FieldDefinition aspect.friendlyName="" aspect.isPrimaryKey="true" aspect.units="min" baseType="INTEGER" description="Blister Amount Change" name="blisterAmountChange" ordinal="7"/>
                <FieldDefinition aspect.friendlyName="" aspect.isPrimaryKey="true" aspect.units="min" baseType="INTEGER" description="Blister Size Change" name="blisterSizeChange" ordinal="5"/>
                <FieldDefinition aspect.friendlyName="" aspect.isPrimaryKey="true" aspect.units="min" baseType="INTEGER" description="Blister Type Change" name="blisterTypeChange" ordinal="3"/>
                <FieldDefinition aspect.friendlyName="" aspect.isPrimaryKey="true" aspect.units="min" baseType="INTEGER" description="Box Format Change" name="boxFormatChange" ordinal="6"/>
                <FieldDefinition aspect.friendlyName="" aspect.isPrimaryKey="true" aspect.units="min" baseType="INTEGER" description="Bundle Format Change" name="bundleFormatChange" ordinal="8"/>
                <FieldDefinition aspect.friendlyName="" aspect.isPrimaryKey="true" aspect.units="min" baseType="INTEGER" description="Ground Foil Change" name="groundFoilChange" ordinal="4"/>
                <FieldDefinition aspect.friendlyName="" aspect.isPrimaryKey="true" aspect.units="min" baseType="INTEGER" description="" name="orderChange" ordinal="1"/>
                <FieldDefinition aspect.friendlyName="" aspect.isPrimaryKey="true" aspect.units="min" baseType="INTEGER" description="Product Change" name="productChange" ordinal="2"/>
                <FieldDefinition aspect.defaultValue="120" aspect.isPrimaryKey="true" aspect.units="min" baseType="INTEGER" description="" name="taNumberMissing" ordinal="9"/>
            </FieldDefinitions>
        </DataShape>
    </DataShapes>
</Entities>
