<?xml version="1.0" encoding="UTF-8" standalone="no"?>
<Entities build="b222" majorVersion="8" minorVersion="5" modelPersistenceProviderPackage="PostgresPersistenceProviderPackage" revision="4" schemaVersion="1053" universal="">
    <DataShapes>
        <DataShape baseDataShape="" description="" documentationContent="" homeMashup="" lastModifiedDate="2021-02-23T04:55:01.177Z" name="BayerDelaysSummaryDataShape" projectName="BayerIoT" tags="Applications:Bayer">
            <avatar/>
            <DesignTimePermissions>
                <Create/>
                <Read>
                    <Principal isPermitted="true" name="App.BayerPerformanceDashboard" type="Group"/>
                </Read>
                <Update/>
                <Delete/>
                <Metadata/>
            </DesignTimePermissions>
            <RunTimePermissions>
                <Permissions resourceName="GetFieldDefinitions">
                    <PropertyRead/>
                    <PropertyWrite/>
                    <ServiceInvoke>
                        <Principal isPermitted="true" name="App.BayerPerformanceDashboard" type="Group"/>
                    </ServiceInvoke>
                    <EventInvoke/>
                    <EventSubscribe/>
                </Permissions>
            </RunTimePermissions>
            <VisibilityPermissions>
                <Visibility>
                    <Principal isPermitted="true" name="Bayer:PerformanceDashboard" type="OrganizationalUnit"/>
                </Visibility>
            </VisibilityPermissions>
            <ConfigurationTableDefinitions/>
            <ConfigurationTables/>
            <FieldDefinitions>
                <FieldDefinition aspect.isPrimaryKey="false" baseType="STRING" description="" name="breakdownDuration" ordinal="11"/>
                <FieldDefinition aspect.isPrimaryKey="false" baseType="INTEGER" description="" name="breakdownFrequency" ordinal="10"/>
                <FieldDefinition aspect.isPrimaryKey="false" baseType="STRING" description="" name="breakdownMajorProblem" ordinal="12"/>
                <FieldDefinition aspect.isPrimaryKey="false" baseType="STRING" description="" name="changeoverDuration" ordinal="15"/>
                <FieldDefinition aspect.isPrimaryKey="false" baseType="INTEGER" description="" name="changeoverFrequency" ordinal="14"/>
                <FieldDefinition aspect.isPrimaryKey="false" baseType="STRING" description="" name="changeoverMajorProblem" ordinal="16"/>
                <FieldDefinition aspect.isPrimaryKey="false" baseType="STRING" description="" name="microstopDuration" ordinal="7"/>
                <FieldDefinition aspect.isPrimaryKey="false" baseType="INTEGER" description="" name="microstopFrequency" ordinal="6"/>
                <FieldDefinition aspect.isPrimaryKey="false" baseType="STRING" description="" name="microstopMajorProblem" ordinal="8"/>
            </FieldDefinitions>
        </DataShape>
    </DataShapes>
</Entities>
