<?xml version="1.0" encoding="UTF-8" standalone="no"?>
<Entities build="b222" majorVersion="8" minorVersion="5" modelPersistenceProviderPackage="PostgresPersistenceProviderPackage" revision="4" schemaVersion="1053" universal="">
    <DataShapes>
        <DataShape baseDataShape="" description="Bayer Product Formats Info (Format &amp; Product Type)" documentationContent="" homeMashup="" lastModifiedDate="2021-02-23T04:55:01.192Z" name="BayerProductFormatsInfoDataShape" projectName="BayerIoT" tags="">
            <avatar/>
            <DesignTimePermissions>
                <Create/>
                <Read>
                    <Principal isPermitted="true" name="App.BayerPerformanceDashboard" type="Group"/>
                </Read>
                <Update/>
                <Delete/>
                <Metadata/>
            </DesignTimePermissions>
            <RunTimePermissions>
                <Permissions resourceName="GetFieldDefinitions">
                    <PropertyRead/>
                    <PropertyWrite/>
                    <ServiceInvoke>
                        <Principal isPermitted="true" name="App.BayerPerformanceDashboard" type="Group"/>
                    </ServiceInvoke>
                    <EventInvoke/>
                    <EventSubscribe/>
                </Permissions>
            </RunTimePermissions>
            <VisibilityPermissions>
                <Visibility>
                    <Principal isPermitted="true" name="Bayer:PerformanceDashboard" type="OrganizationalUnit"/>
                </Visibility>
            </VisibilityPermissions>
            <ConfigurationTableDefinitions/>
            <ConfigurationTables/>
            <FieldDefinitions>
                <FieldDefinition aspect.isPrimaryKey="false" baseType="STRING" description="Blister Size" name="blisterSize" ordinal="7"/>
                <FieldDefinition aspect.isPrimaryKey="false" baseType="STRING" description="Blisters Per Folded Box (Blister Amount)" name="blistersPerFoldedBox" ordinal="9"/>
                <FieldDefinition aspect.isPrimaryKey="false" baseType="STRING" description="Blister Type" name="blisterType" ordinal="5"/>
                <FieldDefinition aspect.isPrimaryKey="false" baseType="STRING" description="Bundle Format" name="bundleFormat" ordinal="10"/>
                <FieldDefinition aspect.isPrimaryKey="false" baseType="STRING" description="Folded Box Format" name="foldedBoxFormat" ordinal="8"/>
                <FieldDefinition aspect.isPrimaryKey="true" baseType="STRING" description="Format Type" name="formatType" ordinal="1"/>
                <FieldDefinition aspect.isPrimaryKey="false" baseType="STRING" description="Ground Foil" name="groundFoil" ordinal="6"/>
                <FieldDefinition aspect.isPrimaryKey="true" baseType="STRING" description="Product Type" name="productType" ordinal="3"/>
            </FieldDefinitions>
        </DataShape>
    </DataShapes>
</Entities>
