<?xml version="1.0" encoding="UTF-8"?>
<Entities
 build="b2319"
 majorVersion="8"
 minorVersion="4"
 modelPersistenceProviderPackage="PostgresPersistenceProviderPackage"
 revision="4"
 schemaVersion="1041"
 universal="">
    <Mashups>
        <Mashup
         aspect.isFlex="true"
         aspect.isResponsive="true"
         aspect.mashupType="mashup"
         columns="0.0"
         description=""
         documentationContent=""
         homeMashup=""
         lastModifiedDate="2019-12-05T13:18:02.273Z"
         name="BayerDelaysSummaryMashup"
         projectName="BayerIoT"
         rows="0.0"
         tags="Applications:Bayer">
            <avatar></avatar>
            <DesignTimePermissions>
                <Create></Create>
                <Read></Read>
                <Update></Update>
                <Delete></Delete>
                <Metadata></Metadata>
            </DesignTimePermissions>
            <RunTimePermissions></RunTimePermissions>
            <VisibilityPermissions>
                <Visibility>
                    <Principal
                     isPermitted="true"
                     name="Bayer:PerformanceDashboard"
                     type="OrganizationalUnit"></Principal>
                </Visibility>
            </VisibilityPermissions>
            <ConfigurationTableDefinitions></ConfigurationTableDefinitions>
            <ConfigurationTables></ConfigurationTables>
            <ParameterDefinitions>
                <FieldDefinition
                 aspect.bindingDirection="IN"
                 aspect.isMandatory="false"
                 aspect.ordinal="0"
                 baseType="THINGNAME"
                 description=""
                 name="line"
                 ordinal="0"></FieldDefinition>
                <FieldDefinition
                 aspect.bindingDirection="IN"
                 aspect.isMandatory="false"
                 aspect.ordinal="1"
                 baseType="INTEGER"
                 description=""
                 name="shiftId"
                 ordinal="0"></FieldDefinition>
            </ParameterDefinitions>
            <Things>
                <Thing>BayerDelaysSummaryPage</Thing>
            </Things>
            <ThingShapes></ThingShapes>
            <ThingTemplates></ThingTemplates>
            <mashupContent>
            <![CDATA[
            {
              "CustomMashupCss" : "#root_mashupcontainer-7_mashupcontainer-309_flexcontainer-2-bounding-box {\n\twidth: calc(100% - 20px);\n}",
              "Data" : {
                "Session" : {
                  "DataName" : "Session",
                  "EntityName" : "",
                  "EntityType" : "Session",
                  "Id" : "session",
                  "Services" : [ {
                    "APIMethod" : "post",
                    "Characteristic" : "Services",
                    "Id" : "SessionInterface",
                    "Name" : "GetGlobalSessionValues",
                    "Parameters" : { },
                    "RefreshInterval" : 0,
                    "Target" : "GetGlobalSessionValues"
                  } ]
                },
                "Things_BayerDelaysSummaryPage" : {
                  "DataName" : "Things_BayerDelaysSummaryPage",
                  "EntityName" : "BayerDelaysSummaryPage",
                  "EntityType" : "Things",
                  "Id" : "87083d23-74df-49e0-b426-7cd5ef605bc4",
                  "Services" : [ {
                    "APIMethod" : "post",
                    "Characteristic" : "Services",
                    "Id" : "669ffb1b-74a9-45d3-b369-f9eeea9182f4",
                    "Name" : "GetDelaysSummary",
                    "Parameters" : { },
                    "RefreshInterval" : 0,
                    "Target" : "GetDelaysSummary"
                  } ]
                },
                "UserExtensions" : {
                  "DataName" : "UserExtensions",
                  "EntityName" : "",
                  "EntityType" : "UserExtensions",
                  "Id" : "UserExtensions",
                  "Services" : [ {
                    "APIMethod" : "post",
                    "Characteristic" : "Services",
                    "Id" : "UserExtensionInterface",
                    "Name" : "GetCurrentUserExtensionProperties",
                    "Parameters" : { },
                    "RefreshInterval" : 0,
                    "Target" : "GetCurrentUserExtensionProperties"
                  } ]
                }
              },
              "DataBindings" : [ {
                "Id" : "12747d73-0e28-403a-afb7-ea3891ef1dae",
                "PropertyMaps" : [ {
                  "SourceProperty" : "line",
                  "SourcePropertyBaseType" : "THINGNAME",
                  "TargetProperty" : "line",
                  "TargetPropertyBaseType" : "THINGNAME",
                  "TargetPropertyType" : "Parameter"
                } ],
                "SourceArea" : "Mashup",
                "SourceId" : "mashup-root",
                "SourceSection" : "",
                "TargetArea" : "Data",
                "TargetId" : "GetDelaysSummary",
                "TargetSection" : "Things_BayerDelaysSummaryPage"
              }, {
                "Id" : "ecd1bd65-2864-4691-b8f5-98baaa4c50f9",
                "PropertyMaps" : [ {
                  "SourceProperty" : "shiftId",
                  "SourcePropertyBaseType" : "INTEGER",
                  "TargetProperty" : "shiftScheduleId",
                  "TargetPropertyBaseType" : "INTEGER",
                  "TargetPropertyType" : "Parameter"
                } ],
                "SourceArea" : "Mashup",
                "SourceId" : "mashup-root",
                "SourceSection" : "",
                "TargetArea" : "Data",
                "TargetId" : "GetDelaysSummary",
                "TargetSection" : "Things_BayerDelaysSummaryPage"
              }, {
                "Id" : "24d5ec3e-628f-4bca-85c8-68d41e22c7bd",
                "PropertyMaps" : [ {
                  "SourceProperty" : "breakdownFrequency",
                  "SourcePropertyBaseType" : "INTEGER",
                  "SourcePropertyType" : "Field",
                  "TargetProperty" : "Data",
                  "TargetPropertyBaseType" : "ANYSCALAR",
                  "TargetPropertyType" : "property"
                } ],
                "SourceArea" : "Data",
                "SourceDetails" : "AllData",
                "SourceId" : "GetDelaysSummary",
                "SourceSection" : "Things_BayerDelaysSummaryPage",
                "TargetArea" : "UI",
                "TargetId" : "valuedisplay-130",
                "TargetSection" : ""
              }, {
                "Id" : "507411b6-4a40-4b6b-9331-64cbb819971d",
                "PropertyMaps" : [ {
                  "SourceProperty" : "breakdownMajorProblem",
                  "SourcePropertyBaseType" : "STRING",
                  "SourcePropertyType" : "Field",
                  "TargetProperty" : "Data",
                  "TargetPropertyBaseType" : "ANYSCALAR",
                  "TargetPropertyType" : "property"
                } ],
                "SourceArea" : "Data",
                "SourceDetails" : "AllData",
                "SourceId" : "GetDelaysSummary",
                "SourceSection" : "Things_BayerDelaysSummaryPage",
                "TargetArea" : "UI",
                "TargetId" : "valuedisplay-139",
                "TargetSection" : ""
              }, {
                "Id" : "15d2742c-d2f5-438e-b049-694b441668e2",
                "PropertyMaps" : [ {
                  "SourceProperty" : "changeoverFrequency",
                  "SourcePropertyBaseType" : "INTEGER",
                  "SourcePropertyType" : "Field",
                  "TargetProperty" : "Data",
                  "TargetPropertyBaseType" : "ANYSCALAR",
                  "TargetPropertyType" : "property"
                } ],
                "SourceArea" : "Data",
                "SourceDetails" : "AllData",
                "SourceId" : "GetDelaysSummary",
                "SourceSection" : "Things_BayerDelaysSummaryPage",
                "TargetArea" : "UI",
                "TargetId" : "valuedisplay-132",
                "TargetSection" : ""
              }, {
                "Id" : "1a6e9594-9798-468b-bba5-6d7f24f302d2",
                "PropertyMaps" : [ {
                  "SourceProperty" : "changeoverMajorProblem",
                  "SourcePropertyBaseType" : "STRING",
                  "SourcePropertyType" : "Field",
                  "TargetProperty" : "Data",
                  "TargetPropertyBaseType" : "ANYSCALAR",
                  "TargetPropertyType" : "property"
                } ],
                "SourceArea" : "Data",
                "SourceDetails" : "AllData",
                "SourceId" : "GetDelaysSummary",
                "SourceSection" : "Things_BayerDelaysSummaryPage",
                "TargetArea" : "UI",
                "TargetId" : "valuedisplay-141",
                "TargetSection" : ""
              }, {
                "Id" : "705077d2-9fcc-45c6-b4d7-e8255a33727d",
                "PropertyMaps" : [ {
                  "SourceProperty" : "microstopFrequency",
                  "SourcePropertyBaseType" : "INTEGER",
                  "SourcePropertyType" : "Field",
                  "TargetProperty" : "Data",
                  "TargetPropertyBaseType" : "ANYSCALAR",
                  "TargetPropertyType" : "property"
                } ],
                "SourceArea" : "Data",
                "SourceDetails" : "AllData",
                "SourceId" : "GetDelaysSummary",
                "SourceSection" : "Things_BayerDelaysSummaryPage",
                "TargetArea" : "UI",
                "TargetId" : "valuedisplay-131",
                "TargetSection" : ""
              }, {
                "Id" : "1f81716c-ad17-475b-923b-191ecc8ce8d6",
                "PropertyMaps" : [ {
                  "SourceProperty" : "microstopMajorProblem",
                  "SourcePropertyBaseType" : "STRING",
                  "SourcePropertyType" : "Field",
                  "TargetProperty" : "Data",
                  "TargetPropertyBaseType" : "ANYSCALAR",
                  "TargetPropertyType" : "property"
                } ],
                "SourceArea" : "Data",
                "SourceDetails" : "AllData",
                "SourceId" : "GetDelaysSummary",
                "SourceSection" : "Things_BayerDelaysSummaryPage",
                "TargetArea" : "UI",
                "TargetId" : "valuedisplay-140",
                "TargetSection" : ""
              }, {
                "Id" : "176e8535-ef53-4581-93d6-34e1f953ea89",
                "PropertyMaps" : [ {
                  "SourceProperty" : "changeoverDuration",
                  "SourcePropertyBaseType" : "STRING",
                  "SourcePropertyType" : "Field",
                  "TargetProperty" : "Data",
                  "TargetPropertyBaseType" : "ANYSCALAR",
                  "TargetPropertyType" : "property"
                } ],
                "SourceArea" : "Data",
                "SourceDetails" : "AllData",
                "SourceId" : "GetDelaysSummary",
                "SourceSection" : "Things_BayerDelaysSummaryPage",
                "TargetArea" : "UI",
                "TargetId" : "valuedisplay-137",
                "TargetSection" : ""
              }, {
                "Id" : "475254e0-4097-442f-924e-31d501815d07",
                "PropertyMaps" : [ {
                  "SourceProperty" : "breakdownDuration",
                  "SourcePropertyBaseType" : "STRING",
                  "SourcePropertyType" : "Field",
                  "TargetProperty" : "Data",
                  "TargetPropertyBaseType" : "ANYSCALAR",
                  "TargetPropertyType" : "property"
                } ],
                "SourceArea" : "Data",
                "SourceDetails" : "AllData",
                "SourceId" : "GetDelaysSummary",
                "SourceSection" : "Things_BayerDelaysSummaryPage",
                "TargetArea" : "UI",
                "TargetId" : "valuedisplay-135",
                "TargetSection" : ""
              }, {
                "Id" : "26a3deb0-6b86-48ac-9038-ec27d83ea950",
                "PropertyMaps" : [ {
                  "SourceProperty" : "microstopDuration",
                  "SourcePropertyBaseType" : "STRING",
                  "SourcePropertyType" : "Field",
                  "TargetProperty" : "Data",
                  "TargetPropertyBaseType" : "ANYSCALAR",
                  "TargetPropertyType" : "property"
                } ],
                "SourceArea" : "Data",
                "SourceDetails" : "AllData",
                "SourceId" : "GetDelaysSummary",
                "SourceSection" : "Things_BayerDelaysSummaryPage",
                "TargetArea" : "UI",
                "TargetId" : "valuedisplay-136",
                "TargetSection" : ""
              }, {
                "Id" : "d7ff4475-f461-4de8-a545-1341441d0c31",
                "PropertyMaps" : [ {
                  "SourceProperty" : "Output",
                  "SourcePropertyBaseType" : "STRING",
                  "TargetProperty" : "selectedMashupName",
                  "TargetPropertyBaseType" : "MASHUPNAME",
                  "TargetPropertyType" : "Field"
                } ],
                "SourceArea" : "UI",
                "SourceId" : "expression-145",
                "SourceSection" : "",
                "TargetArea" : "Session",
                "TargetId" : "Session",
                "TargetSection" : "Session"
              } ],
              "DesignTimePermissions" : {
                "Create" : [ ],
                "Delete" : [ ],
                "Metadata" : [ ],
                "Read" : [ ],
                "Update" : [ ]
              },
              "Events" : [ {
                "EventHandlerArea" : "Data",
                "EventHandlerId" : "Things_BayerDelaysSummaryPage",
                "EventHandlerService" : "GetDelaysSummary",
                "EventTriggerArea" : "Mashup",
                "EventTriggerEvent" : "shiftIdChanged",
                "EventTriggerId" : "mashup-root",
                "EventTriggerSection" : "",
                "Id" : "325a9b9f-9097-4998-86ce-773949a21db6"
              }, {
                "EventHandlerArea" : "UI",
                "EventHandlerId" : "navigation-73",
                "EventHandlerService" : "Navigate",
                "EventTriggerArea" : "UI",
                "EventTriggerEvent" : "Clicked",
                "EventTriggerId" : "button-72",
                "EventTriggerSection" : "",
                "Id" : "511b53d7-385e-48ed-8b86-66633eea036a"
              }, {
                "EventHandlerArea" : "UI",
                "EventHandlerId" : "expression-145",
                "EventHandlerService" : "Evaluate",
                "EventTriggerArea" : "UI",
                "EventTriggerEvent" : "Clicked",
                "EventTriggerId" : "button-144",
                "EventTriggerSection" : "",
                "Id" : "87fc1c22-b223-49bb-b333-da033e9d7303"
              } ],
              "RunTimePermissions" : {
                "permissions" : [ ]
              },
              "UI" : {
                "Properties" : {
                  "AddToDashboardButton" : "SimplePlus",
                  "AddToDashboardButtonStyle" : "DefaultAddToDashboardButtonStyle",
                  "Area" : "Mashup",
                  "BGImage" : "",
                  "BGImageRepeat" : "no-repeat",
                  "BGImageSize" : "auto",
                  "Columns" : 0,
                  "ConfigureGadgetButton" : "SimpleGear",
                  "ConfigureGadgetButtonStyle" : "DefaultConfigureGadgetButtonStyle",
                  "DisplayName" : "Mashup",
                  "EnableParameterEditing" : false,
                  "Height" : 618,
                  "Id" : "mashup-root",
                  "IgnoreWarningsInViewMashup" : false,
                  "IsPrintLayout" : false,
                  "Left" : 0,
                  "MashupToEditGadget" : "DefaultMashupToEditGadget",
                  "MinHeight" : 0,
                  "MinWidth" : 0,
                  "ResponsiveLayout" : true,
                  "Rows" : 0,
                  "ShowDataLoading" : true,
                  "Style" : "DefaultMashupStyle",
                  "StyleTheme" : "Base Theme",
                  "Title" : "",
                  "TitleBar" : false,
                  "TitleBarStyle" : "DefaultTitleBarStyle",
                  "TitleBarText" : "Gadget Title Here",
                  "Top" : 0,
                  "Type" : "mashup",
                  "UseTheme" : false,
                  "UseThemeForHybrids" : false,
                  "Visible" : true,
                  "Width" : 1024,
                  "Z-index" : 10,
                  "__TypeDisplayName" : "MashupTemplate",
                  "_currentParameterDefs" : [ {
                    "Aspects" : {
                      "bindingDirection" : "IN",
                      "isMandatory" : false
                    },
                    "BaseType" : "THINGNAME",
                    "Description" : "",
                    "ParameterName" : "line"
                  }, {
                    "Aspects" : {
                      "bindingDirection" : "IN",
                      "isMandatory" : false
                    },
                    "BaseType" : "INTEGER",
                    "Description" : "",
                    "ParameterName" : "shiftId"
                  } ],
                  "flex-grow" : 0,
                  "flex-shrink" : 0,
                  "id_index" : 145,
                  "supportsAutoResize" : true
                },
                "Widgets" : [ {
                  "Properties" : {
                    "Area" : "UI",
                    "DisplayName" : "flexcontainer-2",
                    "Id" : "flexcontainer-2",
                    "ResponsiveLayout" : true,
                    "ShowDataLoading" : true,
                    "Style" : "DefaultContainerStyle",
                    "Type" : "flexcontainer",
                    "UseTheme" : false,
                    "Visible" : true,
                    "Z-index" : 10,
                    "__TypeDisplayName" : "Responsive Container",
                    "align-content" : "flex-start",
                    "align-items" : "center",
                    "flex-basis" : "auto",
                    "flex-direction" : "column",
                    "flex-grow" : 1,
                    "flex-height" : 0,
                    "flex-shrink" : 1,
                    "flex-width" : 0,
                    "flex-wrap" : "nowrap",
                    "iconClass" : "widgets-flexcontainer",
                    "isLocked" : false,
                    "justify-content" : "center",
                    "userCannotRemove" : true
                  },
                  "Widgets" : [ {
                    "Properties" : {
                      "Area" : "UI",
                      "DisplayName" : "container-117",
                      "Id" : "flexcontainer-117",
                      "ResponsiveLayout" : true,
                      "ShowDataLoading" : true,
                      "Style" : "DefaultContainerStyle",
                      "Type" : "flexcontainer",
                      "UseTheme" : false,
                      "Visible" : true,
                      "Z-index" : 10,
                      "__TypeDisplayName" : "Responsive Container",
                      "align-content" : "flex-start",
                      "align-items" : "flex-start",
                      "flex-basis" : "auto",
                      "flex-direction" : "row",
                      "flex-grow" : 1,
                      "flex-height" : 40,
                      "flex-shrink" : 1,
                      "flex-width" : 0,
                      "flex-wrap" : "nowrap",
                      "iconClass" : "widgets-flexcontainer-fixed",
                      "isLocked" : false,
                      "justify-content" : "flex-start",
                      "userCannotRemove" : false
                    },
                    "Widgets" : [ {
                      "Properties" : {
                        "Area" : "UI",
                        "DisplayName" : "container-118",
                        "Id" : "flexcontainer-118",
                        "ResponsiveLayout" : true,
                        "ShowDataLoading" : true,
                        "Style" : "DefaultContainerStyle",
                        "Type" : "flexcontainer",
                        "UseTheme" : false,
                        "Visible" : true,
                        "Z-index" : 10,
                        "__TypeDisplayName" : "Responsive Container",
                        "align-content" : "flex-start",
                        "align-items" : "flex-start",
                        "flex-basis" : "auto",
                        "flex-direction" : "row",
                        "flex-grow" : 1,
                        "flex-height" : 0,
                        "flex-shrink" : 1,
                        "flex-width" : 0,
                        "flex-wrap" : "nowrap",
                        "iconClass" : "widgets-flexcontainer",
                        "isLocked" : false,
                        "justify-content" : "flex-start",
                        "userCannotRemove" : false
                      },
                      "Widgets" : [ {
                        "Properties" : {
                          "Alignment" : "left",
                          "Area" : "UI",
                          "BackgroundFill" : "content",
                          "DisplayName" : "valuedisplay-120",
                          "Height" : 22,
                          "Id" : "valuedisplay-120",
                          "ImageScaling" : "Width",
                          "Label" : "",
                          "LabelAlignment" : "left",
                          "Left" : 100,
                          "Overflow" : "hidden",
                          "ResponsiveLayout" : true,
                          "ShowDataLoading" : true,
                          "TextIfNoValue" : "[[Bayer.DelaysSummary]]",
                          "TextIfNoValueOffset" : 0,
                          "TextIfNoValueStyle" : "Bayer_PanelTitle",
                          "TextWrap" : true,
                          "ToolTipField" : "",
                          "ToolTipStyle" : "DefaultTooltipStyle",
                          "Top" : 75,
                          "Type" : "valuedisplay",
                          "UseTheme" : false,
                          "ValueDisplayLabelStyle" : "DefaultWidgetLabelStyle",
                          "ValueDisplayStyle" : "DefaultValueDisplayStyle",
                          "VerticalAlignment" : "middle",
                          "Visible" : true,
                          "Width" : 100,
                          "Z-index" : 10,
                          "__TypeDisplayName" : "Value Display",
                          "__supportsLabel" : true,
                          "__supportsTooltip" : true
                        },
                        "Widgets" : [ ]
                      } ]
                    }, {
                      "Properties" : {
                        "Area" : "UI",
                        "DisplayName" : "container-119",
                        "Id" : "flexcontainer-119",
                        "ResponsiveLayout" : true,
                        "ShowDataLoading" : true,
                        "Style" : "DefaultContainerStyle",
                        "Type" : "flexcontainer",
                        "UseTheme" : false,
                        "Visible" : true,
                        "Z-index" : 10,
                        "__TypeDisplayName" : "Responsive Container",
                        "align-content" : "flex-start",
                        "align-items" : "flex-start",
                        "flex-basis" : "auto",
                        "flex-direction" : "row",
                        "flex-grow" : 1,
                        "flex-height" : 0,
                        "flex-shrink" : 1,
                        "flex-width" : 0,
                        "flex-wrap" : "nowrap",
                        "iconClass" : "widgets-flexcontainer",
                        "isLocked" : false,
                        "justify-content" : "flex-end",
                        "userCannotRemove" : false
                      },
                      "Widgets" : [ {
                        "Properties" : {
                          "ActiveStyle" : "BayerButtonStyle",
                          "Area" : "UI",
                          "CancelConfirmationButton" : "button2",
                          "ConfirmationButton1Label" : "Yes",
                          "ConfirmationButton2Label" : "No",
                          "ConfirmationPrompt" : "Do Action?",
                          "ConfirmationRequired" : false,
                          "ConfirmationTitle" : "Confirm Action",
                          "ContextId" : "",
                          "DefaultConfirmationButton" : "button1",
                          "Disabled" : false,
                          "DisabledStyle" : "BayerButtonStyle",
                          "DisplayName" : "button-144",
                          "FocusStyle" : "BayerButtonStyle",
                          "Height" : 25,
                          "HoverStyle" : "BayerButtonHoverStyle",
                          "IconAlignment" : "right",
                          "Id" : "button-144",
                          "Label" : "[[Bayer.Details]]",
                          "Left" : 5,
                          "Margin" : "5",
                          "ResponsiveLayout" : false,
                          "RoundedCorners" : true,
                          "ShowDataLoading" : true,
                          "SingleClickSelectOnTablets" : true,
                          "Style" : "BayerButtonStyle",
                          "TabSequence" : 0,
                          "ToolTipField" : "",
                          "ToolTipStyle" : "DefaultTooltipStyle",
                          "Top" : 3,
                          "Type" : "button",
                          "Visible" : true,
                          "Width" : 90,
                          "Z-index" : 10,
                          "__TypeDisplayName" : "Button",
                          "__supportsTooltip" : true
                        },
                        "Widgets" : [ ]
                      } ]
                    } ]
                  }, {
                    "Properties" : {
                      "Area" : "UI",
                      "DisplayName" : "container-109",
                      "Id" : "flexcontainer-109",
                      "ResponsiveLayout" : true,
                      "ShowDataLoading" : true,
                      "Style" : "DefaultContainerStyle",
                      "Type" : "flexcontainer",
                      "UseTheme" : false,
                      "Visible" : true,
                      "Z-index" : 10,
                      "__TypeDisplayName" : "Responsive Container",
                      "align-content" : "flex-start",
                      "align-items" : "flex-start",
                      "flex-basis" : "auto",
                      "flex-direction" : "row",
                      "flex-grow" : 1,
                      "flex-height" : 51,
                      "flex-shrink" : 1,
                      "flex-width" : 0,
                      "flex-wrap" : "nowrap",
                      "iconClass" : "widgets-flexcontainer-fixed",
                      "isLocked" : false,
                      "justify-content" : "flex-start",
                      "userCannotRemove" : false
                    },
                    "Widgets" : [ {
                      "Properties" : {
                        "Area" : "UI",
                        "DisplayName" : "container-110",
                        "Id" : "flexcontainer-110",
                        "ResponsiveLayout" : true,
                        "ShowDataLoading" : true,
                        "Style" : "DefaultContainerStyle",
                        "Type" : "flexcontainer",
                        "UseTheme" : false,
                        "Visible" : true,
                        "Z-index" : 10,
                        "__TypeDisplayName" : "Responsive Container",
                        "align-content" : "flex-start",
                        "align-items" : "flex-start",
                        "flex-basis" : "auto",
                        "flex-direction" : "row",
                        "flex-grow" : 1,
                        "flex-height" : 0,
                        "flex-shrink" : 1,
                        "flex-width" : 0,
                        "flex-wrap" : "nowrap",
                        "iconClass" : "widgets-flexcontainer",
                        "isLocked" : false,
                        "justify-content" : "flex-start",
                        "userCannotRemove" : false
                      },
                      "Widgets" : [ {
                        "Properties" : {
                          "Alignment" : "left",
                          "Area" : "UI",
                          "BackgroundFill" : "content",
                          "DisplayName" : "valuedisplay-121",
                          "Height" : 22,
                          "Id" : "valuedisplay-121",
                          "ImageScaling" : "Width",
                          "Label" : "",
                          "LabelAlignment" : "left",
                          "Left" : 80,
                          "Overflow" : "hidden",
                          "ResponsiveLayout" : true,
                          "ShowDataLoading" : true,
                          "TextIfNoValue" : "[[Bayer.Category]]",
                          "TextIfNoValueOffset" : 0,
                          "TextIfNoValueStyle" : "Bayer_GreyValue",
                          "TextWrap" : true,
                          "ToolTipField" : "",
                          "ToolTipStyle" : "DefaultTooltipStyle",
                          "Top" : 75,
                          "Type" : "valuedisplay",
                          "UseTheme" : false,
                          "ValueDisplayLabelStyle" : "DefaultWidgetLabelStyle",
                          "ValueDisplayStyle" : "DefaultValueDisplayStyle",
                          "VerticalAlignment" : "middle",
                          "Visible" : true,
                          "Width" : 100,
                          "Z-index" : 10,
                          "__TypeDisplayName" : "Value Display",
                          "__supportsLabel" : true,
                          "__supportsTooltip" : true
                        },
                        "Widgets" : [ ]
                      } ]
                    }, {
                      "Properties" : {
                        "Area" : "UI",
                        "DisplayName" : "container-111",
                        "Id" : "flexcontainer-111",
                        "ResponsiveLayout" : true,
                        "ShowDataLoading" : true,
                        "Style" : "DefaultContainerStyle",
                        "Type" : "flexcontainer",
                        "UseTheme" : false,
                        "Visible" : true,
                        "Z-index" : 10,
                        "__TypeDisplayName" : "Responsive Container",
                        "align-content" : "flex-start",
                        "align-items" : "flex-start",
                        "flex-basis" : "auto",
                        "flex-direction" : "row",
                        "flex-grow" : 1,
                        "flex-height" : 0,
                        "flex-shrink" : 1,
                        "flex-width" : 0,
                        "flex-wrap" : "nowrap",
                        "iconClass" : "widgets-flexcontainer",
                        "isLocked" : false,
                        "justify-content" : "flex-start",
                        "userCannotRemove" : false
                      },
                      "Widgets" : [ {
                        "Properties" : {
                          "Alignment" : "left",
                          "Area" : "UI",
                          "BackgroundFill" : "content",
                          "DisplayName" : "valuedisplay-133",
                          "Height" : 22,
                          "Id" : "valuedisplay-133",
                          "ImageScaling" : "Width",
                          "Label" : "",
                          "LabelAlignment" : "left",
                          "Left" : 80,
                          "Overflow" : "hidden",
                          "ResponsiveLayout" : true,
                          "ShowDataLoading" : true,
                          "TextIfNoValue" : "[[Bayer.Frequency]]",
                          "TextIfNoValueOffset" : 0,
                          "TextIfNoValueStyle" : "Bayer_GreyValue",
                          "TextWrap" : true,
                          "ToolTipField" : "",
                          "ToolTipStyle" : "DefaultTooltipStyle",
                          "Top" : 75,
                          "Type" : "valuedisplay",
                          "UseTheme" : false,
                          "ValueDisplayLabelStyle" : "DefaultWidgetLabelStyle",
                          "ValueDisplayStyle" : "DefaultValueDisplayStyle",
                          "VerticalAlignment" : "middle",
                          "Visible" : true,
                          "Width" : 100,
                          "Z-index" : 10,
                          "__TypeDisplayName" : "Value Display",
                          "__supportsLabel" : true,
                          "__supportsTooltip" : true
                        },
                        "Widgets" : [ ]
                      } ]
                    }, {
                      "Properties" : {
                        "Area" : "UI",
                        "DisplayName" : "container-112",
                        "Id" : "flexcontainer-112",
                        "ResponsiveLayout" : true,
                        "ShowDataLoading" : true,
                        "Style" : "DefaultContainerStyle",
                        "Type" : "flexcontainer",
                        "UseTheme" : false,
                        "Visible" : true,
                        "Z-index" : 10,
                        "__TypeDisplayName" : "Responsive Container",
                        "align-content" : "flex-start",
                        "align-items" : "flex-start",
                        "flex-basis" : "auto",
                        "flex-direction" : "row",
                        "flex-grow" : 1,
                        "flex-height" : 0,
                        "flex-shrink" : 1,
                        "flex-width" : 0,
                        "flex-wrap" : "nowrap",
                        "iconClass" : "widgets-flexcontainer",
                        "isLocked" : false,
                        "justify-content" : "flex-start",
                        "userCannotRemove" : false
                      },
                      "Widgets" : [ {
                        "Properties" : {
                          "Alignment" : "left",
                          "Area" : "UI",
                          "BackgroundFill" : "content",
                          "DisplayName" : "valuedisplay-134",
                          "Height" : 22,
                          "Id" : "valuedisplay-134",
                          "ImageScaling" : "Width",
                          "Label" : "",
                          "LabelAlignment" : "left",
                          "Left" : 80,
                          "Overflow" : "hidden",
                          "ResponsiveLayout" : true,
                          "ShowDataLoading" : true,
                          "TextIfNoValue" : "[[Bayer.DurationMin]]",
                          "TextIfNoValueOffset" : 0,
                          "TextIfNoValueStyle" : "Bayer_GreyValue",
                          "TextWrap" : true,
                          "ToolTipField" : "",
                          "ToolTipStyle" : "DefaultTooltipStyle",
                          "Top" : 75,
                          "Type" : "valuedisplay",
                          "UseTheme" : false,
                          "ValueDisplayLabelStyle" : "DefaultWidgetLabelStyle",
                          "ValueDisplayStyle" : "DefaultValueDisplayStyle",
                          "VerticalAlignment" : "middle",
                          "Visible" : true,
                          "Width" : 100,
                          "Z-index" : 10,
                          "__TypeDisplayName" : "Value Display",
                          "__supportsLabel" : true,
                          "__supportsTooltip" : true
                        },
                        "Widgets" : [ ]
                      } ]
                    }, {
                      "Properties" : {
                        "Area" : "UI",
                        "DisplayName" : "container-113",
                        "Id" : "flexcontainer-113",
                        "ResponsiveLayout" : true,
                        "ShowDataLoading" : true,
                        "Style" : "DefaultContainerStyle",
                        "Type" : "flexcontainer",
                        "UseTheme" : false,
                        "Visible" : true,
                        "Z-index" : 10,
                        "__TypeDisplayName" : "Responsive Container",
                        "align-content" : "flex-start",
                        "align-items" : "flex-start",
                        "flex-basis" : "auto",
                        "flex-direction" : "row",
                        "flex-grow" : 1,
                        "flex-height" : 0,
                        "flex-shrink" : 1,
                        "flex-width" : 0,
                        "flex-wrap" : "nowrap",
                        "iconClass" : "widgets-flexcontainer",
                        "isLocked" : false,
                        "justify-content" : "flex-start",
                        "userCannotRemove" : false
                      },
                      "Widgets" : [ {
                        "Properties" : {
                          "Alignment" : "left",
                          "Area" : "UI",
                          "BackgroundFill" : "content",
                          "DisplayName" : "valuedisplay-138",
                          "Height" : 22,
                          "Id" : "valuedisplay-138",
                          "ImageScaling" : "Width",
                          "Label" : "",
                          "LabelAlignment" : "left",
                          "Left" : 80,
                          "Overflow" : "hidden",
                          "ResponsiveLayout" : true,
                          "ShowDataLoading" : true,
                          "TextIfNoValue" : "[[Bayer.MajorProblem]]",
                          "TextIfNoValueOffset" : 0,
                          "TextIfNoValueStyle" : "Bayer_GreyValue",
                          "TextWrap" : true,
                          "ToolTipField" : "",
                          "ToolTipStyle" : "DefaultTooltipStyle",
                          "Top" : 75,
                          "Type" : "valuedisplay",
                          "UseTheme" : false,
                          "ValueDisplayLabelStyle" : "DefaultWidgetLabelStyle",
                          "ValueDisplayStyle" : "DefaultValueDisplayStyle",
                          "VerticalAlignment" : "middle",
                          "Visible" : true,
                          "Width" : 100,
                          "Z-index" : 10,
                          "__TypeDisplayName" : "Value Display",
                          "__supportsLabel" : true,
                          "__supportsTooltip" : true
                        },
                        "Widgets" : [ ]
                      } ]
                    } ]
                  }, {
                    "Properties" : {
                      "Area" : "UI",
                      "DisplayName" : "container-103",
                      "Id" : "flexcontainer-103",
                      "ResponsiveLayout" : true,
                      "ShowDataLoading" : true,
                      "Style" : "DefaultContainerStyle",
                      "Type" : "flexcontainer",
                      "UseTheme" : false,
                      "Visible" : true,
                      "Z-index" : 10,
                      "__TypeDisplayName" : "Responsive Container",
                      "align-content" : "flex-start",
                      "align-items" : "center",
                      "flex-basis" : "auto",
                      "flex-direction" : "row",
                      "flex-grow" : 1,
                      "flex-height" : 0,
                      "flex-shrink" : 1,
                      "flex-width" : 0,
                      "flex-wrap" : "nowrap",
                      "iconClass" : "widgets-flexcontainer",
                      "isLocked" : false,
                      "justify-content" : "center",
                      "userCannotRemove" : false
                    },
                    "Widgets" : [ {
                      "Properties" : {
                        "Area" : "UI",
                        "DisplayName" : "container-99",
                        "Id" : "flexcontainer-99",
                        "ResponsiveLayout" : true,
                        "ShowDataLoading" : true,
                        "Style" : "DefaultContainerStyle",
                        "Type" : "flexcontainer",
                        "UseTheme" : false,
                        "Visible" : true,
                        "Z-index" : 10,
                        "__TypeDisplayName" : "Responsive Container",
                        "align-content" : "flex-start",
                        "align-items" : "flex-start",
                        "flex-basis" : "auto",
                        "flex-direction" : "row",
                        "flex-grow" : 1,
                        "flex-height" : 0,
                        "flex-shrink" : 1,
                        "flex-width" : 0,
                        "flex-wrap" : "nowrap",
                        "iconClass" : "widgets-flexcontainer",
                        "isLocked" : false,
                        "justify-content" : "flex-start",
                        "userCannotRemove" : false
                      },
                      "Widgets" : [ {
                        "Properties" : {
                          "Alignment" : "left",
                          "Area" : "UI",
                          "BackgroundFill" : "content",
                          "DisplayName" : "valuedisplay-128",
                          "Height" : 22,
                          "Id" : "valuedisplay-128",
                          "ImageScaling" : "Width",
                          "Label" : "",
                          "LabelAlignment" : "left",
                          "Left" : 80,
                          "Overflow" : "hidden",
                          "ResponsiveLayout" : true,
                          "ShowDataLoading" : true,
                          "TextIfNoValue" : "[[Bayer.Breakdowns]]",
                          "TextIfNoValueOffset" : 0,
                          "TextIfNoValueStyle" : "Bayer_GreyValue2",
                          "TextWrap" : true,
                          "ToolTipField" : "",
                          "ToolTipStyle" : "DefaultTooltipStyle",
                          "Top" : 75,
                          "Type" : "valuedisplay",
                          "UseTheme" : false,
                          "ValueDisplayLabelStyle" : "DefaultWidgetLabelStyle",
                          "ValueDisplayStyle" : "DefaultValueDisplayStyle",
                          "VerticalAlignment" : "middle",
                          "Visible" : true,
                          "Width" : 100,
                          "Z-index" : 10,
                          "__TypeDisplayName" : "Value Display",
                          "__supportsLabel" : true,
                          "__supportsTooltip" : true
                        },
                        "Widgets" : [ ]
                      } ]
                    }, {
                      "Properties" : {
                        "Area" : "UI",
                        "DisplayName" : "container-100",
                        "Id" : "flexcontainer-100",
                        "ResponsiveLayout" : true,
                        "ShowDataLoading" : true,
                        "Style" : "DefaultContainerStyle",
                        "Type" : "flexcontainer",
                        "UseTheme" : false,
                        "Visible" : true,
                        "Z-index" : 10,
                        "__TypeDisplayName" : "Responsive Container",
                        "align-content" : "flex-start",
                        "align-items" : "flex-start",
                        "flex-basis" : "auto",
                        "flex-direction" : "row",
                        "flex-grow" : 1,
                        "flex-height" : 0,
                        "flex-shrink" : 1,
                        "flex-width" : 0,
                        "flex-wrap" : "nowrap",
                        "iconClass" : "widgets-flexcontainer",
                        "isLocked" : false,
                        "justify-content" : "flex-start",
                        "userCannotRemove" : false
                      },
                      "Widgets" : [ {
                        "Properties" : {
                          "Alignment" : "center",
                          "Area" : "UI",
                          "BackgroundFill" : "content",
                          "DisplayName" : "valuedisplay-breakdownsFreq",
                          "Height" : 22,
                          "Id" : "valuedisplay-130",
                          "ImageScaling" : "Width",
                          "Label" : "",
                          "LabelAlignment" : "left",
                          "Left" : 80,
                          "Overflow" : "hidden",
                          "ResponsiveLayout" : true,
                          "ShowDataLoading" : true,
                          "TextIfNoValue" : "0",
                          "TextIfNoValueOffset" : 0,
                          "TextIfNoValueStyle" : "Bayer_GreenValue",
                          "TextWrap" : true,
                          "ToolTipField" : "",
                          "ToolTipStyle" : "DefaultTooltipStyle",
                          "Top" : 75,
                          "Type" : "valuedisplay",
                          "UseTheme" : false,
                          "ValueDisplayLabelStyle" : "DefaultWidgetLabelStyle",
                          "ValueDisplayStyle" : "Bayer_GreenValue",
                          "ValueFormat" : {
                            "renderer" : "DEFAULT"
                          },
                          "ValueFormat_StateParameters" : [ ],
                          "VerticalAlignment" : "middle",
                          "Visible" : true,
                          "Width" : 100,
                          "Z-index" : 10,
                          "__TypeDisplayName" : "Value Display",
                          "__supportsLabel" : true,
                          "__supportsTooltip" : true
                        },
                        "Widgets" : [ ]
                      } ]
                    }, {
                      "Properties" : {
                        "Area" : "UI",
                        "DisplayName" : "container-101",
                        "Id" : "flexcontainer-101",
                        "ResponsiveLayout" : true,
                        "ShowDataLoading" : true,
                        "Style" : "DefaultContainerStyle",
                        "Type" : "flexcontainer",
                        "UseTheme" : false,
                        "Visible" : true,
                        "Z-index" : 10,
                        "__TypeDisplayName" : "Responsive Container",
                        "align-content" : "flex-start",
                        "align-items" : "flex-start",
                        "flex-basis" : "auto",
                        "flex-direction" : "row",
                        "flex-grow" : 1,
                        "flex-height" : 0,
                        "flex-shrink" : 1,
                        "flex-width" : 0,
                        "flex-wrap" : "nowrap",
                        "iconClass" : "widgets-flexcontainer",
                        "isLocked" : false,
                        "justify-content" : "flex-start",
                        "userCannotRemove" : false
                      },
                      "Widgets" : [ {
                        "Properties" : {
                          "Alignment" : "center",
                          "Area" : "UI",
                          "BackgroundFill" : "content",
                          "DisplayName" : "valuedisplay-breakdownsDur",
                          "Height" : 22,
                          "Id" : "valuedisplay-135",
                          "ImageScaling" : "Width",
                          "Label" : "",
                          "LabelAlignment" : "left",
                          "Left" : 80,
                          "Overflow" : "hidden",
                          "ResponsiveLayout" : true,
                          "ShowDataLoading" : true,
                          "TextIfNoValue" : "-",
                          "TextIfNoValueOffset" : 0,
                          "TextIfNoValueStyle" : "Bayer_GreenValue",
                          "TextWrap" : true,
                          "ToolTipField" : "",
                          "ToolTipStyle" : "DefaultTooltipStyle",
                          "Top" : 75,
                          "Type" : "valuedisplay",
                          "UseTheme" : false,
                          "ValueDisplayLabelStyle" : "DefaultWidgetLabelStyle",
                          "ValueDisplayStyle" : "Bayer_GreenValue",
                          "ValueFormat" : {
                            "FormatString" : "full",
                            "renderer" : "STRING"
                          },
                          "ValueFormat_StateParameters" : [ ],
                          "VerticalAlignment" : "middle",
                          "Visible" : true,
                          "Width" : 100,
                          "Z-index" : 10,
                          "__TypeDisplayName" : "Value Display",
                          "__supportsLabel" : true,
                          "__supportsTooltip" : true
                        },
                        "Widgets" : [ ]
                      } ]
                    }, {
                      "Properties" : {
                        "Area" : "UI",
                        "DisplayName" : "container-102",
                        "Id" : "flexcontainer-102",
                        "ResponsiveLayout" : true,
                        "ShowDataLoading" : true,
                        "Style" : "DefaultContainerStyle",
                        "Type" : "flexcontainer",
                        "UseTheme" : false,
                        "Visible" : true,
                        "Z-index" : 10,
                        "__TypeDisplayName" : "Responsive Container",
                        "align-content" : "flex-start",
                        "align-items" : "flex-start",
                        "flex-basis" : "auto",
                        "flex-direction" : "row",
                        "flex-grow" : 1,
                        "flex-height" : 0,
                        "flex-shrink" : 1,
                        "flex-width" : 0,
                        "flex-wrap" : "nowrap",
                        "iconClass" : "widgets-flexcontainer",
                        "isLocked" : false,
                        "justify-content" : "flex-start",
                        "userCannotRemove" : false
                      },
                      "Widgets" : [ {
                        "Properties" : {
                          "Alignment" : "left",
                          "Area" : "UI",
                          "BackgroundFill" : "content",
                          "DisplayName" : "valuedisplay-breakdownsMP",
                          "Height" : 22,
                          "Id" : "valuedisplay-139",
                          "ImageScaling" : "Width",
                          "Label" : "",
                          "LabelAlignment" : "left",
                          "Left" : 80,
                          "Overflow" : "hidden",
                          "ResponsiveLayout" : true,
                          "ShowDataLoading" : true,
                          "TextIfNoValue" : "",
                          "TextIfNoValueOffset" : 0,
                          "TextIfNoValueStyle" : "Bayer_GreyValue2",
                          "TextWrap" : true,
                          "ToolTipField" : "",
                          "ToolTipStyle" : "DefaultTooltipStyle",
                          "Top" : 75,
                          "Type" : "valuedisplay",
                          "UseTheme" : false,
                          "ValueDisplayLabelStyle" : "DefaultWidgetLabelStyle",
                          "ValueDisplayStyle" : "Bayer_DefaultCellValueStyle",
                          "ValueFormat" : {
                            "FormatString" : "full",
                            "renderer" : "STRING"
                          },
                          "ValueFormat_StateParameters" : [ ],
                          "VerticalAlignment" : "middle",
                          "Visible" : true,
                          "Width" : 100,
                          "Z-index" : 10,
                          "__TypeDisplayName" : "Value Display",
                          "__supportsLabel" : true,
                          "__supportsTooltip" : true
                        },
                        "Widgets" : [ ]
                      } ]
                    } ]
                  }, {
                    "Properties" : {
                      "Area" : "UI",
                      "DisplayName" : "container-104",
                      "Id" : "flexcontainer-104",
                      "ResponsiveLayout" : true,
                      "ShowDataLoading" : true,
                      "Style" : "DefaultContainerStyle",
                      "Type" : "flexcontainer",
                      "UseTheme" : false,
                      "Visible" : true,
                      "Z-index" : 10,
                      "__TypeDisplayName" : "Responsive Container",
                      "align-content" : "flex-start",
                      "align-items" : "flex-start",
                      "flex-basis" : "auto",
                      "flex-direction" : "row",
                      "flex-grow" : 1,
                      "flex-height" : 0,
                      "flex-shrink" : 1,
                      "flex-width" : 0,
                      "flex-wrap" : "nowrap",
                      "iconClass" : "widgets-flexcontainer",
                      "isLocked" : false,
                      "justify-content" : "flex-start",
                      "userCannotRemove" : false
                    },
                    "Widgets" : [ {
                      "Properties" : {
                        "Area" : "UI",
                        "DisplayName" : "container-105",
                        "Id" : "flexcontainer-105",
                        "ResponsiveLayout" : true,
                        "ShowDataLoading" : true,
                        "Style" : "DefaultContainerStyle",
                        "Type" : "flexcontainer",
                        "UseTheme" : false,
                        "Visible" : true,
                        "Z-index" : 10,
                        "__TypeDisplayName" : "Responsive Container",
                        "align-content" : "flex-start",
                        "align-items" : "flex-start",
                        "flex-basis" : "auto",
                        "flex-direction" : "row",
                        "flex-grow" : 1,
                        "flex-height" : 0,
                        "flex-shrink" : 1,
                        "flex-width" : 0,
                        "flex-wrap" : "nowrap",
                        "iconClass" : "widgets-flexcontainer",
                        "isLocked" : false,
                        "justify-content" : "flex-start",
                        "userCannotRemove" : false
                      },
                      "Widgets" : [ {
                        "Properties" : {
                          "Alignment" : "left",
                          "Area" : "UI",
                          "BackgroundFill" : "content",
                          "DisplayName" : "valuedisplay-129",
                          "Height" : 22,
                          "Id" : "valuedisplay-129",
                          "ImageScaling" : "Width",
                          "Label" : "",
                          "LabelAlignment" : "left",
                          "Left" : 80,
                          "Overflow" : "hidden",
                          "ResponsiveLayout" : true,
                          "ShowDataLoading" : true,
                          "TextIfNoValue" : "[[Bayer.MicroStops]]",
                          "TextIfNoValueOffset" : 0,
                          "TextIfNoValueStyle" : "Bayer_GreyValue2",
                          "TextWrap" : true,
                          "ToolTipField" : "",
                          "ToolTipStyle" : "DefaultTooltipStyle",
                          "Top" : 75,
                          "Type" : "valuedisplay",
                          "UseTheme" : false,
                          "ValueDisplayLabelStyle" : "DefaultWidgetLabelStyle",
                          "ValueDisplayStyle" : "DefaultValueDisplayStyle",
                          "VerticalAlignment" : "middle",
                          "Visible" : true,
                          "Width" : 100,
                          "Z-index" : 10,
                          "__TypeDisplayName" : "Value Display",
                          "__supportsLabel" : true,
                          "__supportsTooltip" : true
                        },
                        "Widgets" : [ ]
                      } ]
                    }, {
                      "Properties" : {
                        "Area" : "UI",
                        "DisplayName" : "container-106",
                        "Id" : "flexcontainer-106",
                        "ResponsiveLayout" : true,
                        "ShowDataLoading" : true,
                        "Style" : "DefaultContainerStyle",
                        "Type" : "flexcontainer",
                        "UseTheme" : false,
                        "Visible" : true,
                        "Z-index" : 10,
                        "__TypeDisplayName" : "Responsive Container",
                        "align-content" : "flex-start",
                        "align-items" : "flex-start",
                        "flex-basis" : "auto",
                        "flex-direction" : "row",
                        "flex-grow" : 1,
                        "flex-height" : 0,
                        "flex-shrink" : 1,
                        "flex-width" : 0,
                        "flex-wrap" : "nowrap",
                        "iconClass" : "widgets-flexcontainer",
                        "isLocked" : false,
                        "justify-content" : "flex-start",
                        "userCannotRemove" : false
                      },
                      "Widgets" : [ {
                        "Properties" : {
                          "Alignment" : "center",
                          "Area" : "UI",
                          "BackgroundFill" : "content",
                          "DisplayName" : "valuedisplay-microStopFreq",
                          "Height" : 22,
                          "Id" : "valuedisplay-131",
                          "ImageScaling" : "Width",
                          "Label" : "",
                          "LabelAlignment" : "left",
                          "Left" : 80,
                          "Overflow" : "hidden",
                          "ResponsiveLayout" : true,
                          "ShowDataLoading" : true,
                          "TextIfNoValue" : "0",
                          "TextIfNoValueOffset" : 0,
                          "TextIfNoValueStyle" : "Bayer_GreenValue",
                          "TextWrap" : true,
                          "ToolTipField" : "",
                          "ToolTipStyle" : "DefaultTooltipStyle",
                          "Top" : 75,
                          "Type" : "valuedisplay",
                          "UseTheme" : false,
                          "ValueDisplayLabelStyle" : "DefaultWidgetLabelStyle",
                          "ValueDisplayStyle" : "Bayer_GreenValue",
                          "ValueFormat" : {
                            "renderer" : "DEFAULT"
                          },
                          "ValueFormat_StateParameters" : [ ],
                          "VerticalAlignment" : "middle",
                          "Visible" : true,
                          "Width" : 100,
                          "Z-index" : 10,
                          "__TypeDisplayName" : "Value Display",
                          "__supportsLabel" : true,
                          "__supportsTooltip" : true
                        },
                        "Widgets" : [ ]
                      } ]
                    }, {
                      "Properties" : {
                        "Area" : "UI",
                        "DisplayName" : "container-107",
                        "Id" : "flexcontainer-107",
                        "ResponsiveLayout" : true,
                        "ShowDataLoading" : true,
                        "Style" : "DefaultContainerStyle",
                        "Type" : "flexcontainer",
                        "UseTheme" : false,
                        "Visible" : true,
                        "Z-index" : 10,
                        "__TypeDisplayName" : "Responsive Container",
                        "align-content" : "flex-start",
                        "align-items" : "flex-start",
                        "flex-basis" : "auto",
                        "flex-direction" : "row",
                        "flex-grow" : 1,
                        "flex-height" : 0,
                        "flex-shrink" : 1,
                        "flex-width" : 0,
                        "flex-wrap" : "nowrap",
                        "iconClass" : "widgets-flexcontainer",
                        "isLocked" : false,
                        "justify-content" : "flex-start",
                        "userCannotRemove" : false
                      },
                      "Widgets" : [ {
                        "Properties" : {
                          "Alignment" : "center",
                          "Area" : "UI",
                          "BackgroundFill" : "content",
                          "DisplayName" : "valuedisplay-microStopsDur",
                          "Height" : 22,
                          "Id" : "valuedisplay-136",
                          "ImageScaling" : "Width",
                          "Label" : "",
                          "LabelAlignment" : "left",
                          "Left" : 80,
                          "Overflow" : "hidden",
                          "ResponsiveLayout" : true,
                          "ShowDataLoading" : true,
                          "TextIfNoValue" : "-",
                          "TextIfNoValueOffset" : 0,
                          "TextIfNoValueStyle" : "Bayer_GreenValue",
                          "TextWrap" : true,
                          "ToolTipField" : "",
                          "ToolTipStyle" : "DefaultTooltipStyle",
                          "Top" : 75,
                          "Type" : "valuedisplay",
                          "UseTheme" : false,
                          "ValueDisplayLabelStyle" : "DefaultWidgetLabelStyle",
                          "ValueDisplayStyle" : "Bayer_GreenValue",
                          "ValueFormat" : {
                            "FormatString" : "full",
                            "renderer" : "STRING"
                          },
                          "ValueFormat_StateParameters" : [ ],
                          "VerticalAlignment" : "middle",
                          "Visible" : true,
                          "Width" : 100,
                          "Z-index" : 10,
                          "__TypeDisplayName" : "Value Display",
                          "__supportsLabel" : true,
                          "__supportsTooltip" : true
                        },
                        "Widgets" : [ ]
                      } ]
                    }, {
                      "Properties" : {
                        "Area" : "UI",
                        "DisplayName" : "container-108",
                        "Id" : "flexcontainer-108",
                        "ResponsiveLayout" : true,
                        "ShowDataLoading" : true,
                        "Style" : "DefaultContainerStyle",
                        "Type" : "flexcontainer",
                        "UseTheme" : false,
                        "Visible" : true,
                        "Z-index" : 10,
                        "__TypeDisplayName" : "Responsive Container",
                        "align-content" : "flex-start",
                        "align-items" : "flex-start",
                        "flex-basis" : "auto",
                        "flex-direction" : "row",
                        "flex-grow" : 1,
                        "flex-height" : 0,
                        "flex-shrink" : 1,
                        "flex-width" : 0,
                        "flex-wrap" : "nowrap",
                        "iconClass" : "widgets-flexcontainer",
                        "isLocked" : false,
                        "justify-content" : "flex-start",
                        "userCannotRemove" : false
                      },
                      "Widgets" : [ {
                        "Properties" : {
                          "Alignment" : "left",
                          "Area" : "UI",
                          "BackgroundFill" : "content",
                          "DisplayName" : "valuedisplay-microStopsMP",
                          "Height" : 22,
                          "Id" : "valuedisplay-140",
                          "ImageScaling" : "Width",
                          "Label" : "",
                          "LabelAlignment" : "left",
                          "Left" : 80,
                          "Overflow" : "hidden",
                          "ResponsiveLayout" : true,
                          "ShowDataLoading" : true,
                          "TextIfNoValue" : "",
                          "TextIfNoValueOffset" : 0,
                          "TextIfNoValueStyle" : "Bayer_GreyValue2",
                          "TextWrap" : true,
                          "ToolTipField" : "",
                          "ToolTipStyle" : "DefaultTooltipStyle",
                          "Top" : 75,
                          "Type" : "valuedisplay",
                          "UseTheme" : false,
                          "ValueDisplayLabelStyle" : "DefaultWidgetLabelStyle",
                          "ValueDisplayStyle" : "Bayer_DefaultCellValueStyle",
                          "ValueFormat" : {
                            "FormatString" : "full",
                            "renderer" : "STRING"
                          },
                          "ValueFormat_StateParameters" : [ ],
                          "VerticalAlignment" : "middle",
                          "Visible" : true,
                          "Width" : 100,
                          "Z-index" : 10,
                          "__TypeDisplayName" : "Value Display",
                          "__supportsLabel" : true,
                          "__supportsTooltip" : true
                        },
                        "Widgets" : [ ]
                      } ]
                    } ]
                  }, {
                    "Properties" : {
                      "Area" : "UI",
                      "DisplayName" : "container-122",
                      "Id" : "flexcontainer-122",
                      "ResponsiveLayout" : true,
                      "ShowDataLoading" : true,
                      "Style" : "DefaultContainerStyle",
                      "Type" : "flexcontainer",
                      "UseTheme" : false,
                      "Visible" : true,
                      "Z-index" : 10,
                      "__TypeDisplayName" : "Responsive Container",
                      "align-content" : "flex-start",
                      "align-items" : "flex-start",
                      "flex-basis" : "auto",
                      "flex-direction" : "row",
                      "flex-grow" : 1,
                      "flex-height" : 0,
                      "flex-shrink" : 1,
                      "flex-width" : 0,
                      "flex-wrap" : "nowrap",
                      "iconClass" : "widgets-flexcontainer",
                      "isLocked" : false,
                      "justify-content" : "flex-start",
                      "userCannotRemove" : false
                    },
                    "Widgets" : [ {
                      "Properties" : {
                        "Area" : "UI",
                        "DisplayName" : "container-126",
                        "Id" : "flexcontainer-126",
                        "ResponsiveLayout" : true,
                        "ShowDataLoading" : true,
                        "Style" : "DefaultContainerStyle",
                        "Type" : "flexcontainer",
                        "UseTheme" : false,
                        "Visible" : true,
                        "Z-index" : 10,
                        "__TypeDisplayName" : "Responsive Container",
                        "align-content" : "flex-start",
                        "align-items" : "flex-start",
                        "flex-basis" : "auto",
                        "flex-direction" : "row",
                        "flex-grow" : 1,
                        "flex-height" : 0,
                        "flex-shrink" : 1,
                        "flex-width" : 0,
                        "flex-wrap" : "nowrap",
                        "iconClass" : "widgets-flexcontainer",
                        "isLocked" : false,
                        "justify-content" : "flex-start",
                        "userCannotRemove" : false
                      },
                      "Widgets" : [ {
                        "Properties" : {
                          "Alignment" : "left",
                          "Area" : "UI",
                          "BackgroundFill" : "content",
                          "DisplayName" : "valuedisplay-127",
                          "Height" : 22,
                          "Id" : "valuedisplay-127",
                          "ImageScaling" : "Width",
                          "Label" : "",
                          "LabelAlignment" : "left",
                          "Left" : 80,
                          "Overflow" : "hidden",
                          "ResponsiveLayout" : true,
                          "ShowDataLoading" : true,
                          "TextIfNoValue" : "[[Bayer.Changeover]]",
                          "TextIfNoValueOffset" : 0,
                          "TextIfNoValueStyle" : "Bayer_GreyValue2",
                          "TextWrap" : true,
                          "ToolTipField" : "",
                          "ToolTipStyle" : "DefaultTooltipStyle",
                          "Top" : 75,
                          "Type" : "valuedisplay",
                          "UseTheme" : false,
                          "ValueDisplayLabelStyle" : "DefaultWidgetLabelStyle",
                          "ValueDisplayStyle" : "DefaultValueDisplayStyle",
                          "VerticalAlignment" : "middle",
                          "Visible" : true,
                          "Width" : 100,
                          "Z-index" : 10,
                          "__TypeDisplayName" : "Value Display",
                          "__supportsLabel" : true,
                          "__supportsTooltip" : true
                        },
                        "Widgets" : [ ]
                      } ]
                    }, {
                      "Properties" : {
                        "Area" : "UI",
                        "DisplayName" : "container-125",
                        "Id" : "flexcontainer-125",
                        "ResponsiveLayout" : true,
                        "ShowDataLoading" : true,
                        "Style" : "DefaultContainerStyle",
                        "Type" : "flexcontainer",
                        "UseTheme" : false,
                        "Visible" : true,
                        "Z-index" : 10,
                        "__TypeDisplayName" : "Responsive Container",
                        "align-content" : "flex-start",
                        "align-items" : "flex-start",
                        "flex-basis" : "auto",
                        "flex-direction" : "row",
                        "flex-grow" : 1,
                        "flex-height" : 0,
                        "flex-shrink" : 1,
                        "flex-width" : 0,
                        "flex-wrap" : "nowrap",
                        "iconClass" : "widgets-flexcontainer",
                        "isLocked" : false,
                        "justify-content" : "flex-start",
                        "userCannotRemove" : false
                      },
                      "Widgets" : [ {
                        "Properties" : {
                          "Alignment" : "center",
                          "Area" : "UI",
                          "BackgroundFill" : "content",
                          "DisplayName" : "valuedisplay-changeoverFreq",
                          "Height" : 22,
                          "Id" : "valuedisplay-132",
                          "ImageScaling" : "Width",
                          "Label" : "",
                          "LabelAlignment" : "left",
                          "Left" : 80,
                          "Overflow" : "hidden",
                          "ResponsiveLayout" : true,
                          "ShowDataLoading" : true,
                          "TextIfNoValue" : "0",
                          "TextIfNoValueOffset" : 0,
                          "TextIfNoValueStyle" : "Bayer_GreenValue",
                          "TextWrap" : true,
                          "ToolTipField" : "",
                          "ToolTipStyle" : "DefaultTooltipStyle",
                          "Top" : 75,
                          "Type" : "valuedisplay",
                          "UseTheme" : false,
                          "ValueDisplayLabelStyle" : "DefaultWidgetLabelStyle",
                          "ValueDisplayStyle" : "Bayer_GreenValue",
                          "ValueFormat" : {
                            "renderer" : "DEFAULT"
                          },
                          "ValueFormat_StateParameters" : [ ],
                          "VerticalAlignment" : "middle",
                          "Visible" : true,
                          "Width" : 100,
                          "Z-index" : 10,
                          "__TypeDisplayName" : "Value Display",
                          "__supportsLabel" : true,
                          "__supportsTooltip" : true
                        },
                        "Widgets" : [ ]
                      } ]
                    }, {
                      "Properties" : {
                        "Area" : "UI",
                        "DisplayName" : "container-124",
                        "Id" : "flexcontainer-124",
                        "ResponsiveLayout" : true,
                        "ShowDataLoading" : true,
                        "Style" : "DefaultContainerStyle",
                        "Type" : "flexcontainer",
                        "UseTheme" : false,
                        "Visible" : true,
                        "Z-index" : 10,
                        "__TypeDisplayName" : "Responsive Container",
                        "align-content" : "flex-start",
                        "align-items" : "flex-start",
                        "flex-basis" : "auto",
                        "flex-direction" : "row",
                        "flex-grow" : 1,
                        "flex-height" : 0,
                        "flex-shrink" : 1,
                        "flex-width" : 0,
                        "flex-wrap" : "nowrap",
                        "iconClass" : "widgets-flexcontainer",
                        "isLocked" : false,
                        "justify-content" : "flex-start",
                        "userCannotRemove" : false
                      },
                      "Widgets" : [ {
                        "Properties" : {
                          "Alignment" : "center",
                          "Area" : "UI",
                          "BackgroundFill" : "content",
                          "DisplayName" : "valuedisplay-changeoversDur",
                          "Height" : 22,
                          "Id" : "valuedisplay-137",
                          "ImageScaling" : "Width",
                          "Label" : "",
                          "LabelAlignment" : "left",
                          "Left" : 80,
                          "Overflow" : "hidden",
                          "ResponsiveLayout" : true,
                          "ShowDataLoading" : true,
                          "TextIfNoValue" : "-",
                          "TextIfNoValueOffset" : 0,
                          "TextIfNoValueStyle" : "Bayer_GreenValue",
                          "TextWrap" : true,
                          "ToolTipField" : "",
                          "ToolTipStyle" : "DefaultTooltipStyle",
                          "Top" : 75,
                          "Type" : "valuedisplay",
                          "UseTheme" : false,
                          "ValueDisplayLabelStyle" : "DefaultWidgetLabelStyle",
                          "ValueDisplayStyle" : "Bayer_GreenValue",
                          "ValueFormat" : {
                            "FormatString" : "full",
                            "renderer" : "STRING"
                          },
                          "ValueFormat_StateParameters" : [ ],
                          "VerticalAlignment" : "middle",
                          "Visible" : true,
                          "Width" : 100,
                          "Z-index" : 10,
                          "__TypeDisplayName" : "Value Display",
                          "__supportsLabel" : true,
                          "__supportsTooltip" : true
                        },
                        "Widgets" : [ ]
                      } ]
                    }, {
                      "Properties" : {
                        "Area" : "UI",
                        "DisplayName" : "container-123",
                        "Id" : "flexcontainer-123",
                        "ResponsiveLayout" : true,
                        "ShowDataLoading" : true,
                        "Style" : "DefaultContainerStyle",
                        "Type" : "flexcontainer",
                        "UseTheme" : false,
                        "Visible" : true,
                        "Z-index" : 10,
                        "__TypeDisplayName" : "Responsive Container",
                        "align-content" : "flex-start",
                        "align-items" : "flex-start",
                        "flex-basis" : "auto",
                        "flex-direction" : "row",
                        "flex-grow" : 1,
                        "flex-height" : 0,
                        "flex-shrink" : 1,
                        "flex-width" : 0,
                        "flex-wrap" : "nowrap",
                        "iconClass" : "widgets-flexcontainer",
                        "isLocked" : false,
                        "justify-content" : "flex-start",
                        "userCannotRemove" : false
                      },
                      "Widgets" : [ {
                        "Properties" : {
                          "Alignment" : "left",
                          "Area" : "UI",
                          "BackgroundFill" : "content",
                          "DisplayName" : "valuedisplay-changeoverMP",
                          "Height" : 22,
                          "Id" : "valuedisplay-141",
                          "ImageScaling" : "Width",
                          "Label" : "",
                          "LabelAlignment" : "left",
                          "Left" : 80,
                          "Overflow" : "hidden",
                          "ResponsiveLayout" : true,
                          "ShowDataLoading" : true,
                          "TextIfNoValue" : "",
                          "TextIfNoValueOffset" : 0,
                          "TextIfNoValueStyle" : "Bayer_GreyValue2",
                          "TextWrap" : true,
                          "ToolTipField" : "",
                          "ToolTipStyle" : "DefaultTooltipStyle",
                          "Top" : 75,
                          "Type" : "valuedisplay",
                          "UseTheme" : false,
                          "ValueDisplayLabelStyle" : "DefaultWidgetLabelStyle",
                          "ValueDisplayStyle" : "Bayer_DefaultCellValueStyle",
                          "ValueFormat" : {
                            "FormatString" : "full",
                            "renderer" : "STRING"
                          },
                          "ValueFormat_StateParameters" : [ ],
                          "VerticalAlignment" : "middle",
                          "Visible" : true,
                          "Width" : 100,
                          "Z-index" : 10,
                          "__TypeDisplayName" : "Value Display",
                          "__supportsLabel" : true,
                          "__supportsTooltip" : true
                        },
                        "Widgets" : [ ]
                      } ]
                    } ]
                  } ]
                }, {
                  "Properties" : {
                    "Area" : "UI",
                    "AutoEvaluate" : false,
                    "DataChangeType" : "VALUE",
                    "DisplayName" : "navigateToDetails",
                    "Expression" : "Output = \"BayerDelaysMashup\"",
                    "FireOnFirstValue" : false,
                    "Height" : 28,
                    "Id" : "expression-145",
                    "Left" : 0,
                    "OutputBaseType" : "STRING",
                    "ShowDataLoading" : true,
                    "Top" : 0,
                    "Type" : "expression",
                    "Visible" : true,
                    "Width" : 200,
                    "Z-index" : 10,
                    "__TypeDisplayName" : "Expression",
                    "_currentParameterDefs" : [ ],
                    "editMode" : "edit",
                    "helperType" : "expression",
                    "parameters" : [ ],
                    "parametersToDelete" : [ ]
                  },
                  "Widgets" : [ ]
                } ]
              },
              "mashupType" : "mashupTemplate"
            }
            ]]>
            </mashupContent>
            <preview></preview>
        </Mashup>
    </Mashups>
</Entities>
