<?xml version="1.0" encoding="UTF-8"?>
<Entities
 build="b222"
 majorVersion="8"
 minorVersion="5"
 modelPersistenceProviderPackage="PostgresPersistenceProviderPackage"
 revision="4"
 schemaVersion="1053"
 universal="">
    <StateDefinitions>
        <StateDefinition
         description=""
         documentationContent=""
         homeMashup=""
         lastModifiedDate="2019-09-27T11:12:18.343Z"
         name="BayerActionListStatus"
         projectName="BayerIoT"
         tags="Applications:Bayer">
            <avatar></avatar>
            <DesignTimePermissions>
                <Create></Create>
                <Read></Read>
                <Update></Update>
                <Delete></Delete>
                <Metadata></Metadata>
            </DesignTimePermissions>
            <RunTimePermissions></RunTimePermissions>
            <VisibilityPermissions>
                <Visibility>
                    <Principal
                     isPermitted="true"
                     name="Bayer:PerformanceDashboard"
                     type="OrganizationalUnit"></Principal>
                </Visibility>
            </VisibilityPermissions>
            <ConfigurationTableDefinitions></ConfigurationTableDefinitions>
            <ConfigurationTables></ConfigurationTables>
            <content>
            <![CDATA[
            {
              "stateDefinitions" : [ {
                "defaultStyleDefinition" : "StatusAvailable",
                "defaultValue" : "Closed",
                "description" : "",
                "displayString" : "Closed",
                "name" : "Closed"
              }, {
                "defaultStyleDefinition" : "StatusOffline",
                "defaultValue" : "",
                "description" : "",
                "displayString" : "",
                "name" : ""
              }, {
                "defaultStyleDefinition" : "StatusBusy",
                "defaultValue" : "In Progress",
                "description" : "",
                "displayString" : "In Progress",
                "name" : "In Progress"
              }, {
                "defaultStyleDefinition" : "StatusError",
                "defaultValue" : "Open (after Due Date)",
                "description" : "",
                "displayString" : "Open (after Due Date)",
                "name" : "Open (after Due Date)"
              }, {
                "defaultStyleDefinition" : "StatusBlue",
                "defaultValue" : "Open (before Due Date)",
                "description" : "",
                "displayString" : "Open (before Due Date)",
                "name" : "Open (before Due Date)"
              }, {
                "defaultStyleDefinition" : "StatusUnknown",
                "description" : "",
                "displayString" : "UNKNOWN",
                "name" : "UNKNOWN"
              } ],
              "stateType" : "string"
            }
            ]]>
            </content>
        </StateDefinition>
    </StateDefinitions>
</Entities>
