<?xml version="1.0" encoding="UTF-8" standalone="no"?>
<Entities build="b222" majorVersion="8" minorVersion="5" modelPersistenceProviderPackage="PostgresPersistenceProviderPackage" revision="4" schemaVersion="1053" universal="">
    <DataShapes>
        <DataShape baseDataShape="" description="" documentationContent="" homeMashup="" lastModifiedDate="2021-02-23T04:55:01.224Z" name="GetDelayShiftDetailsDataShape" projectName="BayerIoT" tags="Applications:Bayer">
            <avatar/>
            <DesignTimePermissions>
                <Create/>
                <Read>
                    <Principal isPermitted="true" name="App.BayerPerformanceDashboard" type="Group"/>
                </Read>
                <Update/>
                <Delete/>
                <Metadata/>
            </DesignTimePermissions>
            <RunTimePermissions>
                <Permissions resourceName="GetFieldDefinitions">
                    <PropertyRead/>
                    <PropertyWrite/>
                    <ServiceInvoke>
                        <Principal isPermitted="true" name="App.BayerPerformanceDashboard" type="Group"/>
                    </ServiceInvoke>
                    <EventInvoke/>
                    <EventSubscribe/>
                </Permissions>
            </RunTimePermissions>
            <VisibilityPermissions>
                <Visibility>
                    <Principal isPermitted="true" name="Bayer:PerformanceDashboard" type="OrganizationalUnit"/>
                </Visibility>
            </VisibilityPermissions>
            <ConfigurationTableDefinitions/>
            <ConfigurationTables/>
            <FieldDefinitions>
                <FieldDefinition aspect.isPrimaryKey="false" baseType="STRING" description="" name="category" ordinal="2"/>
                <FieldDefinition aspect.isPrimaryKey="false" baseType="TEXT" description="" name="description" ordinal="9"/>
                <FieldDefinition aspect.isPrimaryKey="false" baseType="STRING" description="" name="duration" ordinal="6"/>
                <FieldDefinition aspect.isPrimaryKey="false" baseType="DATETIME" description="" name="endTime" ordinal="5"/>
                <FieldDefinition aspect.isPrimaryKey="false" baseType="INTEGER" description="" name="id" ordinal="1"/>
                <FieldDefinition aspect.isPrimaryKey="false" baseType="STRING" description="" name="reasonCode" ordinal="8"/>
                <FieldDefinition aspect.isPrimaryKey="false" baseType="INTEGER" description="" name="shiftScheduleId" ordinal="10"/>
                <FieldDefinition aspect.isPrimaryKey="false" baseType="STRING" description="" name="source" ordinal="3"/>
                <FieldDefinition aspect.isPrimaryKey="false" baseType="DATETIME" description="" name="startTime" ordinal="4"/>
                <FieldDefinition aspect.isPrimaryKey="false" baseType="STRING" description="" name="totalDuration" ordinal="7"/>
            </FieldDefinitions>
        </DataShape>
    </DataShapes>
</Entities>
