<?xml version="1.0" encoding="UTF-8" standalone="no"?>
<Entities build="b2319" majorVersion="8" minorVersion="4" modelPersistenceProviderPackage="PostgresPersistenceProviderPackage" revision="4" schemaVersion="1041" universal="">
    <Things>
        <Thing description="" documentationContent="" effectiveThingPackage="ConfiguredThing" enabled="true" homeMashup="BayerSafetyAddIssueMashup" identifier="" lastModifiedDate="2019-09-13T08:40:46.790Z" name="BayerSafetyAddIssuePage" projectName="BayerIoT" published="true" tags="Applications:Bayer" thingTemplate="GenericThing" valueStream="">
            <avatar/>
            <DesignTimePermissions>
                <Create/>
                <Read/>
                <Update/>
                <Delete/>
                <Metadata/>
            </DesignTimePermissions>
            <RunTimePermissions>
                <Permissions resourceName="*">
                    <PropertyRead>
                        <Principal isPermitted="true" name="System" type="User"/>
                    </PropertyRead>
                    <PropertyWrite/>
                    <ServiceInvoke/>
                    <EventInvoke/>
                    <EventSubscribe/>
                </Permissions>
                <Permissions resourceName="issueTypes">
                    <PropertyRead>
                        <Principal isPermitted="true" name="Role.BayerOffice" type="Group"/>
                        <Principal isPermitted="true" name="Role.BayerProductionLine.Any" type="Group"/>
                    </PropertyRead>
                    <PropertyWrite/>
                    <ServiceInvoke/>
                    <EventInvoke/>
                    <EventSubscribe/>
                </Permissions>
            </RunTimePermissions>
            <VisibilityPermissions>
                <Visibility>
                    <Principal isPermitted="true" name="Bayer:PerformanceDashboard" type="OrganizationalUnit"/>
                </Visibility>
            </VisibilityPermissions>
            <ConfigurationTableDefinitions/>
            <ConfigurationTables/>
            <ThingShape>
                <PropertyDefinitions>
                    <PropertyDefinition aspect.cacheTime="0.0" aspect.dataChangeType="VALUE" aspect.dataShape="BayerDropDownGenericShape" aspect.defaultValue="{&quot;rows&quot;:[{&quot;name&quot;:&quot;Near miss&quot;,&quot;value&quot;:&quot;nearMiss&quot;},{&quot;name&quot;:&quot;Accident&quot;,&quot;value&quot;:&quot;accident&quot;}],&quot;dataShape&quot;:{&quot;fieldDefinitions&quot;:{&quot;name&quot;:{&quot;name&quot;:&quot;name&quot;,&quot;aspects&quot;:{&quot;isPrimaryKey&quot;:false,&quot;friendlyName&quot;:&quot;Name&quot;},&quot;description&quot;:&quot;&quot;,&quot;baseType&quot;:&quot;STRING&quot;,&quot;ordinal&quot;:1},&quot;value&quot;:{&quot;name&quot;:&quot;value&quot;,&quot;aspects&quot;:{&quot;isPrimaryKey&quot;:false},&quot;description&quot;:&quot;&quot;,&quot;baseType&quot;:&quot;STRING&quot;,&quot;ordinal&quot;:2}}}}" aspect.isLogged="true" aspect.isPersistent="true" aspect.isReadOnly="true" baseType="INFOTABLE" category="" description="" isLocalOnly="false" name="issueTypes" ordinal="3"/>
                </PropertyDefinitions>
                <ServiceDefinitions/>
                <EventDefinitions/>
                <ServiceMappings/>
                <ServiceImplementations/>
                <Subscriptions/>
            </ThingShape>
            <PropertyBindings/>
            <RemotePropertyBindings/>
            <RemoteServiceBindings/>
            <RemoteEventBindings/>
            <AlertConfigurations>
                <AlertDefinitions name="issueTypes"/>
            </AlertConfigurations>
            <ImplementedShapes/>
            <ThingProperties>
                <issueTypes>
                    <Value>
                        <infoTable>
                            <DataShape>
                                <FieldDefinitions>
                                    <FieldDefinition aspect.friendlyName="Name" aspect.isPrimaryKey="false" baseType="STRING" description="" name="name" ordinal="1"/>
                                    <FieldDefinition aspect.isPrimaryKey="false" baseType="STRING" description="" name="value" ordinal="2"/>
                                </FieldDefinitions>
                            </DataShape>
                            <Rows>
                                <Row>
                                    <name>
                                    <![CDATA[
                                    Near miss
                                    ]]>
                                    </name>
                                    <value>
                                    <![CDATA[
                                    nearMiss
                                    ]]>
                                    </value>
                                </Row>
                                <Row>
                                    <name>
                                    <![CDATA[
                                    Accident
                                    ]]>
                                    </name>
                                    <value>
                                    <![CDATA[
                                    accident
                                    ]]>
                                    </value>
                                </Row>
                            </Rows>
                        </infoTable>
                    </Value>
                    <Timestamp>2019-12-16T10:57:46.023Z</Timestamp>
                    <Quality>GOOD</Quality>
                </issueTypes>
            </ThingProperties>
        </Thing>
    </Things>
</Entities>
