<?xml version="1.0" encoding="UTF-8" standalone="no"?>
<Entities build="b2319" majorVersion="8" minorVersion="4" modelPersistenceProviderPackage="PostgresPersistenceProviderPackage" revision="4" schemaVersion="1041" universal="">
    <Things>
        <Thing description="" documentationContent="" effectiveThingPackage="ConfiguredThing" enabled="true" homeMashup="" identifier="" lastModifiedDate="2020-02-10T18:32:12.658Z" name="BayerProductionDBDataProvider" projectName="BayerIoT" published="false" tags="Applications:Bayer" thingTemplate="BayerProductionDBDataProviderTemplate" valueStream="">
            <avatar/>
            <DesignTimePermissions>
                <Create/>
                <Read/>
                <Update/>
                <Delete/>
                <Metadata/>
            </DesignTimePermissions>
            <RunTimePermissions/>
            <VisibilityPermissions>
                <Visibility/>
            </VisibilityPermissions>
            <ConfigurationTableDefinitions/>
            <ConfigurationTables>
                <ConfigurationTable description="" isMultiRow="false" name="Connector" ordinal="0">
                    <DataShape>
                        <FieldDefinitions>
                            <FieldDefinition aspect.isPrimaryKey="true" baseType="THINGNAME" description="" name="connector" ordinal="1"/>
                        </FieldDefinitions>
                    </DataShape>
                    <Rows>
                        <Row>
                            <connector>
                            <![CDATA[
                            BayerGrenzach37ProductionDBConnector
                            ]]>
                            </connector>
                        </Row>
                    </Rows>
                </ConfigurationTable>
            </ConfigurationTables>
            <ThingShape>
                <PropertyDefinitions/>
                <ServiceDefinitions/>
                <EventDefinitions/>
                <ServiceMappings/>
                <ServiceImplementations/>
                <Subscriptions/>
            </ThingShape>
            <PropertyBindings/>
            <RemotePropertyBindings/>
            <RemoteServiceBindings/>
            <RemoteEventBindings/>
            <AlertConfigurations/>
            <ImplementedShapes/>
            <ThingProperties>
                <mockedValue>
                    <Value>125</Value>
                    <Timestamp>2020-02-11T12:21:57.679Z</Timestamp>
                    <Quality>GOOD</Quality>
                </mockedValue>
                <mockCounterData>
                    <Value>true</Value>
                    <Timestamp>2020-02-11T12:21:17.634Z</Timestamp>
                    <Quality>GOOD</Quality>
                </mockCounterData>
            </ThingProperties>
        </Thing>
    </Things>
</Entities>
