<?xml version="1.0" encoding="UTF-8" standalone="no"?>
<Entities>
    <ExtensionPackages>
        <ExtensionPackage dependsOn="" description="A D3 chart with a time selector." minimumThingWorxVersion="7.1.0" name="D3RangeGraph" packageVersion="1.0.1249" vendor="ThingWorx Customer Service"/>
    </ExtensionPackages>
    <Widgets> 
        <Widget name="D3RangeGraph">
            <UIResources>
                <FileResource description="" file="D3RangeGraph.ide.css" isDevelopment="true" isRuntime="false" type="CSS"/>
                <FileResource description="" file="D3RangeGraph.ide.js" isDevelopment="true" isRuntime="false" type="JS"/>
                <FileResource description="" file="D3RangeGraph.runtime.css" isDevelopment="false" isRuntime="true" type="CSS"/>
                <FileResource description="" file="include/d3/d3.min.js" isDevelopment="false" isRuntime="true" type="JS"/>
                <FileResource description="" file="include/d3/d3-timeline.js" isDevelopment="false" isRuntime="true" type="JS"/> 
                <FileResource description="" file="include/tippy/tippy.css" isDevelopment="false" isRuntime="true" type="CSS"/>
                <FileResource description="" file="include/tippy/themes/translucent.css" isDevelopment="false" isRuntime="true" type="CSS"/>
                <FileResource description="" file="include/tippy/themes/google.css" isDevelopment="false" isRuntime="true" type="CSS"/>
                <FileResource description="" file="include/tippy/themes/light.css" isDevelopment="false" isRuntime="true" type="CSS"/>
                <FileResource description="" file="include/tippy/themes/light-border.css" isDevelopment="false" isRuntime="true" type="CSS"/>
                <FileResource description="" file="include/tippy/tippy.js" isDevelopment="false" isRuntime="true" type="JS"/>
                <FileResource description="" file="D3RangeGraph.runtime.js" isDevelopment="false" isRuntime="true" type="JS"/>
            </UIResources>
        </Widget>
    </Widgets>
</Entities>
