<?xml version="1.0" encoding="UTF-8"?>
<Entities
 build="b2319"
 majorVersion="8"
 minorVersion="4"
 modelPersistenceProviderPackage="PostgresPersistenceProviderPackage"
 revision="4"
 schemaVersion="1041"
 universal="">
    <Mashups>
        <Mashup
         aspect.isResponsive="true"
         aspect.mashupType="mashup"
         columns="0.0"
         description=""
         documentationContent=""
         homeMashup=""
         lastModifiedDate="2019-12-12T11:18:23.033Z"
         name="BayerProductionPlanMashup"
         projectName="BayerIoT"
         rows="0.0"
         tags="">
            <avatar></avatar>
            <DesignTimePermissions>
                <Create></Create>
                <Read></Read>
                <Update></Update>
                <Delete></Delete>
                <Metadata></Metadata>
            </DesignTimePermissions>
            <RunTimePermissions></RunTimePermissions>
            <VisibilityPermissions>
                <Visibility>
                    <Principal
                     isPermitted="true"
                     name="Bayer:PerformanceDashboard"
                     type="OrganizationalUnit"></Principal>
                </Visibility>
            </VisibilityPermissions>
            <ConfigurationTableDefinitions></ConfigurationTableDefinitions>
            <ConfigurationTables></ConfigurationTables>
            <ParameterDefinitions>
                <FieldDefinition
                 aspect.bindingDirection="BOTH"
                 aspect.isMandatory="false"
                 aspect.ordinal="0"
                 baseType="THINGNAME"
                 description=""
                 name="line"
                 ordinal="0"></FieldDefinition>
            </ParameterDefinitions>
            <Things>
                <Thing>BayerProductionPlanPage</Thing>
            </Things>
            <ThingShapes></ThingShapes>
            <ThingTemplates>
                <ThingTemplate>BayerProductionLine</ThingTemplate>
            </ThingTemplates>
            <mashupContent>
            <![CDATA[
            {
              "CustomMashupCss" : "#root_mashupcontainer-7_mashupcontainer-309_flexcontainer-2-bounding-box .widget-flexcontainer {\n    overflow: hidden;\n}\n\n#root_container-13 {\n    box-shadow: 0px 0px 4px 0px #505a5b;\n    z-index: 120000;\n}\n\n#root_mashupcontainer-29_layout-231 * {\n        overflow: visible !important;\n    } \n\n.panelShadow > div {\n    border-radius: 3px !important;\n    box-shadow: 0px 0px 4px 0px #505a5b !important;\n    margin: 8px; \n}\n\n.panelPopup > div {\n    border-radius: 3px !important;\n    box-shadow: 0px 0px 1px 0px #505a5b !important;\n    margin: 8px; \n}\n\n#root_mashupcontainer-29_piechart-152 {\n    padding: 10px;\n    left: -10px;\n}\n\n#root_mashupcontainer-29_piechart-158 {\n    padding: 10px;\n    left: -10px;\n}\n\n#root_mashupcontainer-29_piechart-159 {\n    padding: 10px;\n    left: -18px;\n}\n\n#root_mashupcontainer-29_navigation-147-popup {\n    box-shadow: none !important;\n}\n\n#root_mashupcontainer-29_navigation-147-popup_mashup-root {\n    border-radius: 4px !important;\n    box-shadow: 0px 0px 8px 0px #505a5b !important;\n    margin: 0px; \n}\n\n#root_mashupcontainer-29_navigation-237-popup {\n    box-shadow: none !important;\n}\n\n#root_mashupcontainer-29_navigation-237-popup_mashup-root {\n    border-radius: 4px !important;\n    box-shadow: 0px 0px 8px 0px #505a5b !important;\n    margin: 0px; \n}\n\n#root_mashupcontainer-29_navigation-339-popup {\n    box-shadow: none !important;\n}\n\n#root_mashupcontainer-29_navigation-339-popup_mashup-root {\n    border-radius: 4px !important;\n    box-shadow: 0px 0px 8px 0px #505a5b !important;\n    margin: 0px; \n}\n\n#root_mashupcontainer-29_navigation-352-popup {\n    box-shadow: none !important;\n}\n\n#root_mashupcontainer-29_navigation-352-popup_mashup-root {\n    border-radius: 4px !important;\n    box-shadow: 0px 0px 8px 0px #505a5b !important;\n    margin: 0px; \n}\n\n#root_mashupcontainer-29_navigation-354-popup {\n    box-shadow: none !important;\n}\n\n#root_mashupcontainer-29_navigation-354-popup_mashup-root {\n    border-radius: 4px !important;\n    box-shadow: 0px 0px 8px 0px #505a5b !important;\n    margin: 0px; \n}\n\n#root_mashupcontainer-29_navigation-364-popup {\n    box-shadow: none !important;\n}\n\n#root_mashupcontainer-29_navigation-364-popup_mashup-root {\n    border-radius: 4px !important;\n    box-shadow: 0px 0px 8px 0px #505a5b !important;\n    margin: 0px; \n}\n\n.D3TimelineTooltip {\n    box-shadow: none !important; \n    z-index: 1000000 !important;\n}\n\n#Bayer_PlanForShift_Tooltip-root_mashupcontainer-29_D3Timeline-170_mashup-root {\n    border-radius: 4px !important;\n    box-shadow: 0px 0px 4px 0px #505a5b !important; \n}\n\n.customBorder > div {\n    border-radius: 4px !important;\n}\n\n.customTD > div {\n\tborder-left: 1px solid #c5c5c5 !important;\n}\n\n.customVD span {\n\tmargin-left: 10px !important;\n    text-overflow:ellipsis;\n    display:inline-block;\n}\n\n.customVD2 > div {\n\tmargin-left: 10px !important;\n    font-size: 15px !important;\n}\n\n.customVD3 span {\n\tmargin-right: 5px !important;\n}\n\n.customVD4 > div {\n\tmargin-left: 10px !important;\n    text-overflow:ellipsis;\n    display:inline-block;\n}\n\n.customVD5 > div {\n\tmargin-right: 10px !important;\n    text-overflow:ellipsis;\n    display:inline-block;\n}\n\n.customNextBtn span {\n\ttop: -3px !important;\n}\n\n.customAddBtn span {\n\ttop: -4px !important;\n}\n\n.customGrid td {\n\tborder: 0px !important;\n}\n\n#root_mashupcontainer-29_progressgauge-271 text {\n \ttext-anchor: start !important;\n    transform: translateX(10px) !important;\n}\n\n#root_mashupcontainer-29_progressgauge-272 text {\n \ttext-anchor: end !important;\n    transform: translateX(-10px) !important;\n}\n\n#tiptip_content {\n    background-color: rgba(0,0,0,0.7) !important;\n}\n\n#tiptip_holder.tip_bottom #tiptip_arrow_inner, body #tiptip_holder.tip_top #tiptip_arrow_inner {\n    border-bottom-color: rgba(0,0,0,0.7) !important;\n}\n\n#tiptip_holder.tip_left {\n    border-bottom-color: rgba(0,0,0,0.7) !important;\n}\n\n#tiptip_holder.tip_left #tiptip_arrow_inner {\n    border-left-color: rgba(0,0,0,0.7) !important;\n    border-left-color: rgba(0,0,0,0.7) !important;\n}\n.full-cnt-size {\n    width: 100%;\n   \theight: 100%;\n}\n\n.full-cnt-size-label div.widget-content {\n    width: 100%;\n   \theight: 100%;\n    display: table !important;\n}\n\n.full-cnt-size-label span {\n    display: table-cell;\n    vertical-align: middle;\n}",
              "Data" : {
                "DynamicThingTemplates_BayerProductionLine" : {
                  "DataName" : "DynamicThingTemplates_BayerProductionLine",
                  "EntityName" : "BayerProductionLine",
                  "EntityType" : "DynamicThingTemplates",
                  "Id" : "8c36b5aa-9a58-432b-a1b9-51904ca33aeb",
                  "Services" : [ {
                    "APIMethod" : "get",
                    "Characteristic" : "Services",
                    "Id" : "559c170f-0de1-4704-ade0-8d4f4b96814a",
                    "Name" : "GetProperties",
                    "Parameters" : { },
                    "RefreshInterval" : 0,
                    "Target" : "GetProperties"
                  } ]
                },
                "Session" : {
                  "DataName" : "Session",
                  "EntityName" : "",
                  "EntityType" : "Session",
                  "Id" : "session",
                  "Services" : [ {
                    "APIMethod" : "post",
                    "Characteristic" : "Services",
                    "Id" : "SessionInterface",
                    "Name" : "GetGlobalSessionValues",
                    "Parameters" : { },
                    "RefreshInterval" : 0,
                    "Target" : "GetGlobalSessionValues"
                  } ]
                },
                "Things_BayerProductionPlanPage" : {
                  "DataName" : "Things_BayerProductionPlanPage",
                  "EntityName" : "BayerProductionPlanPage",
                  "EntityType" : "Things",
                  "Id" : "a03fdf33-a666-4554-ad74-411352a9ee16",
                  "Services" : [ {
                    "APIMethod" : "post",
                    "Characteristic" : "Services",
                    "Id" : "b973a916-928c-44a8-915e-9f44d359bb36",
                    "Name" : "GetProductionPlanStatusFormatted",
                    "Parameters" : { },
                    "RefreshInterval" : 0,
                    "Target" : "GetProductionPlanStatusFormatted"
                  } ]
                },
                "UserExtensions" : {
                  "DataName" : "UserExtensions",
                  "EntityName" : "",
                  "EntityType" : "UserExtensions",
                  "Id" : "UserExtensions",
                  "Services" : [ {
                    "APIMethod" : "post",
                    "Characteristic" : "Services",
                    "Id" : "UserExtensionInterface",
                    "Name" : "GetCurrentUserExtensionProperties",
                    "Parameters" : { },
                    "RefreshInterval" : 0,
                    "Target" : "GetCurrentUserExtensionProperties"
                  } ]
                }
              },
              "DataBindings" : [ {
                "Id" : "14446c81-2964-41d1-a45c-3c8b270dc083",
                "PropertyMaps" : [ {
                  "SourceProperty" : "line",
                  "SourcePropertyBaseType" : "THINGNAME",
                  "TargetProperty" : "value",
                  "TargetPropertyBaseType" : "THINGNAME",
                  "TargetPropertyType" : "Entity"
                } ],
                "SourceArea" : "Mashup",
                "SourceId" : "mashup-root",
                "SourceSection" : "",
                "TargetArea" : "Data",
                "TargetId" : "EntityName",
                "TargetSection" : "DynamicThingTemplates_BayerProductionLine"
              }, {
                "Id" : "e8864c8e-0db7-439f-9fb2-6256d62f6b19",
                "PropertyMaps" : [ {
                  "SourceProperty" : "",
                  "SourcePropertyBaseType" : "INFOTABLE",
                  "SourcePropertyType" : "InfoTable",
                  "TargetProperty" : "Data",
                  "TargetPropertyBaseType" : "INFOTABLE",
                  "TargetPropertyType" : "property"
                } ],
                "SourceArea" : "Data",
                "SourceDetails" : "AllData",
                "SourceId" : "GetProductionPlanStatusFormatted",
                "SourceSection" : "Things_BayerProductionPlanPage",
                "TargetArea" : "UI",
                "TargetId" : "dhxgrid-46",
                "TargetSection" : ""
              }, {
                "Id" : "62cb2fc2-42fc-4d34-9ccc-104295b9f755",
                "PropertyMaps" : [ {
                  "SourceProperty" : "line",
                  "SourcePropertyBaseType" : "THINGNAME",
                  "TargetProperty" : "productionLine",
                  "TargetPropertyBaseType" : "THINGNAME",
                  "TargetPropertyType" : "Parameter"
                } ],
                "SourceArea" : "Mashup",
                "SourceId" : "mashup-root",
                "SourceSection" : "",
                "TargetArea" : "Data",
                "TargetId" : "GetProductionPlanStatusFormatted",
                "TargetSection" : "Things_BayerProductionPlanPage"
              }, {
                "Id" : "520e6244-c27b-4676-9ffc-47cbef59b9cc",
                "PropertyMaps" : [ {
                  "SourceProperty" : "displayName",
                  "SourcePropertyBaseType" : "STRING",
                  "SourcePropertyType" : "Property",
                  "TargetProperty" : "Data",
                  "TargetPropertyBaseType" : "ANYSCALAR",
                  "TargetPropertyType" : "property"
                } ],
                "SourceArea" : "Data",
                "SourceDetails" : "AllData",
                "SourceId" : "GetProperties",
                "SourceSection" : "DynamicThingTemplates_BayerProductionLine",
                "TargetArea" : "UI",
                "TargetId" : "valuedisplay-48",
                "TargetSection" : ""
              } ],
              "DesignTimePermissions" : {
                "Create" : [ ],
                "Delete" : [ ],
                "Metadata" : [ ],
                "Read" : [ ],
                "Update" : [ ]
              },
              "Events" : [ {
                "EventHandlerArea" : "Data",
                "EventHandlerId" : "DynamicThingTemplates_BayerProductionLine",
                "EventHandlerService" : "GetProperties",
                "EventTriggerArea" : "UI",
                "EventTriggerEvent" : "Clicked",
                "EventTriggerId" : "button-45",
                "EventTriggerSection" : "",
                "Id" : "2248faba-fe02-4709-9516-debd3acbbcd3"
              }, {
                "EventHandlerArea" : "Data",
                "EventHandlerId" : "Things_BayerProductionPlanPage",
                "EventHandlerService" : "GetProductionPlanStatusFormatted",
                "EventTriggerArea" : "Data",
                "EventTriggerEvent" : "ServiceInvokeCompleted",
                "EventTriggerId" : "GetProperties",
                "EventTriggerSection" : "DynamicThingTemplates_BayerProductionLine",
                "Id" : "8786e284-7247-4938-a48f-59ec750ec41c"
              }, {
                "EventHandlerArea" : "Data",
                "EventHandlerId" : "DynamicThingTemplates_BayerProductionLine",
                "EventHandlerService" : "GetProperties",
                "EventTriggerArea" : "Mashup",
                "EventTriggerEvent" : "Loaded",
                "EventTriggerId" : "mashup-root",
                "EventTriggerSection" : "",
                "Id" : "2003ddf7-07ef-441e-9afa-96659c5bf1cb"
              } ],
              "RunTimePermissions" : {
                "permissions" : [ ]
              },
              "UI" : {
                "Properties" : {
                  "AddToDashboardButton" : "SimplePlus",
                  "AddToDashboardButtonStyle" : "DefaultAddToDashboardButtonStyle",
                  "Area" : "Mashup",
                  "BGImage" : "",
                  "BGImageRepeat" : "no-repeat",
                  "BGImageSize" : "auto",
                  "Columns" : 0,
                  "ConfigureGadgetButton" : "SimpleGear",
                  "ConfigureGadgetButtonStyle" : "DefaultConfigureGadgetButtonStyle",
                  "DisplayName" : "Mashup",
                  "EnableParameterEditing" : false,
                  "Height" : 618,
                  "Id" : "mashup-root",
                  "IgnoreWarningsInViewMashup" : false,
                  "IsPrintLayout" : false,
                  "Left" : 0,
                  "MashupToEditGadget" : "DefaultMashupToEditGadget",
                  "MinHeight" : 0,
                  "MinWidth" : 0,
                  "ResponsiveLayout" : true,
                  "Rows" : 0,
                  "ShowDataLoading" : true,
                  "Style" : "DefaultMashupStyle",
                  "StyleTheme" : "Base Theme",
                  "Title" : "",
                  "TitleBar" : false,
                  "TitleBarStyle" : "DefaultTitleBarStyle",
                  "TitleBarText" : "Gadget Title Here",
                  "Top" : 0,
                  "Type" : "mashup",
                  "UseTheme" : false,
                  "UseThemeForHybrids" : false,
                  "Visible" : true,
                  "Width" : 1024,
                  "Z-index" : 10,
                  "__TypeDisplayName" : "Mashup",
                  "_currentParameterDefs" : [ {
                    "Aspects" : {
                      "bindingDirection" : "BOTH",
                      "isMandatory" : false
                    },
                    "BaseType" : "THINGNAME",
                    "Description" : "",
                    "ParameterName" : "line"
                  } ],
                  "id_index" : 51,
                  "supportsAutoResize" : true
                },
                "Widgets" : [ {
                  "Properties" : {
                    "Area" : "UI",
                    "Columns" : 1,
                    "DisplayName" : "layout-2",
                    "Footer" : false,
                    "FooterHeight" : 0,
                    "Header" : false,
                    "HeaderHeight" : 0,
                    "Id" : "layout-2",
                    "IncludeSpacingInFixedAreas" : false,
                    "IsPrintLayout" : false,
                    "Left" : 470,
                    "LeftSidebar" : false,
                    "LeftSidebarWidth" : 0,
                    "Orientation" : "horizontal",
                    "PctColumn1" : 100,
                    "PctColumn2" : 0,
                    "PctColumn3" : 1,
                    "PctColumn4" : 1,
                    "PctColumn5" : 1,
                    "PctColumn6" : 1,
                    "PctColumn7" : 1,
                    "PctColumn8" : 1,
                    "PctRow1" : 50,
                    "PctRow2" : 50,
                    "PctRow3" : 0,
                    "PctRow4" : 0,
                    "PctRow5" : 0,
                    "PctRow6" : 0,
                    "PctRow7" : 0,
                    "PctRow8" : 0,
                    "PrintMarginLeftRight" : 0.5,
                    "PrintMarginTopBottom" : 0.5,
                    "PrintWidth" : 650,
                    "ResponsiveLayout" : true,
                    "RightSidebar" : false,
                    "RightSidebarWidth" : 0,
                    "Rows" : 0,
                    "ShowDataLoading" : true,
                    "Spacing" : 0,
                    "Top" : 150,
                    "Type" : "layout",
                    "Visible" : true,
                    "Z-index" : 10,
                    "__TypeDisplayName" : "Layout"
                  },
                  "Widgets" : [ {
                    "Properties" : {
                      "AnimateExpandCollapse" : true,
                      "Area" : "UI",
                      "BGImageRepeat" : "no-repeat",
                      "BGImageSize" : "auto",
                      "DisplayName" : "Column 1",
                      "ExpandCollapseTabLocation" : "outside",
                      "Expanded" : true,
                      "Id" : "container-4",
                      "MinHeight" : 0,
                      "MinWidth" : 0,
                      "Overlay" : false,
                      "OverlayIsTransparent" : false,
                      "ResponsiveLayout" : true,
                      "ShowDataLoading" : true,
                      "ShowExpandCollapseTab" : false,
                      "Style" : "DefaultContainerStyle",
                      "TabCollapseStyle" : "DefaultTabCollapseStyle",
                      "TabExpandStyle" : "DefaultTabExpandStyle",
                      "TabHeight" : 36,
                      "TabLocation" : "center",
                      "TabOffset" : 0,
                      "TabWidth" : 36,
                      "Type" : "container",
                      "Visible" : true,
                      "Z-index" : 10,
                      "__TypeDisplayName" : "Container",
                      "userCannotRemove" : true
                    },
                    "Widgets" : [ {
                      "Properties" : {
                        "Area" : "UI",
                        "Columns" : 0,
                        "DisplayName" : "layout-6",
                        "Footer" : false,
                        "FooterHeight" : 0,
                        "Header" : true,
                        "HeaderHeight" : 70,
                        "Id" : "layout-6",
                        "IncludeSpacingInFixedAreas" : false,
                        "IsPrintLayout" : false,
                        "Left" : 345,
                        "LeftSidebar" : false,
                        "LeftSidebarWidth" : 0,
                        "Orientation" : "vertical",
                        "PctColumn1" : 50,
                        "PctColumn2" : 50,
                        "PctColumn3" : 1,
                        "PctColumn4" : 1,
                        "PctColumn5" : 1,
                        "PctColumn6" : 1,
                        "PctColumn7" : 1,
                        "PctColumn8" : 1,
                        "PctRow1" : 10,
                        "PctRow2" : 90,
                        "PctRow3" : 90,
                        "PctRow4" : 37.5,
                        "PctRow5" : 0,
                        "PctRow6" : 0,
                        "PctRow7" : 0,
                        "PctRow8" : 0,
                        "PrintMarginLeftRight" : 0.5,
                        "PrintMarginTopBottom" : 0.5,
                        "PrintWidth" : 650,
                        "ResponsiveLayout" : true,
                        "RightSidebar" : false,
                        "RightSidebarWidth" : 0,
                        "Rows" : 2,
                        "ShowDataLoading" : true,
                        "Spacing" : 0,
                        "Top" : 190,
                        "Type" : "layout",
                        "Visible" : true,
                        "Z-index" : 10,
                        "__TypeDisplayName" : "Layout"
                      },
                      "Widgets" : [ {
                        "Properties" : {
                          "AnimateExpandCollapse" : true,
                          "Area" : "UI",
                          "BGImageRepeat" : "no-repeat",
                          "BGImageSize" : "auto",
                          "DisplayName" : "Header",
                          "ExpandCollapseTabLocation" : "outside",
                          "Expanded" : true,
                          "Id" : "container-28",
                          "MinHeight" : 0,
                          "MinWidth" : 0,
                          "Overlay" : false,
                          "OverlayIsTransparent" : false,
                          "ResponsiveLayout" : true,
                          "ShowDataLoading" : true,
                          "ShowExpandCollapseTab" : false,
                          "Style" : "Bayer_Bar_Blue",
                          "TabCollapseStyle" : "DefaultTabCollapseStyle",
                          "TabExpandStyle" : "DefaultTabExpandStyle",
                          "TabHeight" : 36,
                          "TabLocation" : "center",
                          "TabOffset" : 0,
                          "TabWidth" : 36,
                          "Type" : "container",
                          "Visible" : true,
                          "Z-index" : 10,
                          "__TypeDisplayName" : "Container",
                          "userCannotRemove" : true
                        },
                        "Widgets" : [ {
                          "Properties" : {
                            "Area" : "UI",
                            "Columns" : 1,
                            "DisplayName" : "layout-49",
                            "Footer" : false,
                            "FooterHeight" : 0,
                            "Header" : false,
                            "HeaderHeight" : 0,
                            "Id" : "layout-49",
                            "IncludeSpacingInFixedAreas" : false,
                            "IsPrintLayout" : false,
                            "Left" : 160,
                            "LeftSidebar" : true,
                            "LeftSidebarWidth" : 10,
                            "Orientation" : "horizontal",
                            "PctColumn1" : 100,
                            "PctColumn2" : 0,
                            "PctColumn3" : 1,
                            "PctColumn4" : 1,
                            "PctColumn5" : 1,
                            "PctColumn6" : 1,
                            "PctColumn7" : 1,
                            "PctColumn8" : 1,
                            "PctRow1" : 50,
                            "PctRow2" : 50,
                            "PctRow3" : 0,
                            "PctRow4" : 0,
                            "PctRow5" : 0,
                            "PctRow6" : 0,
                            "PctRow7" : 0,
                            "PctRow8" : 0,
                            "PrintMarginLeftRight" : 0.5,
                            "PrintMarginTopBottom" : 0.5,
                            "PrintWidth" : 650,
                            "ResponsiveLayout" : true,
                            "RightSidebar" : false,
                            "RightSidebarWidth" : 0,
                            "Rows" : 0,
                            "ShowDataLoading" : true,
                            "Spacing" : 0,
                            "Top" : 30,
                            "Type" : "layout",
                            "Visible" : true,
                            "Z-index" : 10,
                            "__TypeDisplayName" : "Layout"
                          },
                          "Widgets" : [ {
                            "Properties" : {
                              "AnimateExpandCollapse" : true,
                              "Area" : "UI",
                              "BGImageRepeat" : "no-repeat",
                              "BGImageSize" : "auto",
                              "DisplayName" : "Left Sidebar",
                              "ExpandCollapseTabLocation" : "outside",
                              "Expanded" : true,
                              "Id" : "container-51",
                              "MinHeight" : 0,
                              "MinWidth" : 0,
                              "Overlay" : false,
                              "OverlayIsTransparent" : false,
                              "ResponsiveLayout" : true,
                              "ShowDataLoading" : true,
                              "ShowExpandCollapseTab" : false,
                              "Style" : "DefaultContainerStyle",
                              "TabCollapseStyle" : "DefaultTabCollapseStyle",
                              "TabExpandStyle" : "DefaultTabExpandStyle",
                              "TabHeight" : 36,
                              "TabLocation" : "center",
                              "TabOffset" : 0,
                              "TabWidth" : 36,
                              "Type" : "container",
                              "Visible" : true,
                              "Z-index" : 10,
                              "__TypeDisplayName" : "Container",
                              "userCannotRemove" : true
                            },
                            "Widgets" : [ ]
                          }, {
                            "Properties" : {
                              "AnimateExpandCollapse" : true,
                              "Area" : "UI",
                              "BGImageRepeat" : "no-repeat",
                              "BGImageSize" : "auto",
                              "DisplayName" : "Column 1",
                              "ExpandCollapseTabLocation" : "outside",
                              "Expanded" : true,
                              "Id" : "container-50",
                              "MinHeight" : 0,
                              "MinWidth" : 0,
                              "Overlay" : false,
                              "OverlayIsTransparent" : false,
                              "ResponsiveLayout" : true,
                              "ShowDataLoading" : true,
                              "ShowExpandCollapseTab" : false,
                              "Style" : "DefaultContainerStyle",
                              "TabCollapseStyle" : "DefaultTabCollapseStyle",
                              "TabExpandStyle" : "DefaultTabExpandStyle",
                              "TabHeight" : 36,
                              "TabLocation" : "center",
                              "TabOffset" : 0,
                              "TabWidth" : 36,
                              "Type" : "container",
                              "Visible" : true,
                              "Z-index" : 10,
                              "__TypeDisplayName" : "Container",
                              "userCannotRemove" : true
                            },
                            "Widgets" : [ {
                              "Properties" : {
                                "Area" : "UI",
                                "Columns" : 1,
                                "DisplayName" : "layout-29",
                                "Footer" : false,
                                "FooterHeight" : 0,
                                "Header" : false,
                                "HeaderHeight" : 0,
                                "Id" : "layout-29",
                                "IncludeSpacingInFixedAreas" : false,
                                "IsPrintLayout" : false,
                                "Left" : 275,
                                "LeftSidebar" : true,
                                "LeftSidebarWidth" : 350,
                                "Orientation" : "horizontal",
                                "PctColumn1" : 100,
                                "PctColumn2" : 0,
                                "PctColumn3" : 1,
                                "PctColumn4" : 1,
                                "PctColumn5" : 1,
                                "PctColumn6" : 1,
                                "PctColumn7" : 1,
                                "PctColumn8" : 1,
                                "PctRow1" : 50,
                                "PctRow2" : 50,
                                "PctRow3" : 0,
                                "PctRow4" : 0,
                                "PctRow5" : 0,
                                "PctRow6" : 0,
                                "PctRow7" : 0,
                                "PctRow8" : 0,
                                "PrintMarginLeftRight" : 0.5,
                                "PrintMarginTopBottom" : 0.5,
                                "PrintWidth" : 650,
                                "ResponsiveLayout" : true,
                                "RightSidebar" : false,
                                "RightSidebarWidth" : 0,
                                "Rows" : 0,
                                "ShowDataLoading" : true,
                                "Spacing" : 0,
                                "Top" : 65,
                                "Type" : "layout",
                                "Visible" : true,
                                "Z-index" : 10,
                                "__TypeDisplayName" : "Layout"
                              },
                              "Widgets" : [ {
                                "Properties" : {
                                  "AnimateExpandCollapse" : true,
                                  "Area" : "UI",
                                  "BGImageRepeat" : "no-repeat",
                                  "BGImageSize" : "auto",
                                  "DisplayName" : "Left Sidebar",
                                  "ExpandCollapseTabLocation" : "outside",
                                  "Expanded" : true,
                                  "Id" : "container-47",
                                  "MinHeight" : 0,
                                  "MinWidth" : 0,
                                  "Overlay" : false,
                                  "OverlayIsTransparent" : false,
                                  "ResponsiveLayout" : true,
                                  "ShowDataLoading" : true,
                                  "ShowExpandCollapseTab" : false,
                                  "Style" : "DefaultContainerStyle",
                                  "TabCollapseStyle" : "DefaultTabCollapseStyle",
                                  "TabExpandStyle" : "DefaultTabExpandStyle",
                                  "TabHeight" : 36,
                                  "TabLocation" : "center",
                                  "TabOffset" : 0,
                                  "TabWidth" : 36,
                                  "Type" : "container",
                                  "Visible" : true,
                                  "Z-index" : 10,
                                  "__TypeDisplayName" : "Container",
                                  "userCannotRemove" : true
                                },
                                "Widgets" : [ {
                                  "Properties" : {
                                    "Alignment" : "left",
                                    "Area" : "UI",
                                    "BackgroundFill" : "content",
                                    "DisplayName" : "valuedisplay-48",
                                    "Height" : 22,
                                    "Id" : "valuedisplay-48",
                                    "ImageScaling" : "Width",
                                    "Label" : "",
                                    "LabelAlignment" : "left",
                                    "Left" : 135,
                                    "Overflow" : "hidden",
                                    "ResponsiveLayout" : true,
                                    "ShowDataLoading" : true,
                                    "TextIfNoValue" : "",
                                    "TextIfNoValueOffset" : 0,
                                    "TextIfNoValueStyle" : "Bayer_WhiteTitleBig",
                                    "TextWrap" : true,
                                    "ToolTipField" : "",
                                    "ToolTipStyle" : "DefaultTooltipStyle",
                                    "Top" : 35,
                                    "Type" : "valuedisplay",
                                    "UseTheme" : false,
                                    "ValueDisplayLabelStyle" : "DefaultWidgetLabelStyle",
                                    "ValueDisplayStyle" : "Bayer_WhiteTitleBig",
                                    "ValueFormat" : {
                                      "FormatString" : "full",
                                      "renderer" : "STRING"
                                    },
                                    "ValueFormat_StateParameters" : [ ],
                                    "VerticalAlignment" : "middle",
                                    "Visible" : true,
                                    "Width" : 100,
                                    "Z-index" : 10,
                                    "__TypeDisplayName" : "Value Display",
                                    "__supportsLabel" : true,
                                    "__supportsTooltip" : true
                                  },
                                  "Widgets" : [ ]
                                } ]
                              }, {
                                "Properties" : {
                                  "AnimateExpandCollapse" : true,
                                  "Area" : "UI",
                                  "BGImageRepeat" : "no-repeat",
                                  "BGImageSize" : "auto",
                                  "DisplayName" : "Column",
                                  "ExpandCollapseTabLocation" : "outside",
                                  "Expanded" : true,
                                  "Id" : "container-30",
                                  "MinHeight" : 0,
                                  "MinWidth" : 0,
                                  "Overlay" : false,
                                  "OverlayIsTransparent" : false,
                                  "ResponsiveLayout" : true,
                                  "ShowDataLoading" : true,
                                  "ShowExpandCollapseTab" : false,
                                  "Style" : "DefaultContainerStyle",
                                  "TabCollapseStyle" : "DefaultTabCollapseStyle",
                                  "TabExpandStyle" : "DefaultTabExpandStyle",
                                  "TabHeight" : 36,
                                  "TabLocation" : "center",
                                  "TabOffset" : 0,
                                  "TabWidth" : 36,
                                  "Type" : "container",
                                  "Visible" : true,
                                  "Z-index" : 10,
                                  "__TypeDisplayName" : "Container",
                                  "userCannotRemove" : true
                                },
                                "Widgets" : [ ]
                              } ]
                            } ]
                          } ]
                        } ]
                      }, {
                        "Properties" : {
                          "AnimateExpandCollapse" : true,
                          "Area" : "UI",
                          "BGImageRepeat" : "no-repeat",
                          "BGImageSize" : "auto",
                          "CustomClass" : "panelShadow",
                          "DisplayName" : "Row",
                          "ExpandCollapseTabLocation" : "outside",
                          "Expanded" : true,
                          "Id" : "container-40",
                          "MinHeight" : 0,
                          "MinWidth" : 0,
                          "Overlay" : false,
                          "OverlayIsTransparent" : false,
                          "ResponsiveLayout" : true,
                          "ShowDataLoading" : true,
                          "ShowExpandCollapseTab" : false,
                          "Style" : "DefaultContainerStyle",
                          "TabCollapseStyle" : "DefaultTabCollapseStyle",
                          "TabExpandStyle" : "DefaultTabExpandStyle",
                          "TabHeight" : 36,
                          "TabLocation" : "center",
                          "TabOffset" : 0,
                          "TabWidth" : 36,
                          "Type" : "container",
                          "Visible" : true,
                          "Z-index" : 10,
                          "__TypeDisplayName" : "Container",
                          "userCannotRemove" : true
                        },
                        "Widgets" : [ {
                          "Properties" : {
                            "Area" : "UI",
                            "Columns" : 1,
                            "DisplayName" : "layout-41",
                            "Footer" : false,
                            "FooterHeight" : 0,
                            "Header" : false,
                            "HeaderHeight" : 0,
                            "Id" : "layout-41",
                            "IncludeSpacingInFixedAreas" : false,
                            "IsPrintLayout" : false,
                            "Left" : 210,
                            "LeftSidebar" : false,
                            "LeftSidebarWidth" : 0,
                            "Orientation" : "horizontal",
                            "PctColumn1" : 100,
                            "PctColumn2" : 0,
                            "PctColumn3" : 1,
                            "PctColumn4" : 1,
                            "PctColumn5" : 1,
                            "PctColumn6" : 1,
                            "PctColumn7" : 1,
                            "PctColumn8" : 1,
                            "PctRow1" : 50,
                            "PctRow2" : 50,
                            "PctRow3" : 0,
                            "PctRow4" : 0,
                            "PctRow5" : 0,
                            "PctRow6" : 0,
                            "PctRow7" : 0,
                            "PctRow8" : 0,
                            "PrintMarginLeftRight" : 0.5,
                            "PrintMarginTopBottom" : 0.5,
                            "PrintWidth" : 650,
                            "ResponsiveLayout" : true,
                            "RightSidebar" : true,
                            "RightSidebarWidth" : 140,
                            "Rows" : 0,
                            "ShowDataLoading" : true,
                            "Spacing" : 2,
                            "Top" : 120,
                            "Type" : "layout",
                            "Visible" : true,
                            "Z-index" : 10,
                            "__TypeDisplayName" : "Layout"
                          },
                          "Widgets" : [ {
                            "Properties" : {
                              "AnimateExpandCollapse" : true,
                              "Area" : "UI",
                              "BGImageRepeat" : "no-repeat",
                              "BGImageSize" : "auto",
                              "DisplayName" : "Column 1",
                              "ExpandCollapseTabLocation" : "outside",
                              "Expanded" : true,
                              "Id" : "container-42",
                              "MinHeight" : 0,
                              "MinWidth" : 0,
                              "Overlay" : false,
                              "OverlayIsTransparent" : false,
                              "ResponsiveLayout" : true,
                              "ShowDataLoading" : true,
                              "ShowExpandCollapseTab" : false,
                              "Style" : "DefaultContainerStyle",
                              "TabCollapseStyle" : "DefaultTabCollapseStyle",
                              "TabExpandStyle" : "DefaultTabExpandStyle",
                              "TabHeight" : 36,
                              "TabLocation" : "center",
                              "TabOffset" : 0,
                              "TabWidth" : 36,
                              "Type" : "container",
                              "Visible" : true,
                              "Z-index" : 10,
                              "__TypeDisplayName" : "Container",
                              "userCannotRemove" : true
                            },
                            "Widgets" : [ ]
                          }, {
                            "Properties" : {
                              "AnimateExpandCollapse" : true,
                              "Area" : "UI",
                              "BGImageRepeat" : "no-repeat",
                              "BGImageSize" : "auto",
                              "DisplayName" : "Right Sidebar",
                              "ExpandCollapseTabLocation" : "outside",
                              "Expanded" : true,
                              "Id" : "container-43",
                              "MinHeight" : 0,
                              "MinWidth" : 0,
                              "Overlay" : false,
                              "OverlayIsTransparent" : false,
                              "ResponsiveLayout" : true,
                              "ShowDataLoading" : true,
                              "ShowExpandCollapseTab" : false,
                              "Style" : "DefaultContainerStyle",
                              "TabCollapseStyle" : "DefaultTabCollapseStyle",
                              "TabExpandStyle" : "DefaultTabExpandStyle",
                              "TabHeight" : 36,
                              "TabLocation" : "center",
                              "TabOffset" : 0,
                              "TabWidth" : 36,
                              "Type" : "container",
                              "Visible" : true,
                              "Z-index" : 10,
                              "__TypeDisplayName" : "Container",
                              "userCannotRemove" : true
                            },
                            "Widgets" : [ {
                              "Properties" : {
                                "Area" : "UI",
                                "DisplayName" : "panel-44",
                                "Height" : 200,
                                "HideScrollbars" : false,
                                "HorizontalAnchor" : "left",
                                "Id" : "panel-44",
                                "Left" : 40,
                                "ResponsiveLayout" : true,
                                "ShowDataLoading" : true,
                                "Style" : "DefaultWhiteLabelStyle",
                                "Top" : 15,
                                "Type" : "panel",
                                "VerticalAnchor" : "top",
                                "Visible" : true,
                                "Width" : 300,
                                "Z-index" : 10,
                                "__TypeDisplayName" : "Panel"
                              },
                              "Widgets" : [ {
                                "Properties" : {
                                  "ActiveStyle" : "DefaultButtonActiveStyle",
                                  "Area" : "UI",
                                  "CancelConfirmationButton" : "button2",
                                  "ConfirmationButton1Label" : "Yes",
                                  "ConfirmationButton2Label" : "No",
                                  "ConfirmationPrompt" : "Do Action?",
                                  "ConfirmationRequired" : false,
                                  "ConfirmationTitle" : "Confirm Action",
                                  "ContextId" : "",
                                  "DefaultConfirmationButton" : "button1",
                                  "Disabled" : false,
                                  "DisabledStyle" : "DefaultButtonDisabledStyle",
                                  "DisplayName" : "button-45",
                                  "FocusStyle" : "DefaultButtonFocusStyle",
                                  "Height" : 30,
                                  "HoverStyle" : "Bayer_ButtonBlueHover",
                                  "IconAlignment" : "left",
                                  "Id" : "button-45",
                                  "Label" : "[[refresh]]",
                                  "Left" : 0,
                                  "ResponsiveLayout" : false,
                                  "RoundedCorners" : true,
                                  "ShowDataLoading" : true,
                                  "SingleClickSelectOnTablets" : true,
                                  "Style" : "Bayer_ButtonBlue",
                                  "TabSequence" : 0,
                                  "ToolTipField" : "",
                                  "ToolTipStyle" : "DefaultTooltipStyle",
                                  "Top" : 8,
                                  "Type" : "button",
                                  "Visible" : true,
                                  "Width" : 105,
                                  "Z-index" : 10,
                                  "__TypeDisplayName" : "Button",
                                  "__supportsTooltip" : true
                                },
                                "Widgets" : [ ]
                              } ]
                            } ]
                          } ]
                        } ]
                      }, {
                        "Properties" : {
                          "AnimateExpandCollapse" : true,
                          "Area" : "UI",
                          "BGImageRepeat" : "no-repeat",
                          "BGImageSize" : "auto",
                          "CustomClass" : "panelShadow",
                          "DisplayName" : "Row",
                          "ExpandCollapseTabLocation" : "outside",
                          "Expanded" : true,
                          "Id" : "container-20",
                          "MinHeight" : 0,
                          "MinWidth" : 0,
                          "Overlay" : false,
                          "OverlayIsTransparent" : false,
                          "ResponsiveLayout" : true,
                          "ShowDataLoading" : true,
                          "ShowExpandCollapseTab" : false,
                          "Style" : "DefaultContainerStyle",
                          "TabCollapseStyle" : "DefaultTabCollapseStyle",
                          "TabExpandStyle" : "DefaultTabExpandStyle",
                          "TabHeight" : 36,
                          "TabLocation" : "center",
                          "TabOffset" : 0,
                          "TabWidth" : 36,
                          "Type" : "container",
                          "Visible" : true,
                          "Z-index" : 10,
                          "__TypeDisplayName" : "Container",
                          "userCannotRemove" : true
                        },
                        "Widgets" : [ {
                          "Properties" : {
                            "AlignHeader" : false,
                            "Area" : "UI",
                            "AutoSelectFirstRow" : false,
                            "CellTextWrapping" : false,
                            "ColumnFormat" : {
                              "formatInfo" : [ {
                                "Align" : "left",
                                "AllowEdit" : false,
                                "FieldName" : "statusFormatted",
                                "FormatOptions" : {
                                  "FormatString" : "full",
                                  "formatInfo" : {
                                    "FieldName" : "statusForColoring",
                                    "StateDefinition" : "BayerProductionPlanGridStatusState",
                                    "StateDefinitionType" : "string",
                                    "StateFormats" : [ {
                                      "comparator" : "==",
                                      "state" : "BayerProductionPlanGridStatusScheduledChangeover",
                                      "stateName" : "",
                                      "value" : "ScheduledChangeover"
                                    }, {
                                      "comparator" : "==",
                                      "state" : "BayerProductionPlanGridStatusCompletedChangeover",
                                      "stateName" : "",
                                      "value" : "CompletedChangeover"
                                    }, {
                                      "comparator" : "==",
                                      "state" : "BayerProductPlanGridStatusCompleted",
                                      "stateName" : "",
                                      "value" : "Completed"
                                    }, {
                                      "comparator" : "==",
                                      "state" : "BayerProductPlanGridStatusRunning",
                                      "stateName" : "",
                                      "value" : "Running"
                                    }, {
                                      "state" : "ThingWorxSystemTargetHeader",
                                      "stateName" : ""
                                    } ]
                                  },
                                  "renderer" : "STRING",
                                  "roundingEnabled" : true
                                },
                                "Title" : "[[Bayer.Status]]",
                                "ValidationExpression" : "",
                                "ValidationMessage" : "",
                                "Width" : "auto"
                              }, {
                                "Align" : "left",
                                "AllowEdit" : false,
                                "FieldName" : "orderNr",
                                "FormatOptions" : {
                                  "FormatString" : "full",
                                  "formatInfo" : {
                                    "FieldName" : "",
                                    "StateDefinition" : "",
                                    "StateDefinitionType" : "fixed",
                                    "StateFormats" : [ {
                                      "state" : "",
                                      "stateName" : "fixed"
                                    } ]
                                  },
                                  "renderer" : "STRING",
                                  "roundingEnabled" : true
                                },
                                "Title" : "[[Bayer.orderNumber]]",
                                "ValidationExpression" : "",
                                "ValidationMessage" : "",
                                "Width" : "auto"
                              }, {
                                "Align" : "left",
                                "AllowEdit" : false,
                                "FieldName" : "productIdTranslated",
                                "FormatOptions" : {
                                  "FormatString" : "full",
                                  "formatInfo" : {
                                    "FieldName" : "",
                                    "StateDefinition" : "",
                                    "StateDefinitionType" : "fixed",
                                    "StateFormats" : [ {
                                      "state" : "",
                                      "stateName" : "fixed"
                                    } ]
                                  },
                                  "renderer" : "STRING",
                                  "roundingEnabled" : true
                                },
                                "Title" : "[[Bayer.ProductID]]",
                                "ValidationExpression" : "",
                                "ValidationMessage" : "",
                                "Width" : "auto"
                              }, {
                                "Align" : "left",
                                "AllowEdit" : false,
                                "FieldName" : "productDescriptionTranslated",
                                "FormatOptions" : {
                                  "FormatString" : "full",
                                  "formatInfo" : {
                                    "FieldName" : "",
                                    "StateDefinition" : "",
                                    "StateDefinitionType" : "fixed",
                                    "StateFormats" : [ {
                                      "state" : "",
                                      "stateName" : "fixed"
                                    } ]
                                  },
                                  "renderer" : "STRING",
                                  "roundingEnabled" : true
                                },
                                "Title" : "[[Bayer.ProductDescription]]",
                                "ValidationExpression" : "",
                                "ValidationMessage" : "",
                                "Width" : "auto"
                              }, {
                                "Align" : "left",
                                "AllowEdit" : false,
                                "FieldName" : "version",
                                "FormatOptions" : {
                                  "FormatString" : "full",
                                  "formatInfo" : {
                                    "FieldName" : "",
                                    "StateDefinition" : "",
                                    "StateDefinitionType" : "fixed",
                                    "StateFormats" : [ {
                                      "state" : "",
                                      "stateName" : "fixed"
                                    } ]
                                  },
                                  "renderer" : "STRING",
                                  "roundingEnabled" : true
                                },
                                "Title" : "[[Bayer.version]]",
                                "ValidationExpression" : "",
                                "ValidationMessage" : "",
                                "Width" : "auto"
                              }, {
                                "Align" : "right",
                                "AllowEdit" : false,
                                "FieldName" : "targetQuantity",
                                "FormatOptions" : {
                                  "FormatString" : "0.00",
                                  "formatInfo" : {
                                    "FieldName" : "",
                                    "StateDefinition" : "",
                                    "StateDefinitionType" : "fixed",
                                    "StateFormats" : [ {
                                      "state" : "",
                                      "stateName" : "fixed"
                                    } ]
                                  },
                                  "renderer" : "NUMBER",
                                  "roundingEnabled" : true
                                },
                                "Title" : "[[Bayer.targetQuantity]]",
                                "ValidationExpression" : "",
                                "ValidationMessage" : "",
                                "Width" : "auto"
                              }, {
                                "Align" : "left",
                                "AllowEdit" : false,
                                "FieldName" : "uom",
                                "FormatOptions" : {
                                  "FormatString" : "full",
                                  "formatInfo" : {
                                    "FieldName" : "",
                                    "StateDefinition" : "",
                                    "StateDefinitionType" : "fixed",
                                    "StateFormats" : [ {
                                      "state" : "",
                                      "stateName" : "fixed"
                                    } ]
                                  },
                                  "renderer" : "STRING",
                                  "roundingEnabled" : true
                                },
                                "Title" : "[[Bayer.uom]]",
                                "ValidationExpression" : "",
                                "ValidationMessage" : "",
                                "Width" : "auto"
                              }, {
                                "Align" : "right",
                                "AllowEdit" : false,
                                "FieldName" : "targetHours",
                                "FormatOptions" : {
                                  "FormatString" : "0.00",
                                  "formatInfo" : {
                                    "FieldName" : "",
                                    "StateDefinition" : "",
                                    "StateDefinitionType" : "fixed",
                                    "StateFormats" : [ {
                                      "state" : "",
                                      "stateName" : "fixed"
                                    } ]
                                  },
                                  "renderer" : "NUMBER",
                                  "roundingEnabled" : true
                                },
                                "Title" : "[[Bayer.targetHours]]",
                                "ValidationExpression" : "",
                                "ValidationMessage" : "",
                                "Width" : "auto"
                              }, {
                                "Align" : "right",
                                "AllowEdit" : false,
                                "FieldName" : "targetQuantityPerHour",
                                "FormatOptions" : {
                                  "FormatString" : "0.00",
                                  "formatInfo" : {
                                    "FieldName" : "",
                                    "StateDefinition" : "",
                                    "StateDefinitionType" : "fixed",
                                    "StateFormats" : [ {
                                      "state" : "",
                                      "stateName" : "fixed"
                                    } ]
                                  },
                                  "renderer" : "NUMBER",
                                  "roundingEnabled" : true
                                },
                                "Title" : "[[Bayer.targetQuantityPerHour]]",
                                "ValidationExpression" : "",
                                "ValidationMessage" : "",
                                "Width" : "auto"
                              }, {
                                "Align" : "right",
                                "AllowEdit" : false,
                                "FieldName" : "remainingHours",
                                "FormatOptions" : {
                                  "FormatString" : "0.00",
                                  "formatInfo" : {
                                    "FieldName" : "",
                                    "StateDefinition" : "",
                                    "StateDefinitionType" : "fixed",
                                    "StateFormats" : [ {
                                      "state" : "",
                                      "stateName" : "fixed"
                                    } ]
                                  },
                                  "renderer" : "NUMBER",
                                  "roundingEnabled" : true
                                },
                                "Title" : "[[Bayer.remainingHours]]",
                                "ValidationExpression" : "",
                                "ValidationMessage" : "",
                                "Width" : "auto"
                              }, {
                                "Align" : "right",
                                "AllowEdit" : false,
                                "FieldName" : "workedHours",
                                "FormatOptions" : {
                                  "FormatString" : "0.00",
                                  "formatInfo" : {
                                    "FieldName" : "",
                                    "StateDefinition" : "",
                                    "StateDefinitionType" : "fixed",
                                    "StateFormats" : [ {
                                      "state" : "",
                                      "stateName" : "fixed"
                                    } ]
                                  },
                                  "renderer" : "NUMBER",
                                  "roundingEnabled" : true
                                },
                                "Title" : "[[Bayer.workedHours]]",
                                "ValidationExpression" : "",
                                "ValidationMessage" : "",
                                "Width" : "auto"
                              }, {
                                "Align" : "right",
                                "AllowEdit" : false,
                                "FieldName" : "producedQuantity",
                                "FormatOptions" : {
                                  "FormatString" : "0.00",
                                  "formatInfo" : {
                                    "FieldName" : "",
                                    "StateDefinition" : "",
                                    "StateDefinitionType" : "fixed",
                                    "StateFormats" : [ {
                                      "state" : "",
                                      "stateName" : "fixed"
                                    } ]
                                  },
                                  "renderer" : "NUMBER",
                                  "roundingEnabled" : true
                                },
                                "Title" : "[[Bayer.producedQuantity]]",
                                "ValidationExpression" : "",
                                "ValidationMessage" : "",
                                "Width" : "auto"
                              }, {
                                "Align" : "left",
                                "AllowEdit" : false,
                                "FieldName" : "startTime",
                                "FormatOptions" : {
                                  "FormatString" : "[[Bayer.TimeFormat1]]",
                                  "formatInfo" : {
                                    "FieldName" : "",
                                    "StateDefinition" : "",
                                    "StateDefinitionType" : "fixed",
                                    "StateFormats" : [ {
                                      "state" : "",
                                      "stateName" : "fixed"
                                    } ]
                                  },
                                  "renderer" : "DATETIME",
                                  "roundingEnabled" : true
                                },
                                "Title" : "[[startTime]]",
                                "ValidationExpression" : "",
                                "ValidationMessage" : "",
                                "Width" : "auto"
                              }, {
                                "Align" : "left",
                                "AllowEdit" : false,
                                "FieldName" : "endTime",
                                "FormatOptions" : {
                                  "FormatString" : "[[Bayer.TimeFormat1]]",
                                  "formatInfo" : {
                                    "FieldName" : "",
                                    "StateDefinition" : "",
                                    "StateDefinitionType" : "fixed",
                                    "StateFormats" : [ {
                                      "state" : "",
                                      "stateName" : "fixed"
                                    } ]
                                  },
                                  "renderer" : "DATETIME",
                                  "roundingEnabled" : true
                                },
                                "Title" : "[[endTime]]",
                                "ValidationExpression" : "",
                                "ValidationMessage" : "",
                                "Width" : "auto"
                              }, {
                                "Align" : "left",
                                "AllowEdit" : false,
                                "FieldName" : "activeMaterialNumber",
                                "FormatOptions" : {
                                  "FormatString" : "full",
                                  "formatInfo" : {
                                    "FieldName" : "",
                                    "StateDefinition" : "",
                                    "StateDefinitionType" : "fixed",
                                    "StateFormats" : [ {
                                      "state" : "",
                                      "stateName" : "fixed"
                                    } ]
                                  },
                                  "renderer" : "STRING",
                                  "roundingEnabled" : true
                                },
                                "Title" : "[[Bayer.activeMaterialNumber]]",
                                "ValidationExpression" : "",
                                "ValidationMessage" : "",
                                "Width" : "auto"
                              }, {
                                "Align" : "left",
                                "AllowEdit" : false,
                                "FieldName" : "blisterType",
                                "FormatOptions" : {
                                  "FormatString" : "full",
                                  "formatInfo" : {
                                    "FieldName" : "",
                                    "StateDefinition" : "",
                                    "StateDefinitionType" : "fixed",
                                    "StateFormats" : [ {
                                      "state" : "",
                                      "stateName" : "fixed"
                                    } ]
                                  },
                                  "renderer" : "STRING",
                                  "roundingEnabled" : true
                                },
                                "Title" : "[[Bayer.blisterType]]",
                                "ValidationExpression" : "",
                                "ValidationMessage" : "",
                                "Width" : "auto"
                              }, {
                                "Align" : "left",
                                "AllowEdit" : false,
                                "FieldName" : "foldedBoxFormat",
                                "FormatOptions" : {
                                  "FormatString" : "full",
                                  "formatInfo" : {
                                    "FieldName" : "",
                                    "StateDefinition" : "",
                                    "StateDefinitionType" : "fixed",
                                    "StateFormats" : [ {
                                      "state" : "",
                                      "stateName" : "fixed"
                                    } ]
                                  },
                                  "renderer" : "STRING",
                                  "roundingEnabled" : true
                                },
                                "Title" : "[[Bayer.foldedBoxFormat]]",
                                "ValidationExpression" : "",
                                "ValidationMessage" : "",
                                "Width" : "auto"
                              }, {
                                "Align" : "right",
                                "AllowEdit" : false,
                                "FieldName" : "blistersPerFoldedBox",
                                "FormatOptions" : {
                                  "FormatString" : "0",
                                  "formatInfo" : {
                                    "FieldName" : "",
                                    "StateDefinition" : "",
                                    "StateDefinitionType" : "fixed",
                                    "StateFormats" : [ {
                                      "state" : "",
                                      "stateName" : "fixed"
                                    } ]
                                  },
                                  "renderer" : "INTEGER",
                                  "roundingEnabled" : true
                                },
                                "Title" : "[[Bayer.blistersPerFoldedBox]]",
                                "ValidationExpression" : "",
                                "ValidationMessage" : "",
                                "Width" : "auto"
                              }, {
                                "Align" : "right",
                                "AllowEdit" : false,
                                "FieldName" : "tabletsPerBlister",
                                "FormatOptions" : {
                                  "FormatString" : "0",
                                  "formatInfo" : {
                                    "FieldName" : "",
                                    "StateDefinition" : "",
                                    "StateDefinitionType" : "fixed",
                                    "StateFormats" : [ {
                                      "state" : "",
                                      "stateName" : "fixed"
                                    } ]
                                  },
                                  "renderer" : "INTEGER",
                                  "roundingEnabled" : true
                                },
                                "Title" : "[[Bayer.tabletsPerBlister]]",
                                "ValidationExpression" : "",
                                "ValidationMessage" : "",
                                "Width" : "auto"
                              }, {
                                "Align" : "left",
                                "AllowEdit" : false,
                                "FieldName" : "commentFirstLine",
                                "FormatOptions" : {
                                  "FormatString" : "full",
                                  "formatInfo" : {
                                    "FieldName" : "",
                                    "StateDefinition" : "",
                                    "StateDefinitionType" : "fixed",
                                    "StateFormats" : [ {
                                      "state" : "",
                                      "stateName" : "fixed"
                                    } ]
                                  },
                                  "renderer" : "STRING",
                                  "roundingEnabled" : true
                                },
                                "Title" : "[[Bayer.Comments]]",
                                "ValidationExpression" : "",
                                "ValidationMessage" : "",
                                "Width" : "auto"
                              }, {
                                "Align" : "left",
                                "AllowEdit" : false,
                                "FieldName" : "mdatSaf",
                                "FormatOptions" : {
                                  "FormatString" : "[[Bayer.TimeFormat1]]",
                                  "formatInfo" : {
                                    "FieldName" : "",
                                    "StateDefinition" : "",
                                    "StateDefinitionType" : "fixed",
                                    "StateFormats" : [ {
                                      "state" : "",
                                      "stateName" : "fixed"
                                    } ]
                                  },
                                  "renderer" : "DATETIME",
                                  "roundingEnabled" : true
                                },
                                "Title" : "[[Bayer.mdatSaf]]",
                                "ValidationExpression" : "",
                                "ValidationMessage" : "",
                                "Width" : "auto"
                              }, {
                                "Align" : "left",
                                "AllowEdit" : false,
                                "FieldName" : "mdatOos",
                                "FormatOptions" : {
                                  "FormatString" : "[[Bayer.TimeFormat1]]",
                                  "formatInfo" : {
                                    "FieldName" : "",
                                    "StateDefinition" : "",
                                    "StateDefinitionType" : "fixed",
                                    "StateFormats" : [ {
                                      "state" : "",
                                      "stateName" : "fixed"
                                    } ]
                                  },
                                  "renderer" : "DATETIME",
                                  "roundingEnabled" : true
                                },
                                "Title" : "[[Bayer.mdatOos]]",
                                "ValidationExpression" : "",
                                "ValidationMessage" : "",
                                "Width" : "auto"
                              }, {
                                "Align" : "left",
                                "AllowEdit" : false,
                                "FieldName" : "manufProcess",
                                "FormatOptions" : {
                                  "FormatString" : "full",
                                  "formatInfo" : {
                                    "FieldName" : "",
                                    "StateDefinition" : "",
                                    "StateDefinitionType" : "fixed",
                                    "StateFormats" : [ {
                                      "state" : "",
                                      "stateName" : "fixed"
                                    } ]
                                  },
                                  "renderer" : "STRING",
                                  "roundingEnabled" : true
                                },
                                "Title" : "[[Bayer.manufProcess]]",
                                "ValidationExpression" : "",
                                "ValidationMessage" : "",
                                "Width" : "auto"
                              } ]
                            },
                            "CurrentScrollTop" : 0,
                            "DisplayName" : "dhxgrid-46",
                            "FocusStyle" : "DefaultFocusStyle",
                            "GridBackgroundStyle" : "DefaultGridBackgroundStyle",
                            "GridEditableFieldStyle" : "DefaultGridEditableFieldStyle",
                            "GridHeaderStyle" : "DefaultGridHeaderStyle",
                            "GridHeaderTextCase" : "capitalize",
                            "GridInvalidFieldStyle" : "DefaultGridInvalidFieldStyle",
                            "Height" : 200,
                            "Id" : "dhxgrid-46",
                            "IsEditable" : false,
                            "IsPrintLayout" : false,
                            "Left" : 130,
                            "MultiSelect" : false,
                            "ResponsiveLayout" : true,
                            "RowAlternateBackgroundStyle" : "DefaultRowAlternateBackgroundStyle",
                            "RowBackgroundStyle" : "DefaultRowBackgroundStyle",
                            "RowFormat_StateParameters" : [ ],
                            "RowHeight" : 30,
                            "RowHoverStyle" : "DefaultRowHoverStyle",
                            "RowSelectedStyle" : "DefaultRowSelectedStyle",
                            "ScrollTop" : 0,
                            "ShowAllColumns" : false,
                            "ShowDataLoading" : true,
                            "TabSequence" : 0,
                            "Top" : 90,
                            "Type" : "dhxgrid",
                            "Visible" : true,
                            "Width" : 400,
                            "Z-index" : 10,
                            "__TypeDisplayName" : "Grid"
                          },
                          "Widgets" : [ ]
                        } ]
                      } ]
                    } ]
                  } ]
                } ]
              },
              "mashupType" : "mashup"
            }
            ]]>
            </mashupContent>
            <preview></preview>
        </Mashup>
    </Mashups>
</Entities>
