<?xml version="1.0" encoding="UTF-8" standalone="no"?>
<Entities build="b222" majorVersion="8" minorVersion="5" modelPersistenceProviderPackage="PostgresPersistenceProviderPackage" revision="4" schemaVersion="1053" universal="">
    <DataShapes>
        <DataShape baseDataShape="" description="" documentationContent="" homeMashup="" lastModifiedDate="2020-10-25T19:47:17.794Z" name="BayerShiftSchedulesDataShape" projectName="BayerIoT" tags="Applications:Bayer">
            <avatar/>
            <DesignTimePermissions>
                <Create/>
                <Read>
                    <Principal isPermitted="true" name="App.BayerPerformanceDashboard" type="Group"/>
                </Read>
                <Update/>
                <Delete/>
                <Metadata/>
            </DesignTimePermissions>
            <RunTimePermissions/>
            <VisibilityPermissions>
                <Visibility>
                    <Principal isPermitted="true" name="Bayer:PerformanceDashboard" type="OrganizationalUnit"/>
                </Visibility>
            </VisibilityPermissions>
            <ConfigurationTableDefinitions/>
            <ConfigurationTables/>
            <FieldDefinitions>
                <FieldDefinition aspect.isPrimaryKey="false" baseType="INTEGER" description="" name="id" ordinal="5"/>
                <FieldDefinition aspect.dataShape="BayerScheduleDataShape" baseType="INFOTABLE" description="" name="shiftSchedule" ordinal="1"/>
                <FieldDefinition aspect.isPrimaryKey="false" aspect.thingTemplate="BayerProductionLine" baseType="THINGNAME" description="" name="source" ordinal="6"/>
                <FieldDefinition aspect.isPrimaryKey="false" baseType="DATETIME" description="" name="timestamp" ordinal="4"/>
                <FieldDefinition baseType="NUMBER" description="" name="totalQuantityProduced" ordinal="2"/>
                <FieldDefinition baseType="NUMBER" description="" name="totalTargetQuantity" ordinal="3"/>
            </FieldDefinitions>
        </DataShape>
    </DataShapes>
</Entities>
