<?xml version="1.0" encoding="UTF-8" standalone="no"?>
<Entities build="b2319" majorVersion="8" minorVersion="4" modelPersistenceProviderPackage="PostgresPersistenceProviderPackage" revision="4" schemaVersion="1041" universal="">
    <ThingShapes>
        <ThingShape className="" description="" documentationContent="" homeMashup="" lastModifiedDate="2019-09-17T10:44:33.209Z" name="BayerSafetyIssuesProviderShape" projectName="BayerIoT" tags="Applications:Bayer">
            <PropertyDefinitions/>
            <ServiceDefinitions>
                <ServiceDefinition aspect.isAsync="false" category="" description="" isAllowOverride="false" isLocalOnly="false" isOpen="false" isPrivate="false" name="CountSafetyIssues">
                    <ResultType baseType="NUMBER" description="" name="result" ordinal="0"/>
                    <ParameterDefinitions>
                        <FieldDefinition baseType="THINGNAME" description="" name="productionLine" ordinal="2"/>
                        <FieldDefinition baseType="STRING" description="" name="type" ordinal="1"/>
                    </ParameterDefinitions>
                </ServiceDefinition>
                <ServiceDefinition aspect.isAsync="false" category="" description="" isAllowOverride="false" isLocalOnly="false" isOpen="false" isPrivate="false" name="GetSafetyIssues">
                    <ResultType aspect.dataShape="SafetyIssuesShape" baseType="INFOTABLE" description="" name="result" ordinal="0"/>
                    <ParameterDefinitions>
                        <FieldDefinition baseType="THINGNAME" description="" name="productionLine" ordinal="2"/>
                    </ParameterDefinitions>
                </ServiceDefinition>
                <ServiceDefinition aspect.isAsync="false" category="" description="" isAllowOverride="false" isLocalOnly="false" isOpen="false" isPrivate="false" name="InsertSafetyIssue">
                    <ResultType baseType="NOTHING" description="" name="result" ordinal="0"/>
                    <ParameterDefinitions>
                        <FieldDefinition baseType="TEXT" description="" name="comment" ordinal="2"/>
                        <FieldDefinition baseType="THINGNAME" description="" name="productionLine" ordinal="3"/>
                        <FieldDefinition baseType="STRING" description="" name="type" ordinal="1"/>
                    </ParameterDefinitions>
                </ServiceDefinition>
            </ServiceDefinitions>
            <EventDefinitions/>
            <ServiceMappings/>
            <ServiceImplementations>
                <ServiceImplementation description="" handlerName="Script" name="CountSafetyIssues">
                    <ConfigurationTables>
                        <ConfigurationTable description="" isMultiRow="false" name="Script" ordinal="0">
                            <DataShape>
                                <FieldDefinitions>
                                    <FieldDefinition baseType="STRING" description="code" name="code" ordinal="0"/>
                                </FieldDefinitions>
                            </DataShape>
                            <Rows>
                                <Row>
                                    <code>
                                    <![CDATA[
                                    var params = {
                                        type: type,
                                        productionLine: productionLine,
                                    };
                                    var result = Things[me.GetConnector()].CountSafetyIssues(params).safetyIssues;
                                    ]]>
                                    </code>
                                </Row>
                            </Rows>
                        </ConfigurationTable>
                    </ConfigurationTables>
                </ServiceImplementation>
                <ServiceImplementation description="" handlerName="Script" name="GetSafetyIssues">
                    <ConfigurationTables>
                        <ConfigurationTable description="" isMultiRow="false" name="Script" ordinal="0">
                            <DataShape>
                                <FieldDefinitions>
                                    <FieldDefinition baseType="STRING" description="code" name="code" ordinal="0"/>
                                </FieldDefinitions>
                            </DataShape>
                            <Rows>
                                <Row>
                                    <code>
                                    <![CDATA[
                                    var params = {
                                        productionLine: productionLine,
                                    };
                                    var result = Things[me.GetConnector()].GetSafetyIssues(params);
                                    ]]>
                                    </code>
                                </Row>
                            </Rows>
                        </ConfigurationTable>
                    </ConfigurationTables>
                </ServiceImplementation>
                <ServiceImplementation description="" handlerName="Script" name="InsertSafetyIssue">
                    <ConfigurationTables>
                        <ConfigurationTable description="" isMultiRow="false" name="Script" ordinal="0">
                            <DataShape>
                                <FieldDefinitions>
                                    <FieldDefinition baseType="STRING" description="code" name="code" ordinal="0"/>
                                </FieldDefinitions>
                            </DataShape>
                            <Rows>
                                <Row>
                                    <code>
                                    <![CDATA[
                                    var params = {
                                        type: type,
                                        comment: comment,
                                        productionLine: productionLine,
                                    };
                                    var result = Things[me.GetConnector()].InsertSafetyIssue(params);
                                    ]]>
                                    </code>
                                </Row>
                            </Rows>
                        </ConfigurationTable>
                    </ConfigurationTables>
                </ServiceImplementation>
            </ServiceImplementations>
            <Subscriptions/>
            <avatar/>
            <DesignTimePermissions>
                <Create/>
                <Read/>
                <Update/>
                <Delete/>
                <Metadata/>
            </DesignTimePermissions>
            <RunTimePermissions/>
            <VisibilityPermissions>
                <Visibility>
                    <Principal isPermitted="true" name="Bayer:PerformanceDashboard" type="OrganizationalUnit"/>
                </Visibility>
            </VisibilityPermissions>
            <ConfigurationTableDefinitions/>
            <ConfigurationTables/>
            <PropertyBindings/>
            <RemotePropertyBindings/>
            <RemoteServiceBindings/>
            <RemoteEventBindings/>
            <AlertConfigurations/>
            <InstanceRunTimePermissions/>
        </ThingShape>
    </ThingShapes>
</Entities>
