<?xml version="1.0" encoding="UTF-8" standalone="no"?>
<Entities build="b222" majorVersion="8" minorVersion="5" modelPersistenceProviderPackage="PostgresPersistenceProviderPackage" revision="4" schemaVersion="1053" universal="">
    <Things>
        <Thing description="" documentationContent="" effectiveThingPackage="DataTableThing" enabled="true" homeMashup="DataTableEditor" identifier="" lastModifiedDate="2020-05-18T12:06:02.892Z" name="BayerMaterialPerformanceTable" projectName="BayerIoT" published="false" tags="Applications:Bayer" thingTemplate="DataTable" valueStream="">
            <avatar/>
            <DesignTimePermissions>
                <Create/>
                <Read/>
                <Update/>
                <Delete/>
                <Metadata/>
            </DesignTimePermissions>
            <RunTimePermissions>
                <Permissions resourceName="*">
                    <PropertyRead>
                        <Principal isPermitted="true" name="System" type="User"/>
                    </PropertyRead>
                    <PropertyWrite/>
                    <ServiceInvoke>
                        <Principal isPermitted="true" name="System" type="User"/>
                    </ServiceInvoke>
                    <EventInvoke/>
                    <EventSubscribe/>
                </Permissions>
            </RunTimePermissions>
            <VisibilityPermissions>
                <Visibility>
                    <Principal isPermitted="true" name="Bayer:PerformanceDashboard" type="OrganizationalUnit"/>
                </Visibility>
            </VisibilityPermissions>
            <ConfigurationTableDefinitions/>
            <ConfigurationTables>
                <ConfigurationTable description="Data Thing Configuration" isMultiRow="false" name="DataThingSettings" ordinal="0">
                    <DataShape>
                        <FieldDefinitions>
                            <FieldDefinition baseType="STRING" description="Persistence Provider Name" name="persistenceProvider" ordinal="0"/>
                        </FieldDefinitions>
                    </DataShape>
                    <Rows>
                        <Row>
                            <persistenceProvider>
                            <![CDATA[
                            ThingworxPersistenceProvider
                            ]]>
                            </persistenceProvider>
                        </Row>
                    </Rows>
                </ConfigurationTable>
                <ConfigurationTable description="Data Shape Configuration" isMultiRow="false" name="Settings" ordinal="0">
                    <DataShape>
                        <FieldDefinitions>
                            <FieldDefinition aspect.friendlyName="Data Shape" baseType="DATASHAPENAME" description="Data shape" name="dataShape" ordinal="0"/>
                        </FieldDefinitions>
                    </DataShape>
                    <Rows>
                        <Row>
                            <accumulatedDataShape>
                                <json>
                                <![CDATA[
                                {"fieldDefinitions":{"code":{"name":"code","aspects":{"isPrimaryKey":true},"description":"","baseType":"STRING","ordinal":0},"productionLine":{"name":"productionLine","aspects":{"isPrimaryKey":true,"thingTemplate":"BayerProductionLine"},"description":"","baseType":"THINGNAME","ordinal":3},"description":{"name":"description","aspects":{},"description":"","baseType":"STRING","ordinal":1},"nominalRate":{"name":"nominalRate","aspects":{},"description":"Performance at 100%","baseType":"NUMBER","ordinal":2}}}
                                ]]>
                                </json>
                            </accumulatedDataShape>
                            <dataShape>
                            <![CDATA[
                            BayerMaterialPerformanceDataShape
                            ]]>
                            </dataShape>
                        </Row>
                    </Rows>
                </ConfigurationTable>
                <ConfigurationTable description="Index Settings" isMultiRow="true" name="Indexes" ordinal="1">
                    <DataShape>
                        <FieldDefinitions>
                            <FieldDefinition aspect.friendlyName="Index Field Names" baseType="STRING" description="Index fields" name="fieldNames" ordinal="1"/>
                            <FieldDefinition aspect.friendlyName="Index Name" baseType="STRING" description="Index name" name="name" ordinal="0"/>
                        </FieldDefinitions>
                    </DataShape>
                    <Rows/>
                </ConfigurationTable>
            </ConfigurationTables>
            <ThingShape>
                <PropertyDefinitions/>
                <ServiceDefinitions>
                    <ServiceDefinition aspect.isAsync="false" category="" description="" isAllowOverride="false" isLocalOnly="false" isOpen="false" isPrivate="false" name="GetNominalRate">
                        <ResultType baseType="NUMBER" description="" name="result" ordinal="0"/>
                        <ParameterDefinitions>
                            <FieldDefinition aspect.isRequired="true" baseType="STRING" description="" name="code" ordinal="2"/>
                            <FieldDefinition aspect.isRequired="true" aspect.thingTemplate="BayerProductionLine" baseType="THINGNAME" description="" name="productionLine" ordinal="1"/>
                        </ParameterDefinitions>
                    </ServiceDefinition>
                    <ServiceDefinition aspect.isAsync="false" category="" description="" isAllowOverride="false" isLocalOnly="false" isOpen="false" isPrivate="false" name="GetTable">
                        <ResultType aspect.dataShape="BayerMaterialPerformanceDataShape" aspect.isDataTableEntry="true" baseType="INFOTABLE" description="" name="result" ordinal="0"/>
                        <ParameterDefinitions>
                            <FieldDefinition aspect.isRequired="true" aspect.thingTemplate="BayerProductionLine" baseType="THINGNAME" description="" name="productionLine" ordinal="1"/>
                        </ParameterDefinitions>
                    </ServiceDefinition>
                    <ServiceDefinition aspect.isAsync="false" category="" description="" isAllowOverride="false" isLocalOnly="false" isOpen="false" isPrivate="false" name="LoadCSV">
                        <ResultType baseType="NOTHING" description="" name="result" ordinal="0"/>
                        <ParameterDefinitions>
                            <FieldDefinition aspect.isRequired="true" baseType="STRING" description="" name="filePath" ordinal="1"/>
                            <FieldDefinition aspect.isRequired="true" aspect.thingTemplate="BayerProductionLine" baseType="THINGNAME" description="" name="productionLine" ordinal="2"/>
                        </ParameterDefinitions>
                    </ServiceDefinition>
                </ServiceDefinitions>
                <EventDefinitions/>
                <ServiceMappings/>
                <ServiceImplementations>
                    <ServiceImplementation description="" handlerName="Script" name="GetNominalRate">
                        <ConfigurationTables>
                            <ConfigurationTable description="Script" isMultiRow="false" name="Script" ordinal="0">
                                <DataShape>
                                    <FieldDefinitions>
                                        <FieldDefinition baseType="STRING" description="code" name="code" ordinal="0"/>
                                    </FieldDefinitions>
                                </DataShape>
                                <Rows>
                                    <Row>
                                        <code>
                                        <![CDATA[
                                        var result = 0;
                                        
                                        var query = {
                                          "filters": {
                                            "type": "AND",
                                            "filters": [
                                              {
                                                "fieldName": "productionLine",
                                                "type": "EQ",
                                                "value": productionLine
                                              },
                                              {
                                                "fieldName": "code",
                                                "type": "EQ",
                                                "value": code
                                              }
                                            ]
                                          }
                                        };
                                        
                                        var params = {
                                        	maxItems: undefined /* NUMBER */,
                                        	values: undefined /* INFOTABLE*/,
                                        	query: query /* QUERY */,
                                        	source: undefined /* STRING */,
                                        	tags: undefined /* TAGS */
                                        };
                                        
                                        // result: INFOTABLE dataShape: "undefined"
                                        var entry = me.QueryDataTableEntries(params);
                                        
                                        if (entry.rows.length > 0) {
                                            result = entry.nominalRate;
                                        }
                                        ]]>
                                        </code>
                                    </Row>
                                </Rows>
                            </ConfigurationTable>
                        </ConfigurationTables>
                    </ServiceImplementation>
                    <ServiceImplementation description="" handlerName="Script" name="GetTable">
                        <ConfigurationTables>
                            <ConfigurationTable description="Script" isMultiRow="false" name="Script" ordinal="0">
                                <DataShape>
                                    <FieldDefinitions>
                                        <FieldDefinition baseType="STRING" description="code" name="code" ordinal="0"/>
                                    </FieldDefinitions>
                                </DataShape>
                                <Rows>
                                    <Row>
                                        <code>
                                        <![CDATA[
                                        var query = {
                                          "filters": {
                                            "fieldName": "productionLine",
                                            "type": "EQ",
                                            "value": productionLine
                                          }
                                        };
                                        
                                        var params = {
                                        	maxItems: undefined /* NUMBER */,
                                        	values: undefined /* INFOTABLE*/,
                                        	query: query /* QUERY */,
                                        	source: undefined /* STRING */,
                                        	tags: undefined /* TAGS */
                                        };
                                        
                                        // result: INFOTABLE dataShape: "undefined"
                                        var result = me.QueryDataTableEntries(params);
                                        ]]>
                                        </code>
                                    </Row>
                                </Rows>
                            </ConfigurationTable>
                        </ConfigurationTables>
                    </ServiceImplementation>
                    <ServiceImplementation description="" handlerName="Script" name="LoadCSV">
                        <ConfigurationTables>
                            <ConfigurationTable description="Script" isMultiRow="false" name="Script" ordinal="0">
                                <DataShape>
                                    <FieldDefinitions>
                                        <FieldDefinition baseType="STRING" description="code" name="code" ordinal="0"/>
                                    </FieldDefinitions>
                                </DataShape>
                                <Rows>
                                    <Row>
                                        <code>
                                        <![CDATA[
                                        var params = {
                                        	delimiter: ";" /* STRING */,
                                        	filePath: filePath /* STRING */,
                                        	repository: "BayerCSVRepository" /* THINGNAME */
                                        };
                                        
                                        // result: INFOTABLE
                                        var data = Things["BayerUtilities"].LoadCSVGeneric(params);
                                        
                                        var tableLength = data.rows.length;
                                        
                                        for (var x = 0; x < tableLength; x++) {
                                        	var row = data.rows[x];
                                        	
                                            if (!row["Code"]) {
                                                continue;
                                            }
                                            
                                            var values = me.CreateValues();
                                        
                                            values.code = row["Code"]; //STRING [Primary Key]
                                            values.productionLine = productionLine; //THINGNAME [Primary Key]
                                            values.description = row["Description"]; //STRING
                                            values.nominalRate = parseFloat(row["Nominal rate"]); //NUMBER
                                        
                                            var params = {
                                                sourceType: undefined /* STRING */,
                                                values: values /* INFOTABLE*/,
                                                location: undefined /* LOCATION */,
                                                source: undefined /* STRING */,
                                                tags: undefined /* TAGS */
                                            };
                                        
                                            // result: STRING
                                            me.AddOrUpdateDataTableEntry(params);
                                        }
                                        ]]>
                                        </code>
                                    </Row>
                                </Rows>
                            </ConfigurationTable>
                        </ConfigurationTables>
                    </ServiceImplementation>
                </ServiceImplementations>
                <Subscriptions/>
            </ThingShape>
            <PropertyBindings/>
            <RemotePropertyBindings/>
            <RemoteServiceBindings/>
            <RemoteEventBindings/>
            <AlertConfigurations/>
            <ImplementedShapes/>
            <ThingProperties/>
        </Thing>
    </Things>
</Entities>
