<?xml version="1.0" encoding="UTF-8" standalone="no"?>
<Entities build="b222" majorVersion="8" minorVersion="5" modelPersistenceProviderPackage="PostgresPersistenceProviderPackage" revision="4" schemaVersion="1053" universal="">
    <DataShapes>
        <DataShape baseDataShape="" description="" documentationContent="" homeMashup="" lastModifiedDate="2019-09-27T11:07:01.643Z" name="BayerActionListDataShape" projectName="BayerIoT" tags="Applications:Bayer">
            <avatar/>
            <DesignTimePermissions>
                <Create/>
                <Read/>
                <Update/>
                <Delete/>
                <Metadata/>
            </DesignTimePermissions>
            <RunTimePermissions/>
            <VisibilityPermissions>
                <Visibility>
                    <Principal isPermitted="true" name="Bayer:PerformanceDashboard" type="OrganizationalUnit"/>
                </Visibility>
            </VisibilityPermissions>
            <ConfigurationTableDefinitions/>
            <ConfigurationTables/>
            <FieldDefinitions>
                <FieldDefinition aspect.isPrimaryKey="false" baseType="USERNAME" description="" name="assignedTo" ordinal="8"/>
                <FieldDefinition aspect.isPrimaryKey="false" baseType="DATETIME" description="" name="createdTime" ordinal="3"/>
                <FieldDefinition baseType="DATETIME" description="" name="dueDate" ordinal="7"/>
                <FieldDefinition aspect.isPrimaryKey="true" baseType="INTEGER" description="" name="id" ordinal="1"/>
                <FieldDefinition baseType="STRING" description="" name="problemDescription" ordinal="5"/>
                <FieldDefinition aspect.isPrimaryKey="false" aspect.thingTemplate="BayerProductionLine" baseType="THINGNAME" description="" name="productionLine" ordinal="2"/>
                <FieldDefinition baseType="STRING" description="" name="solutionDescription" ordinal="6"/>
                <FieldDefinition baseType="STRING" description="" name="status" ordinal="4"/>
            </FieldDefinitions>
        </DataShape>
    </DataShapes>
</Entities>
