<?xml version="1.0" encoding="UTF-8" standalone="no"?>
<Entities build="b222" majorVersion="8" minorVersion="5" modelPersistenceProviderPackage="PostgresPersistenceProviderPackage" revision="4" schemaVersion="1053" universal="">
    <DataShapes>
        <DataShape baseDataShape="" description="" documentationContent="" homeMashup="" lastModifiedDate="2020-05-22T10:34:11.601Z" name="BayerProductionPlanDataShape" projectName="BayerIoT" tags="Applications:Bayer">
            <avatar/>
            <DesignTimePermissions>
                <Create/>
                <Read/>
                <Update/>
                <Delete/>
                <Metadata/>
            </DesignTimePermissions>
            <RunTimePermissions/>
            <VisibilityPermissions>
                <Visibility>
                    <Principal isPermitted="true" name="Bayer:PerformanceDashboard" type="OrganizationalUnit"/>
                </Visibility>
            </VisibilityPermissions>
            <ConfigurationTableDefinitions/>
            <ConfigurationTables/>
            <FieldDefinitions>
                <FieldDefinition baseType="STRING" description="" name="activeMaterialNumber" ordinal="17"/>
                <FieldDefinition aspect.isPrimaryKey="false" baseType="INTEGER" description="" name="blistersPerFoldedBox" ordinal="20"/>
                <FieldDefinition baseType="STRING" description="" name="blisterType" ordinal="18"/>
                <FieldDefinition aspect.isPrimaryKey="false" baseType="STRING" description="" name="commentFirstLine" ordinal="22"/>
                <FieldDefinition baseType="DATETIME" description="" name="endTime" ordinal="16"/>
                <FieldDefinition baseType="STRING" description="" name="foldedBoxFormat" ordinal="19"/>
                <FieldDefinition aspect.isPrimaryKey="true" baseType="INTEGER" description="" name="id" ordinal="1"/>
                <FieldDefinition aspect.isPrimaryKey="false" baseType="BOOLEAN" description="" name="ifQuantityChanged" ordinal="28"/>
                <FieldDefinition aspect.isPrimaryKey="false" baseType="STRING" description="" name="manufProcess" ordinal="25"/>
                <FieldDefinition aspect.isPrimaryKey="false" baseType="DATETIME" description="" name="mdatOos" ordinal="24"/>
                <FieldDefinition aspect.isPrimaryKey="false" baseType="DATETIME" description="" name="mdatSaf" ordinal="23"/>
                <FieldDefinition baseType="STRING" description="" name="orderNr" ordinal="3"/>
                <FieldDefinition aspect.isPrimaryKey="false" baseType="NUMBER" description="" name="originalTargetQuantity" ordinal="26"/>
                <FieldDefinition baseType="NUMBER" description="" name="producedQuantity" ordinal="14"/>
                <FieldDefinition baseType="STRING" description="" name="productDescription" ordinal="5"/>
                <FieldDefinition baseType="STRING" description="" name="productId" ordinal="4"/>
                <FieldDefinition aspect.isPrimaryKey="false" aspect.thingTemplate="BayerProductionLine" baseType="THINGNAME" description="" name="productionLine" ordinal="2"/>
                <FieldDefinition baseType="NUMBER" description="" name="remainingHours" ordinal="12"/>
                <FieldDefinition baseType="DATETIME" description="" name="startTime" ordinal="15"/>
                <FieldDefinition baseType="STRING" description="" name="status" ordinal="11"/>
                <FieldDefinition aspect.isPrimaryKey="false" baseType="INTEGER" description="" name="tabletsPerBlister" ordinal="21"/>
                <FieldDefinition baseType="NUMBER" description="" name="targetHours" ordinal="9"/>
                <FieldDefinition baseType="NUMBER" description="" name="targetQuantity" ordinal="7"/>
                <FieldDefinition baseType="NUMBER" description="" name="targetQuantityPerHour" ordinal="10"/>
                <FieldDefinition aspect.isPrimaryKey="false" baseType="STRING" description="" name="uom" ordinal="8"/>
                <FieldDefinition aspect.isPrimaryKey="false" baseType="STRING" description="" name="userName" ordinal="27"/>
                <FieldDefinition aspect.isPrimaryKey="false" baseType="STRING" description="" name="version" ordinal="6"/>
                <FieldDefinition baseType="NUMBER" description="" name="workedHours" ordinal="13"/>
            </FieldDefinitions>
        </DataShape>
    </DataShapes>
</Entities>
