<?xml version="1.0" encoding="UTF-8" standalone="no"?>
<Entities build="b222" majorVersion="8" minorVersion="5" modelPersistenceProviderPackage="PostgresPersistenceProviderPackage" revision="4" schemaVersion="1053" universal="">
    <DataShapes>
        <DataShape baseDataShape="" description="" documentationContent="" homeMashup="" lastModifiedDate="2019-12-05T09:23:12.329Z" name="BayerChangeoverTrendDetailsDataShape" projectName="BayerIoT" tags="Applications:Bayer">
            <avatar/>
            <DesignTimePermissions>
                <Create/>
                <Read/>
                <Update/>
                <Delete/>
                <Metadata/>
            </DesignTimePermissions>
            <RunTimePermissions/>
            <VisibilityPermissions>
                <Visibility>
                    <Principal isPermitted="true" name="Bayer:PerformanceDashboard" type="OrganizationalUnit"/>
                </Visibility>
            </VisibilityPermissions>
            <ConfigurationTableDefinitions/>
            <ConfigurationTables/>
            <FieldDefinitions>
                <FieldDefinition aspect.isPrimaryKey="false" baseType="NUMBER" description="" name="actual" ordinal="7"/>
                <FieldDefinition aspect.isPrimaryKey="false" baseType="DATETIME" description="" name="dayStart" ordinal="3"/>
                <FieldDefinition aspect.isPrimaryKey="false" baseType="NUMBER" description="" name="delta" ordinal="8"/>
                <FieldDefinition aspect.isPrimaryKey="false" baseType="DATETIME" description="" name="end" ordinal="5"/>
                <FieldDefinition aspect.isPrimaryKey="false" baseType="INTEGER" description="" name="fromId" ordinal="10"/>
                <FieldDefinition aspect.isPrimaryKey="false" baseType="STRING" description="" name="fromOrderNr" ordinal="9"/>
                <FieldDefinition aspect.isPrimaryKey="false" baseType="STRING" description="" name="fromProductName" ordinal="11"/>
                <FieldDefinition aspect.isPrimaryKey="true" baseType="INTEGER" description="" name="id" ordinal="1"/>
                <FieldDefinition aspect.isPrimaryKey="false" baseType="DATETIME" description="" name="start" ordinal="4"/>
                <FieldDefinition aspect.isPrimaryKey="false" baseType="NUMBER" description="" name="target" ordinal="6"/>
                <FieldDefinition aspect.isPrimaryKey="false" baseType="INTEGER" description="" name="toId" ordinal="12"/>
                <FieldDefinition aspect.isPrimaryKey="false" baseType="STRING" description="" name="toOrderNr" ordinal="13"/>
                <FieldDefinition aspect.isPrimaryKey="false" baseType="STRING" description="" name="toProductName" ordinal="14"/>
                <FieldDefinition aspect.isPrimaryKey="false" baseType="DATETIME" description="" name="weekStart" ordinal="2"/>
            </FieldDefinitions>
        </DataShape>
    </DataShapes>
</Entities>
