<?xml version="1.0" encoding="UTF-8" standalone="no"?>
<Entities build="b2319" majorVersion="8" minorVersion="4" modelPersistenceProviderPackage="PostgresPersistenceProviderPackage" revision="4" schemaVersion="1041" universal="">
    <Things>
        <Thing description="" documentationContent="" effectiveThingPackage="ConfiguredThing" enabled="true" homeMashup="" identifier="" lastModifiedDate="2019-11-15T15:44:22.138Z" name="BayerDelaysDetailsPage" projectName="BayerIoT" published="false" tags="Applications:Bayer" thingTemplate="GenericThing" valueStream="">
            <avatar/>
            <DesignTimePermissions>
                <Create/>
                <Read/>
                <Update/>
                <Delete/>
                <Metadata/>
            </DesignTimePermissions>
            <RunTimePermissions>
                <Permissions resourceName="*">
                    <PropertyRead>
                        <Principal isPermitted="true" name="Role.BayerProductionLine.Any" type="Group"/>
                    </PropertyRead>
                    <PropertyWrite>
                        <Principal isPermitted="true" name="Role.BayerProductionLine.Any" type="Group"/>
                    </PropertyWrite>
                    <ServiceInvoke>
                        <Principal isPermitted="true" name="Role.BayerProductionLine.Any" type="Group"/>
                    </ServiceInvoke>
                    <EventInvoke>
                        <Principal isPermitted="true" name="Role.BayerProductionLine.Any" type="Group"/>
                    </EventInvoke>
                    <EventSubscribe>
                        <Principal isPermitted="true" name="Role.BayerProductionLine.Any" type="Group"/>
                    </EventSubscribe>
                </Permissions>
                <Permissions resourceName="GetRowNumById">
                    <PropertyRead/>
                    <PropertyWrite/>
                    <ServiceInvoke>
                        <Principal isPermitted="true" name="Role.BayerProductionLine.Any" type="Group"/>
                    </ServiceInvoke>
                    <EventInvoke/>
                    <EventSubscribe/>
                </Permissions>
                <Permissions resourceName="GetMachineState">
                    <PropertyRead/>
                    <PropertyWrite/>
                    <ServiceInvoke>
                        <Principal isPermitted="true" name="Role.BayerProductionLine.Any" type="Group"/>
                    </ServiceInvoke>
                    <EventInvoke/>
                    <EventSubscribe/>
                </Permissions>
            </RunTimePermissions>
            <VisibilityPermissions>
                <Visibility>
                    <Principal isPermitted="true" name="Bayer:PerformanceDashboard" type="OrganizationalUnit"/>
                </Visibility>
            </VisibilityPermissions>
            <ConfigurationTableDefinitions/>
            <ConfigurationTables/>
            <ThingShape>
                <PropertyDefinitions>
                    <PropertyDefinition aspect.cacheTime="0.0" aspect.dataChangeType="VALUE" aspect.dataShape="BayerDropDownGenericShape" aspect.isPersistent="true" baseType="INFOTABLE" category="" description="" isLocalOnly="false" name="reasonCodes" ordinal="2"/>
                    <PropertyDefinition aspect.cacheTime="0.0" aspect.dataChangeType="VALUE" aspect.dataShape="BayerDropDownGenericShape" aspect.isPersistent="true" baseType="INFOTABLE" category="" description="" isLocalOnly="false" name="sources" ordinal="3"/>
                </PropertyDefinitions>
                <ServiceDefinitions>
                    <ServiceDefinition aspect.isAsync="false" category="" description="" isAllowOverride="false" isLocalOnly="false" isOpen="false" isPrivate="false" name="GetMachineState">
                        <ResultType aspect.dataShape="DelaysDetailsMaschineStateDataShape" baseType="INFOTABLE" description="" name="result" ordinal="0"/>
                        <ParameterDefinitions>
                            <FieldDefinition aspect.isRequired="true" aspect.thingTemplate="BayerProductionLine" baseType="THINGNAME" description="" name="line" ordinal="3"/>
                            <FieldDefinition aspect.isRequired="true" baseType="INTEGER" description="" name="shiftId" ordinal="1"/>
                            <FieldDefinition aspect.isRequired="true" baseType="DATETIME" description="" name="shiftStartTime" ordinal="2"/>
                        </ParameterDefinitions>
                    </ServiceDefinition>
                    <ServiceDefinition aspect.isAsync="false" category="" description="" isAllowOverride="false" isLocalOnly="false" isOpen="false" isPrivate="false" name="GetRowNumById">
                        <ResultType baseType="INTEGER" description="" name="result" ordinal="0"/>
                        <ParameterDefinitions>
                            <FieldDefinition aspect.defaultValue="0" aspect.isRequired="true" baseType="INTEGER" description="" name="shiftId" ordinal="1"/>
                            <FieldDefinition aspect.dataShape="BayerShiftSchedulesDataShape" baseType="INFOTABLE" description="" name="shiftSchedules" ordinal="2"/>
                        </ParameterDefinitions>
                    </ServiceDefinition>
                </ServiceDefinitions>
                <EventDefinitions/>
                <ServiceMappings/>
                <ServiceImplementations>
                    <ServiceImplementation description="" handlerName="Script" name="GetMachineState">
                        <ConfigurationTables>
                            <ConfigurationTable description="" isMultiRow="false" name="Script" ordinal="0">
                                <DataShape>
                                    <FieldDefinitions>
                                        <FieldDefinition baseType="STRING" description="code" name="code" ordinal="0"/>
                                    </FieldDefinitions>
                                </DataShape>
                                <Rows>
                                    <Row>
                                        <code>
                                        <![CDATA[
                                        var events = Things["BayerDBDataProvider"].GetShiftEvents({
                                        	shiftScheduleId: shiftId /* INTEGER */
                                        });
                                        
                                        var shift = 28800000; //ms = 8h
                                        var now = new Date();
                                        var shiftLeft = shift;
                                        
                                        // CreateInfoTableFromDataShape(infoTableName:STRING("InfoTable"), dataShapeName:STRING):INFOTABLE(DelaysDetailsMaschineStateDataShape)
                                        var result = Resources["InfoTableFunctions"].CreateInfoTableFromDataShape({
                                            infoTableName : "InfoTable",
                                            dataShapeName : "DelaysDetailsMaschineStateDataShape"
                                        });
                                        
                                        var lastEventTime = new Date(shiftStartTime);
                                        var lastEventCategory = '';
                                        
                                        if (events.getRowCount() > 0) {
                                            var tableLength = events.rows.length;
                                            for (var x=0; x < tableLength; x++) {
                                                var event = events.rows[x];
                                                var time = event.startTime;
                                                var duration = event.durationMs;
                                                //if event starts in prev shift
                                                if (event.startTime.getTime() <= shiftStartTime.getTime()) {
                                                    time = shiftStartTime;
                                                    duration = dateDifference(event.endTime, shiftStartTime);
                                                } else {
                                                	if (x === 0 && event.category !== 'running') {
                                                        duration = dateDifference(event.startTime, shiftStartTime); 
                                                        var startShift = new Object();
                                                        startShift.duration = duration;
                                                        startShift.sectionColorState = 'running'; // STRING
                                                        startShift.time = shiftStartTime; // DATETIME
                                                        result.AddRow(startShift);
                                                        
                                                        shiftLeft-= duration;
                                                        duration = event.durationMs;
                                                    }
                                                }
                                               
                                                event.time = time;
                                                event.duration = duration;
                                                result.AddRow(event);
                                               	
                                                shiftLeft-= duration;
                                                lastEventTime = event.endTime;
                                                lastEventCategory = event.category;
                                            }
                                        }
                                        
                                        var isCurrentShift = now.getTime() < dateAddHours(shiftStartTime,8).getTime() && now.getTime() >= shiftStartTime.getTime();
                                        if (shiftLeft > 0 && isCurrentShift) {
                                            // result: INFOTABLE dataShape: "BayerProductionPlanDataShape"
                                            var currentProduct = Things[line].GetCurrentProduct();
                                        	var isChangeover =  currentProduct.productId == "Cambio" || !currentProduct.targetQuantity;
                                            
                                            var lastEventTillNow = new Object();
                                            lastEventTillNow.time = lastEventTime; // DATETIME
                                            lastEventTillNow.duration = dateDifference(now, lastEventTime);
                                            lastEventTillNow.sectionColorState = isChangeover ? "changeover" : Things[line].productionRunning ? 'running' : 'breakdown';
                                            result.AddRow(lastEventTillNow);
                                            
                                            shiftLeft-= lastEventTillNow.duration;
                                            lastEventTime = dateAddMilliseconds(lastEventTillNow.time, lastEventTillNow.duration);
                                            lastEventCategory = lastEventTillNow.sectionColorState;
                                        }
                                           	
                                        if (shiftLeft > 0) {
                                           var endShift = new Object();
                                           endShift.time = lastEventTime; // DATETIME
                                           endShift.sectionColorState = 'gap';
                                           endShift.duration = shiftLeft;
                                           result.AddRow(endShift);
                                        }
                                        ]]>
                                        </code>
                                    </Row>
                                </Rows>
                            </ConfigurationTable>
                        </ConfigurationTables>
                    </ServiceImplementation>
                    <ServiceImplementation description="" handlerName="Script" name="GetRowNumById">
                        <ConfigurationTables>
                            <ConfigurationTable description="" isMultiRow="false" name="Script" ordinal="0">
                                <DataShape>
                                    <FieldDefinitions>
                                        <FieldDefinition baseType="STRING" description="code" name="code" ordinal="0"/>
                                    </FieldDefinitions>
                                </DataShape>
                                <Rows>
                                    <Row>
                                        <code>
                                        <![CDATA[
                                        var tableLength = shiftSchedules ? shiftSchedules.rows.length : 0;
                                        
                                        var result = -1;
                                        for (var x = 0; x < tableLength; x++) {
                                        	var row = shiftSchedules.rows[x];
                                        	
                                            if (row.id === shiftId) {
                                                result = x;
                                                break;
                                            }
                                        }
                                        ]]>
                                        </code>
                                    </Row>
                                </Rows>
                            </ConfigurationTable>
                        </ConfigurationTables>
                    </ServiceImplementation>
                </ServiceImplementations>
                <Subscriptions/>
            </ThingShape>
            <PropertyBindings/>
            <RemotePropertyBindings/>
            <RemoteServiceBindings/>
            <RemoteEventBindings/>
            <AlertConfigurations>
                <AlertDefinitions name="reasonCodes"/>
                <AlertDefinitions name="sources"/>
            </AlertConfigurations>
            <ImplementedShapes/>
            <ThingProperties>
                <reasonCodes>
                    <Value>
                        <infoTable>
                            <DataShape>
                                <FieldDefinitions>
                                    <FieldDefinition aspect.friendlyName="Name" aspect.isPrimaryKey="false" baseType="STRING" description="" name="name" ordinal="1"/>
                                    <FieldDefinition aspect.isPrimaryKey="false" baseType="STRING" description="" name="value" ordinal="2"/>
                                </FieldDefinitions>
                            </DataShape>
                            <Rows>
                                <Row>
                                    <name>
                                    <![CDATA[
                                    test1
                                    ]]>
                                    </name>
                                    <value>
                                    <![CDATA[
                                    test1
                                    ]]>
                                    </value>
                                </Row>
                                <Row>
                                    <name>
                                    <![CDATA[
                                    test2
                                    ]]>
                                    </name>
                                    <value>
                                    <![CDATA[
                                    test2
                                    ]]>
                                    </value>
                                </Row>
                            </Rows>
                        </infoTable>
                    </Value>
                    <Timestamp>2019-11-05T13:02:52.458Z</Timestamp>
                    <Quality>GOOD</Quality>
                </reasonCodes>
                <sources>
                    <Value>
                        <infoTable>
                            <DataShape>
                                <FieldDefinitions>
                                    <FieldDefinition aspect.friendlyName="Name" aspect.isPrimaryKey="false" baseType="STRING" description="" name="name" ordinal="1"/>
                                    <FieldDefinition aspect.isPrimaryKey="false" baseType="STRING" description="" name="value" ordinal="2"/>
                                </FieldDefinitions>
                            </DataShape>
                            <Rows>
                                <Row>
                                    <name>
                                    <![CDATA[
                                    source1
                                    ]]>
                                    </name>
                                    <value>
                                    <![CDATA[
                                    source1
                                    ]]>
                                    </value>
                                </Row>
                                <Row>
                                    <name>
                                    <![CDATA[
                                    source2
                                    ]]>
                                    </name>
                                    <value>
                                    <![CDATA[
                                    source2
                                    ]]>
                                    </value>
                                </Row>
                            </Rows>
                        </infoTable>
                    </Value>
                    <Timestamp>2019-11-05T18:56:45.920Z</Timestamp>
                    <Quality>GOOD</Quality>
                </sources>
            </ThingProperties>
        </Thing>
    </Things>
</Entities>
