<?xml version="1.0" encoding="UTF-8"?>
<Entities
 build="b222"
 majorVersion="8"
 minorVersion="5"
 modelPersistenceProviderPackage="PostgresPersistenceProviderPackage"
 revision="4"
 schemaVersion="1053"
 universal="">
    <StateDefinitions>
        <StateDefinition
         description="definition for status state row formatting"
         documentationContent=""
         homeMashup=""
         lastModifiedDate="2020-04-13T17:48:59.689Z"
         name="BayerProductionPlanGridStatusState"
         projectName="BayerIoT"
         tags="Applications:Bayer">
            <avatar></avatar>
            <DesignTimePermissions>
                <Create></Create>
                <Read></Read>
                <Update></Update>
                <Delete></Delete>
                <Metadata></Metadata>
            </DesignTimePermissions>
            <RunTimePermissions></RunTimePermissions>
            <VisibilityPermissions>
                <Visibility>
                    <Principal
                     isPermitted="true"
                     name="Bayer:PerformanceDashboard"
                     type="OrganizationalUnit"></Principal>
                </Visibility>
            </VisibilityPermissions>
            <ConfigurationTableDefinitions></ConfigurationTableDefinitions>
            <ConfigurationTables></ConfigurationTables>
            <content>
            <![CDATA[
            {
              "lineStyle" : null,
              "stateDefinitions" : [ {
                "defaultStyleDefinition" : "BayerProductionPlanGridStatusScheduledChangeover",
                "defaultValue" : "ScheduledChangeover",
                "description" : "",
                "displayString" : "",
                "name" : ""
              }, {
                "defaultStyleDefinition" : "BayerProductionPlanGridStatusCompletedChangeover",
                "defaultValue" : "CompletedChangeover",
                "description" : "",
                "displayString" : "",
                "name" : ""
              }, {
                "defaultStyleDefinition" : "BayerProductPlanGridStatusCompleted",
                "defaultValue" : "Completed",
                "description" : "",
                "displayString" : "",
                "name" : ""
              }, {
                "defaultStyleDefinition" : "BayerProductPlanGridStatusRunning",
                "defaultValue" : "Running",
                "description" : "",
                "displayString" : "",
                "name" : ""
              }, {
                "defaultStyleDefinition" : "BayerProductPlanGridStatusScheduled",
                "defaultValue" : "Scheduled",
                "description" : "",
                "displayString" : "",
                "name" : ""
              }, {
                "defaultStyleDefinition" : "BayerProductionPlanProductDescriptionOther",
                "description" : "",
                "displayString" : "",
                "name" : ""
              } ],
              "stateType" : "string",
              "textSize" : null
            }
            ]]>
            </content>
        </StateDefinition>
    </StateDefinitions>
</Entities>
