<?xml version="1.0" encoding="UTF-8"?>
<Entities>
	<ExtensionPackages>
		<ExtensionPackage name="AudioPlayer"
						  description="Audio Player Widget"
						  vendor="ThingWorx Customer Service"
						  packageVersion="1.0" 
						  minimumThingWorxVersion="6.0.0" />
	</ExtensionPackages>
	<Widgets>
		<Widget name="audioPlayer">
			<UIResources>
				<!-- Studio ONLY -->
				<FileResource type="CSS" file="audioPlayer.ide.css" description="" isDevelopment="true" isRuntime="false" />
				<FileResource type="JS" file="audioPlayer.ide.js" description="" isDevelopment="true" isRuntime="false" />
				<!-- Runtime/Squeal ONLY -->
				<FileResource type="CSS" file="audioPlayer.runtime.css" description="" isDevelopment="false" isRuntime="true" />
				<FileResource type="JS" file="audioPlayer.runtime.js" description="" isDevelopment="false" isRuntime="true" />
				
			</UIResources>
		</Widget>
	</Widgets>
</Entities>
