<?xml version="1.0" encoding="UTF-8" standalone="no"?>
<Entities build="b222" majorVersion="8" minorVersion="5" modelPersistenceProviderPackage="PostgresPersistenceProviderPackage" revision="4" schemaVersion="1053" universal="">
    <DataShapes>
        <DataShape baseDataShape="" description="" documentationContent="" homeMashup="" lastModifiedDate="2019-10-30T11:03:45.529Z" name="ShiftEventsDataShape" projectName="BayerIoT" tags="Applications:Bayer">
            <avatar/>
            <DesignTimePermissions>
                <Create/>
                <Read/>
                <Update/>
                <Delete/>
                <Metadata/>
            </DesignTimePermissions>
            <RunTimePermissions/>
            <VisibilityPermissions>
                <Visibility/>
            </VisibilityPermissions>
            <ConfigurationTableDefinitions/>
            <ConfigurationTables/>
            <FieldDefinitions>
                <FieldDefinition aspect.isPrimaryKey="false" baseType="STRING" description="" name="category" ordinal="2"/>
                <FieldDefinition aspect.isPrimaryKey="false" aspect.units="ms" baseType="INTEGER" description="" name="durationMs" ordinal="6"/>
                <FieldDefinition aspect.isPrimaryKey="false" aspect.units="sec" baseType="INTEGER" description="" name="durationSec" ordinal="5"/>
                <FieldDefinition aspect.isPrimaryKey="false" baseType="DATETIME" description="" name="endTime" ordinal="4"/>
                <FieldDefinition aspect.isPrimaryKey="false" baseType="STRING" description="" name="id" ordinal="1"/>
                <FieldDefinition aspect.isPrimaryKey="false" baseType="STRING" description="" name="sectionColorState" ordinal="10"/>
                <FieldDefinition aspect.isPrimaryKey="false" baseType="INTEGER" description="" name="shiftScheduleId" ordinal="8"/>
                <FieldDefinition aspect.isPrimaryKey="false" baseType="STRING" description="" name="source" ordinal="9"/>
                <FieldDefinition aspect.isPrimaryKey="false" baseType="DATETIME" description="" name="startTime" ordinal="3"/>
            </FieldDefinitions>
        </DataShape>
    </DataShapes>
</Entities>
