<?xml version="1.0" encoding="UTF-8" standalone="no"?>
<Entities build="b222" majorVersion="8" minorVersion="5" modelPersistenceProviderPackage="PostgresPersistenceProviderPackage" revision="4" schemaVersion="1053" universal="">
    <DataShapes>
        <DataShape baseDataShape="" description="" documentationContent="" homeMashup="" lastModifiedDate="2020-08-05T17:30:14.305Z" name="BayerMaintenanceTicketsDataShape" projectName="BayerIoT" tags="">
            <avatar/>
            <DesignTimePermissions>
                <Create/>
                <Read>
                    <Principal isPermitted="true" name="App.BayerPerformanceDashboard" type="Group"/>
                </Read>
                <Update/>
                <Delete/>
                <Metadata/>
            </DesignTimePermissions>
            <RunTimePermissions/>
            <VisibilityPermissions>
                <Visibility/>
            </VisibilityPermissions>
            <ConfigurationTableDefinitions/>
            <ConfigurationTables/>
            <FieldDefinitions>
                <FieldDefinition baseType="STRING" description="assignedTo" name="assignedTo" ordinal="5"/>
                <FieldDefinition aspect.isPrimaryKey="false" baseType="LONG" description="" name="id" ordinal="1"/>
                <FieldDefinition aspect.isPrimaryKey="false" baseType="STRING" description="" name="productionLine" ordinal="3"/>
                <FieldDefinition baseType="STRING" description="status" name="status" ordinal="2"/>
                <FieldDefinition baseType="DATETIME" description="timestamp" name="timestamp" ordinal="4"/>
                <FieldDefinition aspect.isPrimaryKey="false" baseType="STRING" description="" name="type" ordinal="6"/>
            </FieldDefinitions>
        </DataShape>
    </DataShapes>
</Entities>
