<?xml version="1.0" encoding="UTF-8" standalone="no"?>
<Entities build="b222" majorVersion="8" minorVersion="5" modelPersistenceProviderPackage="PostgresPersistenceProviderPackage" revision="4" schemaVersion="1053" universal="">
    <DataShapes>
        <DataShape baseDataShape="" description="Columns Mapping (CSV -&gt; DataShape)" documentationContent="" homeMashup="" lastModifiedDate="2020-08-05T17:30:17.087Z" name="BayerProductionPlansParserColumnMappingDataShape" projectName="BayerIoT" tags="Applications:Bayer;Applications:BayerProductionPlans">
            <avatar/>
            <DesignTimePermissions>
                <Create/>
                <Read>
                    <Principal isPermitted="true" name="App.BayerPerformanceDashboard" type="Group"/>
                </Read>
                <Update/>
                <Delete/>
                <Metadata/>
            </DesignTimePermissions>
            <RunTimePermissions/>
            <VisibilityPermissions>
                <Visibility>
                    <Principal isPermitted="true" name="Bayer:PerformanceDashboard" type="OrganizationalUnit"/>
                </Visibility>
            </VisibilityPermissions>
            <ConfigurationTableDefinitions/>
            <ConfigurationTables/>
            <FieldDefinitions>
                <FieldDefinition baseType="STRING" description="" name="activeMaterialNumber" ordinal="9"/>
                <FieldDefinition aspect.isPrimaryKey="false" baseType="STRING" description="" name="blistersPerFoldedBox" ordinal="13"/>
                <FieldDefinition baseType="STRING" description="" name="blisterType" ordinal="11"/>
                <FieldDefinition aspect.isPrimaryKey="false" baseType="STRING" description="" name="commentFirstLine" ordinal="10"/>
                <FieldDefinition aspect.isPrimaryKey="false" baseType="STRING" description="" name="endDate" ordinal="22"/>
                <FieldDefinition aspect.isPrimaryKey="false" baseType="STRING" description="" name="endTime" ordinal="20"/>
                <FieldDefinition baseType="STRING" description="" name="foldedBoxFormat" ordinal="12"/>
                <FieldDefinition aspect.isPrimaryKey="false" baseType="STRING" description="" name="manufProcess" ordinal="17"/>
                <FieldDefinition aspect.isPrimaryKey="false" baseType="STRING" description="" name="mdatOos" ordinal="15"/>
                <FieldDefinition aspect.isPrimaryKey="false" baseType="STRING" description="" name="mdatSaf" ordinal="14"/>
                <FieldDefinition baseType="STRING" description="" name="orderNr" ordinal="4"/>
                <FieldDefinition baseType="STRING" description="" name="productDescription" ordinal="5"/>
                <FieldDefinition baseType="STRING" description="" name="productId" ordinal="3"/>
                <FieldDefinition aspect.isPrimaryKey="true" baseType="STRING" description="" name="productionLine" ordinal="1"/>
                <FieldDefinition aspect.isPrimaryKey="false" baseType="STRING" description="" name="ruestzeit" ordinal="18"/>
                <FieldDefinition aspect.isPrimaryKey="false" baseType="STRING" description="" name="startDate" ordinal="21"/>
                <FieldDefinition aspect.isPrimaryKey="false" baseType="STRING" description="" name="startTime" ordinal="19"/>
                <FieldDefinition aspect.isPrimaryKey="false" baseType="STRING" description="" name="tabletsPerBlister" ordinal="16"/>
                <FieldDefinition aspect.isPrimaryKey="false" baseType="STRING" description="TA Number" name="taNumber" ordinal="2"/>
                <FieldDefinition baseType="STRING" description="" name="targetQuantity" ordinal="7"/>
                <FieldDefinition aspect.isPrimaryKey="false" baseType="STRING" description="" name="targetQuantityPerHour" ordinal="23"/>
                <FieldDefinition aspect.isPrimaryKey="false" baseType="STRING" description="" name="uom" ordinal="8"/>
                <FieldDefinition aspect.isPrimaryKey="false" baseType="STRING" description="" name="version" ordinal="6"/>
            </FieldDefinitions>
        </DataShape>
    </DataShapes>
</Entities>
