<?xml version="1.0" encoding="UTF-8" standalone="no"?>
<Entities build="b222" majorVersion="8" minorVersion="5" modelPersistenceProviderPackage="PostgresPersistenceProviderPackage" revision="4" schemaVersion="1053" universal="">
    <DataShapes>
        <DataShape baseDataShape="" description="" documentationContent="" homeMashup="" lastModifiedDate="2020-08-05T17:30:18.649Z" name="BayerScheduleItemDbDataShape" projectName="BayerIoT" tags="Applications:Bayer">
            <avatar/>
            <DesignTimePermissions>
                <Create/>
                <Read>
                    <Principal isPermitted="true" name="App.BayerPerformanceDashboard" type="Group"/>
                </Read>
                <Update/>
                <Delete/>
                <Metadata/>
            </DesignTimePermissions>
            <RunTimePermissions/>
            <VisibilityPermissions>
                <Visibility>
                    <Principal isPermitted="true" name="Bayer:PerformanceDashboard" type="OrganizationalUnit"/>
                </Visibility>
            </VisibilityPermissions>
            <ConfigurationTableDefinitions/>
            <ConfigurationTables/>
            <FieldDefinitions>
                <FieldDefinition baseType="INTEGER" description="duration" name="duration" ordinal="3"/>
                <FieldDefinition baseType="INTEGER" description="hour" name="hour" ordinal="1"/>
                <FieldDefinition baseType="LONG" description="id" name="id" ordinal="0"/>
                <FieldDefinition baseType="INTEGER" description="productionPlanId" name="productionPlanId" ordinal="5"/>
                <FieldDefinition baseType="INTEGER" description="productionPlanId_actual" name="productionPlanId_actual" ordinal="9"/>
                <FieldDefinition baseType="NUMBER" description="quantityProduced" name="quantityProduced" ordinal="6"/>
                <FieldDefinition baseType="BOOLEAN" description="quantityTargetOk" name="quantityTargetOk" ordinal="8"/>
                <FieldDefinition baseType="INTEGER" description="scheduleId" name="scheduleId" ordinal="4"/>
                <FieldDefinition baseType="NUMBER" description="targetQuantity" name="targetQuantity" ordinal="7"/>
                <FieldDefinition baseType="DATETIME" description="time" name="time" ordinal="2"/>
            </FieldDefinitions>
        </DataShape>
    </DataShapes>
</Entities>
