<?xml version="1.0" encoding="UTF-8" standalone="no"?>
<Entities build="b222" majorVersion="8" minorVersion="5" modelPersistenceProviderPackage="PostgresPersistenceProviderPackage" revision="4" schemaVersion="1053" universal="">
    <DataShapes>
        <DataShape baseDataShape="" description="" documentationContent="" homeMashup="" lastModifiedDate="2020-08-05T17:30:14.712Z" name="BayerNavigationMenuDataShape" projectName="BayerIoT" tags="Applications:Bayer">
            <avatar/>
            <DesignTimePermissions>
                <Create/>
                <Read>
                    <Principal isPermitted="true" name="App.BayerPerformanceDashboard" type="Group"/>
                </Read>
                <Update/>
                <Delete/>
                <Metadata/>
            </DesignTimePermissions>
            <RunTimePermissions/>
            <VisibilityPermissions>
                <Visibility>
                    <Principal isPermitted="true" name="Bayer:PerformanceDashboard" type="OrganizationalUnit"/>
                </Visibility>
            </VisibilityPermissions>
            <ConfigurationTableDefinitions/>
            <ConfigurationTables/>
            <FieldDefinitions>
                <FieldDefinition baseType="IMAGELINK" description="" name="icon" ordinal="2"/>
                <FieldDefinition baseType="IMAGELINK" description="" name="iconSelected" ordinal="3"/>
                <FieldDefinition baseType="MASHUPNAME" description="" name="mashup" ordinal="4"/>
                <FieldDefinition aspect.defaultValue="0.0" aspect.isPrimaryKey="false" baseType="NUMBER" description="" name="order" ordinal="5"/>
                <FieldDefinition baseType="STRING" description="" name="title" ordinal="1"/>
            </FieldDefinitions>
        </DataShape>
    </DataShapes>
</Entities>
