<?xml version="1.0" encoding="UTF-8" standalone="no"?>
<Entities build="b222" majorVersion="8" minorVersion="5" modelPersistenceProviderPackage="PostgresPersistenceProviderPackage" revision="4" schemaVersion="1053" universal="">
    <DataShapes>
        <DataShape baseDataShape="" description="Parser Settings (service url, etc)" documentationContent="" homeMashup="" lastModifiedDate="2020-08-05T17:30:17.305Z" name="BayerProductionPlansParserSettingsDataShape" projectName="BayerIoT" tags="Applications:BayerProductionPlans;Applications:Bayer">
            <avatar/>
            <DesignTimePermissions>
                <Create/>
                <Read>
                    <Principal isPermitted="true" name="App.BayerPerformanceDashboard" type="Group"/>
                </Read>
                <Update/>
                <Delete/>
                <Metadata/>
            </DesignTimePermissions>
            <RunTimePermissions/>
            <VisibilityPermissions>
                <Visibility>
                    <Principal isPermitted="true" name="Bayer:PerformanceDashboard" type="OrganizationalUnit"/>
                </Visibility>
            </VisibilityPermissions>
            <ConfigurationTableDefinitions/>
            <ConfigurationTables/>
            <FieldDefinitions>
                <FieldDefinition aspect.friendlyName="" aspect.isPrimaryKey="true" baseType="PASSWORD" description="" name="appKey" ordinal="4"/>
                <FieldDefinition aspect.defaultValue=";" aspect.isPrimaryKey="true" baseType="STRING" description="" name="csvDelimiter" ordinal="5"/>
                <FieldDefinition aspect.defaultValue="false" aspect.isPrimaryKey="true" baseType="BOOLEAN" description="" name="isSource" ordinal="6"/>
                <FieldDefinition aspect.defaultValue="BayerCSVRepository" aspect.friendlyName="" aspect.isPrimaryKey="true" aspect.thingTemplate="FileRepository" baseType="THINGNAME" description="" name="repository" ordinal="1"/>
                <FieldDefinition aspect.defaultValue="http://localhost:8080/Thingworx/Things/BayerProductionPlansParser/Services/ProcessData" aspect.friendlyName="" aspect.isPrimaryKey="true" baseType="STRING" description="" name="targetServiceUrl" ordinal="3"/>
                <FieldDefinition aspect.defaultValue="false" aspect.isPrimaryKey="true" baseType="BOOLEAN" description="If selected, will add a blank production item in case no production plan update is provided for line (line is standing-by)" name="useBlankItemIfNoDataForLine" ordinal="7"/>
            </FieldDefinitions>
        </DataShape>
    </DataShapes>
</Entities>
