<?xml version="1.0" encoding="UTF-8" standalone="no"?>
<Entities build="b222" majorVersion="8" minorVersion="5" modelPersistenceProviderPackage="PostgresPersistenceProviderPackage" revision="4" schemaVersion="1053" universal="">
    <DataShapes>
        <DataShape baseDataShape="" description="" documentationContent="" homeMashup="" lastModifiedDate="2020-08-05T17:30:18.415Z" name="BayerScheduleDataShape" projectName="BayerIoT" tags="Applications:Bayer">
            <avatar/>
            <DesignTimePermissions>
                <Create/>
                <Read>
                    <Principal isPermitted="true" name="App.BayerPerformanceDashboard" type="Group"/>
                </Read>
                <Update/>
                <Delete/>
                <Metadata/>
            </DesignTimePermissions>
            <RunTimePermissions/>
            <VisibilityPermissions>
                <Visibility>
                    <Principal isPermitted="true" name="Bayer:PerformanceDashboard" type="OrganizationalUnit"/>
                </Visibility>
            </VisibilityPermissions>
            <ConfigurationTableDefinitions/>
            <ConfigurationTables/>
            <FieldDefinitions>
                <FieldDefinition aspect.units="ms" baseType="INTEGER" description="" name="duration" ordinal="3"/>
                <FieldDefinition aspect.maximumValue="8" aspect.minimumValue="1" baseType="INTEGER" description="" name="hour" ordinal="1"/>
                <FieldDefinition aspect.defaultValue="NO" aspect.isPrimaryKey="false" baseType="STRING" description="" name="isActualPeriod" ordinal="13"/>
                <FieldDefinition baseType="STRING" description="" name="productDescription" ordinal="4"/>
                <FieldDefinition baseType="STRING" description="" name="productId" ordinal="5"/>
                <FieldDefinition aspect.isPrimaryKey="false" baseType="INTEGER" description="" name="productionPlanId" ordinal="11"/>
                <FieldDefinition aspect.isPrimaryKey="false" baseType="INTEGER" description="" name="productionPlanId_actual" ordinal="12"/>
                <FieldDefinition aspect.units="#boxes" baseType="NUMBER" description="" name="quantityProduced" ordinal="8"/>
                <FieldDefinition aspect.units="#blisters" baseType="NUMBER" description="" name="quantityProducedBlisters" ordinal="9"/>
                <FieldDefinition aspect.defaultValue="false" baseType="BOOLEAN" description="" name="quantityTargetOk" ordinal="10"/>
                <FieldDefinition aspect.units="#boxes" baseType="NUMBER" description="" name="targetQuantity" ordinal="6"/>
                <FieldDefinition aspect.units="#blisters" baseType="NUMBER" description="" name="targetQuantityBlisters" ordinal="7"/>
                <FieldDefinition baseType="DATETIME" description="" name="time" ordinal="2"/>
            </FieldDefinitions>
        </DataShape>
    </DataShapes>
</Entities>
